// fw-Patch_8800d80_u02.bin
static const uint8_t fw_patch_u02[32700] = {
  0x70, 0x47, 0x00, 0x00, 0x02, 0x4B, 0x1B, 0x68, 0x00, 0x22, 0x83, 0xF8,
  0x4E, 0x20, 0x70, 0x47, 0x10, 0xF2, 0x20, 0x00, 0x70, 0x47, 0x00, 0x00,
  0x70, 0xB5, 0x1B, 0x4B, 0x1C, 0x68, 0x1B, 0x4B, 0x1D, 0x68, 0x94, 0xF8,
  0x3F, 0x30, 0x0B, 0xBB, 0x94, 0xF8, 0x3D, 0x20, 0x18, 0x49, 0x09, 0x78,
  0x01, 0x29, 0x23, 0xD0, 0x43, 0x68, 0xC3, 0xF3, 0x04, 0x33, 0x10, 0x33,
  0x03, 0xF0, 0x1F, 0x03, 0x14, 0x49, 0x0B, 0x70, 0x12, 0x49, 0x01, 0x26,
  0x0E, 0x70, 0x02, 0xEB, 0x42, 0x02, 0x52, 0x01, 0x11, 0x4E, 0x91, 0x5B,
  0x01, 0xF4, 0x70, 0x41, 0x41, 0xEA, 0x13, 0x11, 0x91, 0x53, 0x1B, 0x03,
  0x9B, 0xB2, 0x0E, 0x49, 0x53, 0x52, 0x09, 0x4B, 0x05, 0x22, 0x1A, 0x60,
  0x0C, 0x4B, 0x98, 0x47, 0x94, 0xF8, 0x3F, 0x30, 0x0B, 0xB9, 0x05, 0x4B,
  0x1D, 0x60, 0x70, 0xBD, 0x00, 0x21, 0x04, 0x4E, 0x31, 0x70, 0x04, 0x4E,
  0x31, 0x70, 0xE0, 0xE7, 0x44, 0x20, 0x20, 0x00, 0xC8, 0x1F, 0x20, 0x00,
  0x43, 0x7F, 0x1E, 0x00, 0x48, 0x20, 0x20, 0x00, 0xEC, 0x6F, 0x61, 0x40,
  0xEA, 0x6F, 0x61, 0x40, 0xB1, 0xC1, 0x09, 0x00, 0x48, 0xB3, 0x10, 0xB5,
  0x04, 0x46, 0xB0, 0xF8, 0xAC, 0x30, 0xB0, 0xF8, 0xAE, 0x10, 0x90, 0xF8,
  0x4C, 0x20, 0x02, 0xF0, 0x1F, 0x02, 0x80, 0xF8, 0x4C, 0x20, 0x90, 0xF8,
  0x5A, 0x20, 0x52, 0xB1, 0x0B, 0x44, 0xB0, 0xF8, 0x58, 0x10, 0x5B, 0x1A,
  0x9B, 0xB2, 0x47, 0xF6, 0xFE, 0x71, 0x8B, 0x42, 0x01, 0xD8, 0x01, 0x2A,
  0x03, 0xD0, 0x20, 0x46, 0x07, 0x4B, 0x98, 0x47, 0x10, 0xBD, 0x90, 0xF8,
  0x54, 0x30, 0x00, 0x2B, 0xF7, 0xD1, 0x80, 0xF8, 0x5A, 0x30, 0x03, 0x4B,
  0x98, 0x47, 0x01, 0x23, 0x84, 0xF8, 0x5A, 0x30, 0xF2, 0xE7, 0x70, 0x47,
  0xB5, 0xD0, 0x0C, 0x00, 0x10, 0xB5, 0xEF, 0xF3, 0x10, 0x83, 0x13, 0xF0,
  0x01, 0x04, 0x00, 0xD1, 0x72, 0xB6, 0x0B, 0x4B, 0x93, 0xF8, 0x54, 0x30,
  0x02, 0x2B, 0x0C, 0xD0, 0xFB, 0xF6, 0x7A, 0xFF, 0x08, 0x4B, 0x18, 0x68,
  0x20, 0xB1, 0x03, 0xF7, 0x5D, 0xFF, 0x06, 0x4B, 0x00, 0x22, 0x1A, 0x60,
  0x04, 0xB9, 0x62, 0xB6, 0x10, 0xBD, 0x02, 0x4B, 0x01, 0x22, 0x83, 0xF8,
  0x54, 0x20, 0xED, 0xE7, 0xF0, 0x27, 0x20, 0x00, 0x38, 0x7F, 0x1E, 0x00,
  0x10, 0xB5, 0x05, 0x4C, 0x00, 0x23, 0xC4, 0xF8, 0x64, 0x34, 0x05, 0xF7,
  0xEB, 0xF9, 0x03, 0x4B, 0xC4, 0xF8, 0x64, 0x34, 0x10, 0xBD, 0x00, 0xBF,
  0x40, 0x19, 0x20, 0x00, 0x45, 0x01, 0x1E, 0x00, 0x38, 0xB5, 0x04, 0x46,
  0x3A, 0x4B, 0x3B, 0x4A, 0x1A, 0x60, 0x00, 0x23, 0x83, 0x76, 0x03, 0x7E,
  0xFE, 0x2B, 0x28, 0xBF, 0xFE, 0x23, 0x03, 0x76, 0x42, 0x7E, 0xFE, 0x2A,
  0x28, 0xBF, 0xFE, 0x22, 0x42, 0x76, 0x02, 0x68, 0x34, 0x49, 0x8A, 0x42,
  0x10, 0xD0, 0x34, 0x4B, 0x1D, 0x68, 0x15, 0xB1, 0x6B, 0x78, 0x01, 0x2B,
  0x14, 0xD0, 0x32, 0x4B, 0x9A, 0x42, 0x0D, 0xD1, 0xFE, 0x23, 0x23, 0x76,
  0x63, 0x76, 0xA3, 0x76, 0xA3, 0x7E, 0xFF, 0x2B, 0x1E, 0xD1, 0x16, 0xE0,
  0x43, 0x76, 0x83, 0x76, 0x2A, 0x4B, 0x1D, 0x68, 0x00, 0x2D, 0xEB, 0xD1,
  0x63, 0x7E, 0xFF, 0x2B, 0x0D, 0xD0, 0xF1, 0xE7, 0xE8, 0x78, 0xC5, 0xF6,
  0x01, 0xFC, 0x2B, 0x78, 0x03, 0x2B, 0x33, 0xD0, 0x22, 0x68, 0x24, 0x4B,
  0x9A, 0x42, 0xE3, 0xD0, 0x23, 0x7E, 0xFF, 0x2B, 0xEE, 0xD1, 0x22, 0x4B,
  0x9B, 0x6E, 0x42, 0xF2, 0xAF, 0x02, 0x00, 0x21, 0x20, 0x48, 0x98, 0x47,
  0xA3, 0x7F, 0xB3, 0xB9, 0x1F, 0x4B, 0x19, 0x78, 0x99, 0xB1, 0x62, 0x7F,
  0x94, 0x23, 0x03, 0xFB, 0x02, 0xF3, 0x1D, 0x4D, 0x58, 0x5B, 0xC2, 0xB2,
  0x91, 0x42, 0x28, 0xBF, 0x11, 0x46, 0x5A, 0x5B, 0x1A, 0x48, 0x00, 0x78,
  0x02, 0xF4, 0x7F, 0x42, 0x88, 0x42, 0x2C, 0xBF, 0x02, 0x43, 0x0A, 0x43,
  0x5A, 0x53, 0x1F, 0x23, 0xE3, 0x76, 0x11, 0x4D, 0x00, 0x23, 0xC5, 0xF8,
  0xBC, 0x31, 0x20, 0x46, 0xF9, 0xF6, 0x8A, 0xF8, 0x12, 0x4B, 0xC5, 0xF8,
  0xBC, 0x31, 0x38, 0xBD, 0xC8, 0x23, 0x23, 0x76, 0xEB, 0x78, 0x03, 0xEB,
  0x43, 0x03, 0x5B, 0x01, 0x0E, 0x4A, 0x1A, 0x21, 0x99, 0x52, 0x00, 0x23,
  0x80, 0xF8, 0xCF, 0x30, 0xBE, 0xE7, 0x00, 0xBF, 0x74, 0x7F, 0x1E, 0x00,
  0x04, 0x26, 0x20, 0x00, 0x09, 0x44, 0x0A, 0x00, 0x50, 0x20, 0x20, 0x00,
  0xB5, 0xF2, 0x0C, 0x00, 0x40, 0x19, 0x20, 0x00, 0xF4, 0x7A, 0x1E, 0x00,
  0x44, 0x7F, 0x1E, 0x00, 0xEE, 0x02, 0x61, 0x40, 0x45, 0x7F, 0x1E, 0x00,
  0x65, 0x01, 0x1E, 0x00, 0x00, 0x70, 0x61, 0x40, 0x38, 0xB5, 0x04, 0x46,
  0x30, 0xF8, 0x08, 0x2C, 0x41, 0xF2, 0x06, 0x13, 0x9A, 0x42, 0x01, 0xD1,
  0x43, 0x88, 0x53, 0xB1, 0x11, 0x4D, 0x00, 0x23, 0xC5, 0xF8, 0x88, 0x31,
  0x20, 0x46, 0xFB, 0xF6, 0xA9, 0xF8, 0x0F, 0x4B, 0xC5, 0xF8, 0x88, 0x31,
  0x38, 0xBD, 0x40, 0x68, 0x40, 0xB1, 0x23, 0x88, 0xC3, 0xF3, 0x0B, 0x03,
  0x1B, 0x2B, 0x08, 0xD9, 0x80, 0x3B, 0x9B, 0xB2, 0x06, 0x2B, 0x08, 0xD9,
  0xA4, 0xF1, 0x0C, 0x00, 0x03, 0xF7, 0x55, 0xFD, 0xEE, 0xE7, 0x80, 0xB2,
  0xCA, 0xF6, 0xB0, 0xFC, 0xF6, 0xE7, 0x80, 0xB2, 0xA0, 0xF6, 0xB4, 0xF8,
  0xF2, 0xE7, 0x00, 0xBF, 0x40, 0x19, 0x20, 0x00, 0x85, 0x02, 0x1E, 0x00,
  0x38, 0xB5, 0x3F, 0x4D, 0x2C, 0x6D, 0x00, 0x23, 0x2B, 0x65, 0x20, 0x46,
  0x2D, 0xF0, 0x76, 0xF9, 0x01, 0x23, 0x85, 0xF8, 0x54, 0x30, 0xA3, 0x88,
  0xB3, 0xF5, 0x88, 0x5F, 0x10, 0xD0, 0xA2, 0x88, 0x41, 0xF2, 0x08, 0x13,
  0x9A, 0x42, 0x28, 0xD0, 0xA0, 0x88, 0xA0, 0xF5, 0x88, 0x53, 0x08, 0x2B,
  0x5D, 0xD8, 0xDF, 0xE8, 0x03, 0xF0, 0x32, 0x32, 0x32, 0x32, 0x4D, 0x32,
  0x27, 0x42, 0x32, 0x00, 0x63, 0x89, 0x4F, 0xF6, 0x49, 0x42, 0x93, 0x42,
  0x0D, 0xD0, 0x4F, 0xF6, 0x66, 0x42, 0x93, 0x42, 0xEA, 0xD1, 0x2C, 0x4A,
  0x13, 0x68, 0x13, 0xF4, 0x80, 0x2F, 0xFB, 0xD0, 0x2A, 0x4B, 0x18, 0x78,
  0x0B, 0xF7, 0x40, 0xF9, 0xDB, 0xE7, 0x23, 0x7B, 0xBB, 0xB9, 0x26, 0x4A,
  0x13, 0x68, 0x13, 0xF4, 0x80, 0x2F, 0xFB, 0xD0, 0x0B, 0xF7, 0x16, 0xF9,
  0xD1, 0xE7, 0x04, 0xF1, 0x0C, 0x00, 0x2E, 0xF0, 0x49, 0xFB, 0xD1, 0xE7,
  0xA3, 0x89, 0xC3, 0xF3, 0x0B, 0x03, 0x1B, 0x2B, 0x0D, 0xD9, 0x80, 0x3B,
  0x9B, 0xB2, 0x06, 0x2B, 0x0D, 0xD9, 0xFD, 0xF6, 0x79, 0xFA, 0x20, 0x46,
  0x03, 0xF7, 0xF7, 0xFC, 0x1A, 0x4B, 0xD3, 0xF8, 0x7C, 0x36, 0x98, 0x47,
  0x38, 0xBD, 0x20, 0x8A, 0xCA, 0xF6, 0x4E, 0xFC, 0xF1, 0xE7, 0x20, 0x8A,
  0xA0, 0xF6, 0x52, 0xF8, 0xED, 0xE7, 0xA0, 0x89, 0xC0, 0xF3, 0x03, 0x20,
  0x01, 0x38, 0x21, 0x8A, 0xC0, 0xB2, 0x2D, 0xF0, 0xED, 0xF8, 0xFD, 0xF6,
  0x69, 0xFA, 0xE4, 0xE7, 0xA3, 0x89, 0x03, 0xF4, 0x70, 0x63, 0x33, 0xB9,
  0x0C, 0x4B, 0x9B, 0x6E, 0x42, 0xF6, 0x57, 0x22, 0x00, 0x21, 0x0B, 0x48,
  0x98, 0x47, 0xA0, 0x69, 0xFA, 0xF6, 0x30, 0xFC, 0xD5, 0xE7, 0x07, 0x4B,
  0xDD, 0x6E, 0x42, 0xF6, 0x60, 0x23, 0x00, 0x22, 0x11, 0x46, 0xA8, 0x47,
  0xCD, 0xE7, 0x00, 0xBF, 0xF0, 0x27, 0x20, 0x00, 0x20, 0x00, 0x6B, 0x40,
  0xE4, 0x1F, 0x20, 0x00, 0x40, 0x19, 0x20, 0x00, 0xF8, 0x7A, 0x1E, 0x00,
  0x10, 0xB5, 0x04, 0x46, 0x01, 0x23, 0x80, 0xF8, 0x4E, 0x30, 0xC2, 0xF6,
  0x4D, 0xFF, 0x20, 0xB1, 0x62, 0x6C, 0x41, 0xF6, 0x4B, 0x53, 0x9A, 0x42,
  0x03, 0xD8, 0x0E, 0x4B, 0xD9, 0x1D, 0x01, 0x20, 0x0E, 0xE0, 0x20, 0x46,
  0xC3, 0xF6, 0xE2, 0xF9, 0x00, 0xF1, 0x0C, 0x03, 0x23, 0xF0, 0x70, 0x43,
  0x63, 0x60, 0x40, 0xF6, 0xC4, 0x13, 0x63, 0x64, 0x63, 0x61, 0xEE, 0xE7,
  0x8B, 0x42, 0x05, 0xD0, 0x13, 0xF8, 0x01, 0x2F, 0x00, 0x2A, 0xF9, 0xD0,
  0x18, 0x70, 0xF7, 0xE7, 0x20, 0x46, 0x09, 0xF7, 0x8F, 0xFE, 0x10, 0xBD,
  0x07, 0xF2, 0x20, 0x00, 0x2D, 0xE9, 0xF0, 0x41, 0x04, 0x46, 0x49, 0x4B,
  0x53, 0xF8, 0x20, 0x70, 0x48, 0x48, 0x38, 0x62, 0x53, 0xF8, 0x24, 0x60,
  0x96, 0xF8, 0xDE, 0x30, 0x13, 0xB9, 0x01, 0x23, 0x86, 0xF8, 0xDE, 0x30,
  0x44, 0x4B, 0x1B, 0x68, 0x03, 0x2B, 0x40, 0xD0, 0x43, 0x4B, 0x1B, 0x78,
  0x00, 0x2B, 0x6A, 0xD0, 0x41, 0x4B, 0x00, 0x20, 0x18, 0x70, 0x01, 0x25,
  0xB6, 0xF8, 0xB6, 0x30, 0x13, 0xF0, 0x02, 0x0F, 0x03, 0xD0, 0x96, 0xF8,
  0xC7, 0x30, 0x01, 0x2B, 0x5F, 0xD0, 0x96, 0xF8, 0xAE, 0x00, 0xBB, 0x7E,
  0x03, 0xEB, 0xC0, 0x03, 0xDB, 0xB2, 0x98, 0x2B, 0x28, 0xBF, 0x98, 0x23,
  0xBB, 0x76, 0xDF, 0xF8, 0xF4, 0x80, 0x00, 0x23, 0xC8, 0xF8, 0xD0, 0x34,
  0x20, 0x46, 0xED, 0xF6, 0x07, 0xF8, 0x33, 0x4B, 0xC8, 0xF8, 0xD0, 0x34,
  0xD6, 0xF8, 0x80, 0x30, 0x3C, 0x33, 0xC6, 0xF8, 0x80, 0x30, 0x7B, 0x69,
  0x2F, 0x4A, 0xA2, 0xFB, 0x03, 0x23, 0x5B, 0x0A, 0x01, 0x33, 0x9B, 0xB2,
  0x2D, 0x4A, 0x04, 0xEB, 0xC4, 0x01, 0x02, 0xEB, 0xC1, 0x01, 0xA1, 0xF8,
  0x96, 0x30, 0xA1, 0xF8, 0x94, 0x30, 0x15, 0xB1, 0x25, 0x4B, 0x01, 0x22,
  0x1A, 0x70, 0xBD, 0xE8, 0xF0, 0x81, 0xD6, 0xF8, 0x98, 0x30, 0x47, 0x2B,
  0xBA, 0xD8, 0xB6, 0xF8, 0xB6, 0x00, 0x10, 0xF0, 0x02, 0x0F, 0x31, 0xD0,
  0x22, 0x4D, 0xD5, 0xF8, 0x00, 0xC0, 0x22, 0x4D, 0x2D, 0x68, 0x5C, 0xEA,
  0x05, 0x05, 0x23, 0xD0, 0x96, 0xF8, 0x5A, 0x50, 0x05, 0xBB, 0x10, 0xF0,
  0x08, 0x0F, 0x1D, 0xD1, 0x03, 0xEB, 0x43, 0x03, 0xF0, 0x6F, 0x03, 0x44,
  0x23, 0xF0, 0x70, 0x43, 0xF3, 0x67, 0xB6, 0xF8, 0xAE, 0x30, 0x03, 0x33,
  0xA6, 0xF8, 0xAE, 0x30, 0x17, 0x4B, 0x93, 0xF8, 0x34, 0x30, 0xBB, 0x76,
  0x0E, 0x4B, 0x05, 0x20, 0x18, 0x60, 0x40, 0xF2, 0x53, 0x73, 0x7B, 0x61,
  0x90, 0xE7, 0x00, 0x25, 0x96, 0xE7, 0x11, 0x4B, 0x93, 0xF8, 0x30, 0x30,
  0xBB, 0x76, 0x9A, 0xE7, 0x08, 0x4B, 0x1B, 0x78, 0x00, 0x2B, 0x89, 0xD1,
  0x00, 0x25, 0x90, 0xE7, 0x05, 0x4B, 0x1B, 0x78, 0x00, 0x2B, 0x83, 0xD1,
  0x00, 0x25, 0x8E, 0xE7, 0x14, 0x25, 0x20, 0x00, 0xA5, 0x00, 0x1E, 0x00,
  0xAC, 0x7E, 0x1E, 0x00, 0x1E, 0x2D, 0x20, 0x00, 0x55, 0x04, 0x1E, 0x00,
  0x59, 0x17, 0xB7, 0xD1, 0xFC, 0x36, 0x20, 0x00, 0x40, 0x20, 0x20, 0x00,
  0x30, 0x7F, 0x1E, 0x00, 0x2C, 0x58, 0x0F, 0x00, 0x40, 0x19, 0x20, 0x00,
  0x10, 0xB5, 0x04, 0x46, 0x00, 0x21, 0xD7, 0xF6, 0x43, 0xFC, 0xC2, 0x89,
  0x00, 0xF1, 0x08, 0x01, 0x20, 0x46, 0xEE, 0xF6, 0x05, 0xFA, 0x02, 0x4B,
  0x02, 0x22, 0x1A, 0x70, 0x10, 0xBD, 0x00, 0xBF, 0xA4, 0xF0, 0x20, 0x00,
  0x30, 0xB5, 0x85, 0xB0, 0x04, 0x46, 0x00, 0x21, 0xD7, 0xF6, 0x30, 0xFC,
  0x03, 0x8D, 0x42, 0x8C, 0x90, 0xF8, 0x26, 0x10, 0x85, 0x8C, 0x02, 0x95,
  0xC5, 0x89, 0x01, 0x95, 0x80, 0x89, 0x00, 0x90, 0x20, 0x46, 0xEE, 0xF6,
  0x1D, 0xF9, 0x05, 0xB0, 0x30, 0xBD, 0x08, 0xB5, 0xEF, 0xF3, 0x10, 0x83,
  0x13, 0xF0, 0x01, 0x0F, 0x06, 0xD1, 0x72, 0xB6, 0x4F, 0xF4, 0xE4, 0x73,
  0x1B, 0x68, 0x98, 0x47, 0x62, 0xB6, 0x08, 0xBD, 0x4F, 0xF4, 0xE4, 0x73,
  0x1B, 0x68, 0x98, 0x47, 0xF9, 0xE7, 0x00, 0x00, 0x30, 0xB5, 0x83, 0xB0,
  0x51, 0x4B, 0x1B, 0x68, 0x13, 0xB9, 0x50, 0x4B, 0x05, 0x22, 0x1A, 0x60,
  0x4F, 0x4B, 0x1B, 0x78, 0x13, 0xF0, 0x02, 0x0F, 0x6B, 0xD0, 0x4E, 0x4B,
  0x01, 0x22, 0x83, 0xF8, 0xD9, 0x22, 0x0A, 0xF7, 0x7D, 0xFA, 0x4C, 0x4B,
  0x1B, 0x68, 0x01, 0x2B, 0x02, 0xD0, 0x4A, 0x4B, 0x02, 0x22, 0x1A, 0x60,
  0x47, 0x4C, 0x48, 0x4B, 0x1B, 0x68, 0x84, 0xF8, 0xB2, 0x32, 0x00, 0x25,
  0x84, 0xF8, 0x70, 0x52, 0x0D, 0x23, 0x84, 0xF8, 0xBB, 0x32, 0x84, 0xF8,
  0xBC, 0x32, 0x43, 0x4B, 0x1B, 0x68, 0x1A, 0x0A, 0x84, 0xF8, 0x6C, 0x22,
  0x84, 0xF8, 0x6D, 0x32, 0x10, 0x23, 0x84, 0xF8, 0x6F, 0x32, 0x84, 0xF8,
  0xD8, 0x52, 0xA4, 0xF8, 0x2E, 0x51, 0x08, 0x22, 0x29, 0x46, 0x04, 0xF5,
  0x98, 0x70, 0x0E, 0xF7, 0xFF, 0xFD, 0x84, 0xF8, 0xED, 0x52, 0x84, 0xF8,
  0xEE, 0x52, 0xD4, 0xF8, 0x18, 0x31, 0x43, 0xF0, 0x08, 0x03, 0xC4, 0xF8,
  0x18, 0x31, 0xFF, 0x23, 0x84, 0xF8, 0xD4, 0x32, 0x50, 0x23, 0xA4, 0xF8,
  0xC6, 0x32, 0x94, 0xF8, 0xB8, 0x32, 0x23, 0xF0, 0x42, 0x03, 0x84, 0xF8,
  0xB8, 0x32, 0x01, 0x23, 0x84, 0xF8, 0xEA, 0x32, 0x2D, 0x4B, 0x1B, 0x68,
  0xAB, 0x42, 0x28, 0xDB, 0x28, 0x4C, 0x09, 0x23, 0x84, 0xF8, 0xE8, 0x32,
  0x00, 0x23, 0x84, 0xF8, 0xD3, 0x32, 0x01, 0x23, 0x84, 0xF8, 0xD6, 0x32,
  0x27, 0x4A, 0x13, 0x78, 0x43, 0xF0, 0x20, 0x03, 0x13, 0x70, 0x18, 0x22,
  0x25, 0x49, 0x04, 0xF2, 0x55, 0x10, 0x0E, 0xF7, 0xC7, 0xFC, 0x30, 0x22,
  0x23, 0x49, 0x04, 0xF2, 0x6D, 0x10, 0x0E, 0xF7, 0xC1, 0xFC, 0x23, 0x68,
  0xB3, 0xF1, 0xFF, 0x3F, 0x0D, 0xD0, 0x03, 0xB0, 0x30, 0xBD, 0xFF, 0xF7,
  0x72, 0xFF, 0x1E, 0x4B, 0x03, 0x44, 0x16, 0x4A, 0xC2, 0xF8, 0x14, 0x31,
  0x8B, 0xE7, 0x01, 0x22, 0x84, 0xF8, 0xE9, 0x22, 0xD2, 0xE7, 0xA2, 0x88,
  0x4F, 0xF6, 0xFF, 0x73, 0x9A, 0x42, 0xEC, 0xD1, 0x17, 0x48, 0x02, 0xF7,
  0x2B, 0xFE, 0x17, 0x4B, 0x93, 0xE8, 0x03, 0x00, 0x00, 0x90, 0xAD, 0xF8,
  0x04, 0x10, 0x6B, 0x46, 0x22, 0x46, 0x0D, 0xF1, 0x06, 0x00, 0x13, 0xF8,
  0x01, 0x1B, 0x02, 0xF8, 0x01, 0x1B, 0x83, 0x42, 0xF9, 0xD1, 0x06, 0x4C,
  0x94, 0xE8, 0x03, 0x00, 0xB9, 0xF6, 0x5A, 0xFC, 0x20, 0x46, 0xCA, 0xF6,
  0xCF, 0xFF, 0xD0, 0xE7, 0xC8, 0x1F, 0x20, 0x00, 0xF0, 0x30, 0x20, 0x00,
  0x34, 0x2D, 0x20, 0x00, 0xC4, 0x1F, 0x20, 0x00, 0xE0, 0x1F, 0x20, 0x00,
  0x00, 0x00, 0x50, 0x40, 0xD4, 0x09, 0x20, 0x00, 0xB4, 0x7E, 0x1E, 0x00,
  0xCC, 0x7E, 0x1E, 0x00, 0x12, 0xC0, 0xFF, 0x03, 0x3C, 0x7B, 0x1E, 0x00,
  0x4C, 0x7B, 0x1E, 0x00, 0x02, 0x4B, 0x18, 0x6A, 0x00, 0xF0, 0x01, 0x00,
  0x70, 0x47, 0x00, 0xBF, 0x00, 0x00, 0x10, 0x40, 0x08, 0xB5, 0x01, 0x28,
  0x05, 0xD0, 0x2F, 0x4A, 0x13, 0x68, 0x23, 0xF0, 0x7C, 0x53, 0x13, 0x60,
  0x57, 0xE0, 0x2D, 0x4B, 0x1B, 0x78, 0x13, 0xF0, 0x02, 0x0F, 0x06, 0xD0,
  0x2B, 0x4A, 0x93, 0x68, 0x23, 0xF4, 0x00, 0x63, 0x23, 0xF0, 0x02, 0x03,
  0x93, 0x60, 0x0A, 0xF7, 0x09, 0xF8, 0x05, 0x28, 0xE9, 0xD1, 0x27, 0x4A,
  0x13, 0x68, 0x43, 0xF4, 0x80, 0x33, 0x13, 0x60, 0x25, 0x4A, 0x13, 0x68,
  0x00, 0x2B, 0xFC, 0xD0, 0x24, 0x4A, 0x13, 0x68, 0x23, 0xF0, 0x02, 0x03,
  0x13, 0x60, 0x21, 0x4B, 0x01, 0x22, 0x1A, 0x60, 0x1B, 0x4A, 0x13, 0x68,
  0x23, 0xF0, 0x7C, 0x53, 0x43, 0xF0, 0x40, 0x53, 0x13, 0x60, 0x1A, 0x4B,
  0x9B, 0x68, 0x13, 0xF4, 0x00, 0x3F, 0x18, 0xD1, 0x17, 0x4B, 0x1B, 0x6B,
  0x13, 0xF0, 0x02, 0x0F, 0x13, 0xD1, 0x19, 0x4A, 0xD2, 0xF8, 0x00, 0x31,
  0x43, 0xF0, 0x08, 0x03, 0xC2, 0xF8, 0x00, 0x31, 0x02, 0xF5, 0xC0, 0x42,
  0x93, 0x68, 0x23, 0xF4, 0x80, 0x23, 0x43, 0xF4, 0x00, 0x33, 0x93, 0x60,
  0x13, 0x6B, 0x03, 0xF0, 0x22, 0x03, 0x02, 0x2B, 0xFA, 0xD1, 0x10, 0x4B,
  0x1A, 0x68, 0x42, 0xF4, 0x00, 0x02, 0x1A, 0x60, 0x1A, 0x68, 0x42, 0xF4,
  0x80, 0x02, 0x1A, 0x60, 0x04, 0x3B, 0x1A, 0x68, 0x42, 0xF0, 0x80, 0x02,
  0x1A, 0x60, 0x1A, 0x68, 0x42, 0xF0, 0x40, 0x02, 0x1A, 0x60, 0x08, 0xBD,
  0x0C, 0x00, 0x58, 0x40, 0xF0, 0x30, 0x20, 0x00, 0x00, 0x60, 0x50, 0x40,
  0x0C, 0x20, 0x62, 0x40, 0x40, 0x52, 0x03, 0x40, 0x18, 0x00, 0x58, 0x40,
  0x00, 0x00, 0x50, 0x40, 0x04, 0x40, 0x34, 0x40, 0x08, 0xB5, 0x4F, 0xF4,
  0xDC, 0x73, 0x1B, 0x68, 0x60, 0x22, 0x00, 0x21, 0x01, 0x48, 0x98, 0x47,
  0x08, 0xBD, 0x00, 0xBF, 0xA8, 0x10, 0x00, 0x70, 0x30, 0xB5, 0x89, 0xB0,
  0x71, 0x4B, 0x1B, 0x68, 0x19, 0x0E, 0x71, 0x4A, 0x11, 0x70, 0x1B, 0x0C,
  0x70, 0x4A, 0x13, 0x70, 0x70, 0x4B, 0x1A, 0x68, 0x22, 0xF0, 0x08, 0x02,
  0x1A, 0x60, 0x1A, 0x68, 0x22, 0xF0, 0x01, 0x02, 0x1A, 0x60, 0x1A, 0x68,
  0x22, 0xF0, 0x20, 0x02, 0x1A, 0x60, 0x6B, 0x4B, 0x93, 0xF8, 0xB2, 0x32,
  0x02, 0x2B, 0x00, 0xF0, 0x98, 0x80, 0x69, 0x4B, 0x1B, 0x68, 0x05, 0x2B,
  0x0C, 0xBF, 0x01, 0x20, 0x00, 0x20, 0x2B, 0xF0, 0xE1, 0xFB, 0x64, 0x4B,
  0x93, 0xF8, 0x6C, 0x32, 0x04, 0x93, 0x64, 0x4B, 0x1B, 0x68, 0x03, 0x93,
  0x63, 0x4B, 0x1B, 0x68, 0x02, 0x93, 0x63, 0x4B, 0x1B, 0x68, 0x01, 0x93,
  0x62, 0x4B, 0x1B, 0x68, 0x00, 0x93, 0x62, 0x4B, 0x1B, 0x68, 0x62, 0x4A,
  0x12, 0x68, 0x5B, 0x49, 0x09, 0x68, 0x61, 0x48, 0x02, 0xF7, 0x36, 0xFD,
  0x60, 0x49, 0x61, 0x48, 0x02, 0xF7, 0x32, 0xFD, 0x60, 0x4B, 0x1B, 0x68,
  0xC3, 0xF3, 0x07, 0x43, 0x03, 0xF0, 0xC0, 0x03, 0xC0, 0x2B, 0x6F, 0xD0,
  0x2B, 0xF0, 0x28, 0xFB, 0x5C, 0x4B, 0x1B, 0x78, 0x13, 0xF0, 0x10, 0x0F,
  0x04, 0xD1, 0x5B, 0x4A, 0x13, 0x68, 0x23, 0xF4, 0x80, 0x43, 0x13, 0x60,
  0x4B, 0x4B, 0x93, 0xF8, 0xDD, 0x32, 0x43, 0xF4, 0x80, 0x73, 0x54, 0x4A,
  0x53, 0x66, 0x06, 0x23, 0xC2, 0xF8, 0x00, 0x31, 0x54, 0x4B, 0x1A, 0x68,
  0x51, 0x4B, 0x1B, 0x78, 0x13, 0xF0, 0x02, 0x0F, 0x55, 0xD0, 0x02, 0x2A,
  0x06, 0xD0, 0x4D, 0x4B, 0x4F, 0xF4, 0x81, 0x72, 0x5A, 0x66, 0x10, 0x33,
  0x02, 0x22, 0x1A, 0x60, 0x0A, 0xF7, 0xE4, 0xFE, 0x48, 0x4B, 0x1B, 0x68,
  0xC3, 0xF3, 0x07, 0x43, 0x03, 0xF0, 0xC0, 0x03, 0xC0, 0x2B, 0x48, 0xD0,
  0x44, 0x49, 0x4A, 0x6E, 0xD2, 0xB2, 0x47, 0x4B, 0x1B, 0x68, 0xB3, 0xFB,
  0xF2, 0xF3, 0x46, 0x4A, 0xA2, 0xFB, 0x03, 0x23, 0x9B, 0x0C, 0x43, 0xF4,
  0xA0, 0x10, 0x44, 0x4A, 0x10, 0x60, 0x43, 0xF0, 0x00, 0x43, 0x43, 0xF4,
  0xA0, 0x13, 0x13, 0x60, 0x10, 0x60, 0x41, 0x4C, 0x63, 0x68, 0x43, 0xF4,
  0xC0, 0x33, 0x43, 0xF0, 0x02, 0x03, 0x07, 0x93, 0x63, 0x60, 0x08, 0x23,
  0xC1, 0xF8, 0x44, 0x31, 0x23, 0x68, 0x43, 0xF0, 0x02, 0x03, 0x23, 0x60,
  0x63, 0x6D, 0x43, 0xF0, 0x02, 0x03, 0x63, 0x65, 0x0B, 0xF7, 0x88, 0xFA,
  0x05, 0x46, 0xC0, 0x22, 0x36, 0x49, 0x37, 0x48, 0x0E, 0xF7, 0x46, 0xFB,
  0x20, 0x22, 0x36, 0x49, 0x36, 0x48, 0x0E, 0xF7, 0x41, 0xFB, 0xE3, 0x6D,
  0x13, 0xF0, 0x02, 0x0F, 0x1B, 0xD0, 0x09, 0xB0, 0x30, 0xBD, 0x33, 0x4B,
  0x43, 0xF6, 0x01, 0x62, 0x1A, 0x60, 0x62, 0xE7, 0xFF, 0xF7, 0x38, 0xFF,
  0x8C, 0xE7, 0x30, 0x4B, 0x1B, 0x6A, 0x13, 0xF0, 0x01, 0x0F, 0xAF, 0xD0,
  0xA3, 0xE7, 0x21, 0x4B, 0x1B, 0x78, 0x13, 0xF0, 0x08, 0x0F, 0xB1, 0xD1,
  0x20, 0x4B, 0x1A, 0x68, 0x06, 0x22, 0x1A, 0x60, 0x0A, 0xF7, 0x88, 0xFE,
  0xAA, 0xE7, 0x00, 0x22, 0x11, 0x46, 0x28, 0x46, 0x2B, 0xF0, 0x08, 0xF8,
  0x07, 0xA8, 0x2B, 0xF0, 0xAB, 0xF8, 0x24, 0x49, 0x24, 0x4B, 0x0B, 0x60,
  0x00, 0x23, 0x01, 0x93, 0x00, 0x93, 0x04, 0x22, 0x28, 0x46, 0x0C, 0xF7,
  0x71, 0xFD, 0x07, 0x99, 0x28, 0x46, 0x2B, 0xF0, 0x25, 0xF9, 0xCC, 0xE7,
  0xE0, 0x1F, 0x20, 0x00, 0x44, 0x7F, 0x1E, 0x00, 0x45, 0x7F, 0x1E, 0x00,
  0x14, 0x03, 0x60, 0x40, 0x34, 0x2D, 0x20, 0x00, 0xC8, 0x1F, 0x20, 0x00,
  0xDC, 0x1F, 0x20, 0x00, 0xE8, 0x1F, 0x20, 0x00, 0xE4, 0x1F, 0x20, 0x00,
  0xD4, 0x1F, 0x20, 0x00, 0xC4, 0x1F, 0x20, 0x00, 0xCC, 0x1F, 0x20, 0x00,
  0x54, 0x7B, 0x1E, 0x00, 0x7C, 0x7F, 0x1E, 0x00, 0x74, 0x7B, 0x1E, 0x00,
  0x00, 0x00, 0x50, 0x40, 0xF0, 0x30, 0x20, 0x00, 0x0C, 0x90, 0x50, 0x40,
  0x10, 0x00, 0x50, 0x40, 0x94, 0x12, 0x20, 0x00, 0x83, 0xDE, 0x1B, 0x43,
  0x08, 0x00, 0x58, 0x40, 0x00, 0x60, 0x50, 0x40, 0xC0, 0xEF, 0x20, 0x00,
  0x9C, 0x12, 0x20, 0x00, 0x80, 0xF0, 0x20, 0x00, 0x5C, 0x13, 0x20, 0x00,
  0x24, 0x00, 0x6B, 0x40, 0x00, 0x00, 0x10, 0x40, 0x98, 0x12, 0x20, 0x00,
  0x03, 0x42, 0x5A, 0x0A, 0x2D, 0xE9, 0xF0, 0x47, 0x84, 0xB0, 0x0C, 0x46,
  0x15, 0x46, 0x1E, 0x46, 0xAE, 0x4B, 0xD3, 0xF8, 0x90, 0x80, 0xAE, 0x4B,
  0x93, 0xF9, 0x55, 0x30, 0x00, 0x2B, 0x53, 0xDB, 0x40, 0xF6, 0x35, 0x43,
  0x9C, 0x42, 0x05, 0xD0, 0xA9, 0x4A, 0x92, 0xF8, 0x55, 0x30, 0x01, 0x3B,
  0x82, 0xF8, 0x55, 0x30, 0xB8, 0xF1, 0x00, 0x0F, 0x00, 0xF0, 0x32, 0x81,
  0xA4, 0x4B, 0x93, 0xF9, 0x55, 0x30, 0x00, 0x2B, 0xC0, 0xF2, 0x23, 0x81,
  0x40, 0x46, 0xFC, 0xF6, 0xB5, 0xFD, 0x82, 0x46, 0x1F, 0xFA, 0x85, 0xF9,
  0x33, 0x46, 0x22, 0x46, 0x49, 0x46, 0xFC, 0xF6, 0xB1, 0xFD, 0x07, 0x46,
  0x9C, 0x4B, 0x93, 0xF8, 0xE9, 0x32, 0x00, 0x2B, 0x55, 0xD1, 0x40, 0xF6,
  0x63, 0x43, 0x9C, 0x42, 0x51, 0xD0, 0x37, 0xD8, 0x40, 0xF6, 0x35, 0x43,
  0x9C, 0x42, 0x2D, 0xD8, 0xB4, 0xF5, 0x40, 0x6F, 0x40, 0xF2, 0x9A, 0x80,
  0xA4, 0xF6, 0x01, 0x43, 0x34, 0x2B, 0x00, 0xF2, 0x95, 0x80, 0xDF, 0xE8,
  0x03, 0xF0, 0x42, 0x93, 0x42, 0x93, 0x93, 0x93, 0x93, 0x93, 0x93, 0x93,
  0x93, 0x93, 0x93, 0x93, 0x93, 0x93, 0x93, 0x93, 0x93, 0x93, 0x42, 0x42,
  0x93, 0x93, 0x93, 0x93, 0x93, 0x93, 0x93, 0x93, 0x93, 0x93, 0x93, 0x93,
  0x93, 0x93, 0x93, 0x93, 0x93, 0x93, 0x93, 0x93, 0x93, 0x93, 0x93, 0x93,
  0x93, 0x93, 0x42, 0x93, 0x42, 0x93, 0x42, 0x00, 0x83, 0x4B, 0x9B, 0x6E,
  0x41, 0xF2, 0xB5, 0x42, 0x00, 0x21, 0x82, 0x48, 0x98, 0x47, 0xA3, 0xE7,
  0xA4, 0xF6, 0x48, 0x43, 0x9B, 0xB2, 0x01, 0x2B, 0x6A, 0xD8, 0x18, 0xE0,
  0x41, 0xF6, 0x0D, 0x03, 0x9C, 0x42, 0x5F, 0xD8, 0x41, 0xF6, 0x0B, 0x03,
  0x9C, 0x42, 0x10, 0xD8, 0x41, 0xF2, 0x01, 0x03, 0x9C, 0x42, 0x0C, 0xD0,
  0x06, 0xD9, 0xA4, 0xF5, 0x80, 0x53, 0x0D, 0x3B, 0x9B, 0xB2, 0x02, 0x2B,
  0x56, 0xD8, 0x04, 0xE0, 0xA4, 0xF6, 0x82, 0x43, 0x9B, 0xB2, 0x01, 0x2B,
  0x50, 0xD8, 0xFF, 0x2F, 0x00, 0xF0, 0xB2, 0x80, 0x00, 0x23, 0xAD, 0xF8,
  0x0E, 0x30, 0x00, 0x2D, 0x00, 0xF0, 0xC8, 0x80, 0xCD, 0xF8, 0x00, 0x90,
  0x0D, 0xF1, 0x0E, 0x03, 0x32, 0x46, 0x00, 0x21, 0x40, 0x46, 0xFC, 0xF6,
  0x81, 0xFC, 0x05, 0x46, 0x01, 0x28, 0x50, 0xD0, 0xBD, 0xF8, 0x0E, 0x30,
  0x22, 0x46, 0x39, 0x46, 0x41, 0xF2, 0x05, 0x10, 0x03, 0xF7, 0x52, 0xF8,
  0x07, 0x46, 0x45, 0xB1, 0x60, 0x4B, 0xD3, 0xF8, 0x6C, 0xA0, 0x41, 0xF2,
  0x1E, 0x53, 0x00, 0x22, 0x21, 0x46, 0x28, 0x46, 0xD0, 0x47, 0x00, 0x2F,
  0x42, 0xD0, 0xBD, 0xF8, 0x0E, 0x30, 0x00, 0x2B, 0x45, 0xD1, 0x45, 0xB1,
  0x58, 0x4B, 0xD3, 0xF8, 0x6C, 0x80, 0x41, 0xF2, 0x2D, 0x53, 0x00, 0x22,
  0x21, 0x46, 0x28, 0x46, 0xC0, 0x47, 0xA2, 0xF6, 0x71, 0xFB, 0x01, 0x28,
  0x0A, 0xD1, 0x40, 0xF6, 0x35, 0x43, 0x9C, 0x42, 0x47, 0xD8, 0xB4, 0xF5,
  0x43, 0x6F, 0x3B, 0xD8, 0x40, 0xF6, 0x03, 0x43, 0x9C, 0x42, 0x4A, 0xD1,
  0x38, 0x46, 0x03, 0xF7, 0x49, 0xF8, 0x76, 0xE0, 0x24, 0xF0, 0x02, 0x03,
  0x4F, 0xF6, 0x70, 0x42, 0x93, 0x42, 0xAE, 0xD0, 0xBA, 0xF1, 0x00, 0x0F,
  0x0F, 0xD0, 0xBA, 0xF1, 0x07, 0x0F, 0xA8, 0xD8, 0x01, 0x22, 0x02, 0xFA,
  0x0A, 0xF2, 0x12, 0xF0, 0x91, 0x0F, 0xA2, 0xD0, 0x33, 0x46, 0x01, 0x22,
  0x21, 0x46, 0x40, 0x46, 0xFC, 0xF6, 0x6A, 0xFC, 0x5D, 0xE0, 0x03, 0x27,
  0x9C, 0xE7, 0x00, 0x23, 0x12, 0x22, 0x21, 0x46, 0x40, 0x46, 0xFC, 0xF6,
  0x61, 0xFC, 0x54, 0xE0, 0x00, 0x23, 0x07, 0x22, 0x21, 0x46, 0x40, 0x46,
  0xFC, 0xF6, 0x5A, 0xFC, 0x4D, 0xE0, 0xCD, 0xF8, 0x00, 0x90, 0x0D, 0xF1,
  0x0E, 0x03, 0x32, 0x46, 0x39, 0x46, 0x40, 0x46, 0xFC, 0xF6, 0x16, 0xFC,
  0x05, 0x46, 0xAE, 0xE7, 0xA4, 0xF6, 0x31, 0x42, 0x91, 0xB2, 0x01, 0x22,
  0x8A, 0x40, 0x12, 0xF0, 0x15, 0x0F, 0xBF, 0xD1, 0x09, 0xE0, 0x41, 0xF2,
  0x05, 0x03, 0x9C, 0x42, 0xBA, 0xD0, 0x04, 0xF5, 0x67, 0x43, 0xFF, 0x33,
  0x9B, 0xB2, 0x01, 0x2B, 0xB4, 0xD9, 0xFF, 0x23, 0x19, 0x22, 0x00, 0x21,
  0x41, 0xF2, 0x02, 0x10, 0x02, 0xF7, 0xD6, 0xFF, 0x05, 0x46, 0x04, 0x70,
  0x24, 0x0A, 0x44, 0x70, 0xBD, 0xF8, 0x0E, 0x20, 0x82, 0x70, 0x31, 0x46,
  0x03, 0x30, 0x0E, 0xF7, 0x9F, 0xF9, 0x28, 0x46, 0xFA, 0xF6, 0x54, 0xFB,
  0x1A, 0x4B, 0x93, 0xF9, 0x55, 0x30, 0x04, 0x2B, 0x03, 0xDC, 0x01, 0x33,
  0x17, 0x4A, 0x82, 0xF8, 0x55, 0x30, 0xA7, 0xF1, 0x0C, 0x00, 0x03, 0xF7,
  0x06, 0xF8, 0x0C, 0xE0, 0x33, 0x46, 0x02, 0x22, 0x21, 0x46, 0x40, 0x46,
  0xFC, 0xF6, 0x12, 0xFC, 0x05, 0xE0, 0x00, 0x23, 0x07, 0x22, 0x21, 0x46,
  0x40, 0x46, 0xFC, 0xF6, 0x0B, 0xFC, 0x04, 0xB0, 0xBD, 0xE8, 0xF0, 0x87,
  0x01, 0x23, 0x22, 0x46, 0x00, 0x21, 0x4F, 0xF4, 0x88, 0x50, 0x02, 0xF7,
  0xA3, 0xFF, 0x01, 0x23, 0x03, 0x70, 0xFA, 0xF6, 0x2B, 0xFB, 0xF0, 0xE7,
  0x00, 0x23, 0x22, 0x46, 0x39, 0x46, 0x41, 0xF2, 0x05, 0x10, 0x02, 0xF7,
  0x97, 0xFF, 0x07, 0x46, 0x4D, 0xE7, 0x00, 0xBF, 0x24, 0x3F, 0x20, 0x00,
  0xF0, 0x27, 0x20, 0x00, 0x34, 0x2D, 0x20, 0x00, 0x40, 0x19, 0x20, 0x00,
  0x7C, 0x7B, 0x1E, 0x00, 0xF0, 0xB5, 0x85, 0xB0, 0x04, 0x46, 0xC6, 0x1D,
  0x05, 0x89, 0x43, 0x89, 0xAD, 0xF8, 0x0E, 0x30, 0x15, 0x4A, 0xD2, 0xF8,
  0x94, 0x00, 0x00, 0xB1, 0xA3, 0xB9, 0x0D, 0xB1, 0x01, 0x23, 0x23, 0x73,
  0x0E, 0x23, 0xE3, 0x71, 0x9D, 0xF8, 0x0E, 0x30, 0x03, 0x33, 0x23, 0x72,
  0x0F, 0x4B, 0x93, 0xF9, 0x55, 0x30, 0x23, 0xEA, 0xE3, 0x73, 0x63, 0x72,
  0xA5, 0x72, 0x2D, 0x0A, 0xE5, 0x72, 0x30, 0x46, 0x05, 0xB0, 0xF0, 0xBD,
  0x04, 0xF1, 0x0C, 0x01, 0x00, 0x93, 0x0D, 0xF1, 0x0E, 0x03, 0x0A, 0x46,
  0xFC, 0xF6, 0x96, 0xFB, 0x00, 0x28, 0xE3, 0xD0, 0x05, 0x4B, 0xDC, 0x6E,
  0x41, 0xF2, 0x94, 0x53, 0x00, 0x22, 0x29, 0x46, 0xA0, 0x47, 0xEA, 0xE7,
  0x24, 0x3F, 0x20, 0x00, 0xF0, 0x27, 0x20, 0x00, 0x40, 0x19, 0x20, 0x00,
  0x03, 0x89, 0x0F, 0x22, 0xC2, 0x71, 0x04, 0x22, 0x02, 0x72, 0x02, 0x7B,
  0x42, 0x72, 0x05, 0x4A, 0x92, 0xF9, 0x55, 0x20, 0x22, 0xEA, 0xE2, 0x72,
  0x82, 0x72, 0xC3, 0x72, 0x1B, 0x0A, 0x03, 0x73, 0x07, 0x30, 0x70, 0x47,
  0xF0, 0x27, 0x20, 0x00, 0x38, 0xB5, 0x04, 0x46, 0x05, 0x89, 0x83, 0x88,
  0xB3, 0xF5, 0x88, 0x5F, 0x06, 0xD0, 0x41, 0xF2, 0x01, 0x12, 0x93, 0x42,
  0x36, 0xD0, 0xFB, 0xF6, 0xCF, 0xF8, 0x32, 0xE0, 0x4F, 0xF6, 0x11, 0x43,
  0x9D, 0x42, 0x19, 0xD0, 0x40, 0xF6, 0x03, 0x43, 0x9D, 0x42, 0x15, 0xD0,
  0x40, 0xF6, 0x35, 0x43, 0x9D, 0x42, 0x11, 0xD0, 0x85, 0xB1, 0xEF, 0xF3,
  0x10, 0x83, 0x13, 0xF0, 0x01, 0x0F, 0x4D, 0xD1, 0x72, 0xB6, 0x4A, 0x4A,
  0x92, 0xF8, 0x55, 0x30, 0x01, 0x33, 0x5B, 0xB2, 0x82, 0xF8, 0x55, 0x30,
  0x05, 0x2B, 0x00, 0xF3, 0x83, 0x80, 0x62, 0xB6, 0x20, 0x46, 0xFF, 0xF7,
  0x83, 0xFF, 0xEF, 0xF3, 0x10, 0x83, 0x13, 0xF0, 0x01, 0x0F, 0x34, 0xD1,
  0x72, 0xB6, 0x21, 0x46, 0x3F, 0x48, 0xFF, 0xF6, 0xC5, 0xFE, 0x62, 0xB6,
  0x3E, 0x4B, 0x1B, 0x68, 0xDB, 0xB9, 0x3E, 0x4B, 0xD3, 0xF8, 0x7C, 0x36,
  0x98, 0x47, 0x38, 0xBD, 0xEF, 0xF3, 0x10, 0x83, 0x13, 0xF0, 0x01, 0x0F,
  0x37, 0xD1, 0x72, 0xB6, 0x36, 0x4A, 0x92, 0xF8, 0x55, 0x30, 0x01, 0x33,
  0x5B, 0xB2, 0x82, 0xF8, 0x55, 0x30, 0x05, 0x2B, 0x3E, 0xDC, 0xFF, 0xF7,
  0x99, 0xFF, 0x21, 0x46, 0x30, 0x48, 0xFF, 0xF6, 0xA7, 0xFE, 0x62, 0xB6,
  0xE0, 0xE7, 0x20, 0x20, 0x05, 0xF7, 0xE6, 0xF8, 0x00, 0x28, 0xDE, 0xD1,
  0x4F, 0xF6, 0x47, 0x43, 0x9D, 0x42, 0xDA, 0xD0, 0x4F, 0xF4, 0x80, 0x60,
  0x04, 0xF7, 0x64, 0xFB, 0x0C, 0xF7, 0xFC, 0xFD, 0xD7, 0xE7, 0x21, 0x46,
  0x25, 0x48, 0xFF, 0xF6, 0x91, 0xFE, 0xCB, 0xE7, 0x23, 0x4A, 0x92, 0xF8,
  0x55, 0x30, 0x01, 0x33, 0x5B, 0xB2, 0x82, 0xF8, 0x55, 0x30, 0x05, 0x2B,
  0xB4, 0xDD, 0x21, 0x4B, 0x9B, 0x6E, 0x41, 0xF2, 0x0D, 0x62, 0x00, 0x21,
  0x1F, 0x48, 0x98, 0x47, 0xAC, 0xE7, 0x1B, 0x4A, 0x92, 0xF8, 0x55, 0x30,
  0x01, 0x33, 0x5B, 0xB2, 0x82, 0xF8, 0x55, 0x30, 0x05, 0x2B, 0x16, 0xDC,
  0x20, 0x46, 0xFF, 0xF7, 0x61, 0xFF, 0x21, 0x46, 0x14, 0x48, 0xFF, 0xF6,
  0x6F, 0xFE, 0xA9, 0xE7, 0x14, 0x4B, 0x9B, 0x6E, 0x41, 0xF2, 0x1E, 0x62,
  0x00, 0x21, 0x13, 0x48, 0x98, 0x47, 0x20, 0x46, 0xFF, 0xF7, 0x52, 0xFF,
  0x21, 0x46, 0x0D, 0x48, 0xFF, 0xF6, 0x60, 0xFE, 0xB7, 0xE7, 0x0D, 0x4B,
  0x9B, 0x6E, 0x41, 0xF2, 0x1E, 0x62, 0x00, 0x21, 0x0B, 0x48, 0x98, 0x47,
  0x20, 0x46, 0xFF, 0xF7, 0x43, 0xFF, 0x21, 0x46, 0x05, 0x48, 0xFF, 0xF6,
  0x51, 0xFE, 0x8B, 0xE7, 0x05, 0x4B, 0x9B, 0x6E, 0x41, 0xF2, 0x0D, 0x62,
  0x00, 0x21, 0x04, 0x48, 0x98, 0x47, 0x74, 0xE7, 0xF0, 0x27, 0x20, 0x00,
  0xDC, 0x1F, 0x20, 0x00, 0x40, 0x19, 0x20, 0x00, 0xA0, 0x7B, 0x1E, 0x00,
  0x08, 0xB5, 0x11, 0x4B, 0x1B, 0x68, 0x01, 0x2B, 0x00, 0xD0, 0x08, 0xBD,
  0x0F, 0x4A, 0x13, 0x68, 0x23, 0xF0, 0x01, 0x03, 0x13, 0x60, 0x0E, 0x4B,
  0x1B, 0x68, 0x02, 0x2B, 0x05, 0xD0, 0x0B, 0x4B, 0x19, 0x68, 0x0C, 0x48,
  0x02, 0xF7, 0xC2, 0xF9, 0xEF, 0xE7, 0x01, 0x20, 0x09, 0xF7, 0x5A, 0xFA,
  0x06, 0x4A, 0x13, 0x68, 0x43, 0xF0, 0x80, 0x43, 0x13, 0x60, 0x13, 0x68,
  0x23, 0xF4, 0x80, 0x13, 0x23, 0xF0, 0x1C, 0x03, 0x13, 0x60, 0xEA, 0xE7,
  0xCC, 0x1F, 0x20, 0x00, 0x04, 0x30, 0x34, 0x40, 0xC8, 0x1F, 0x20, 0x00,
  0xD0, 0x7B, 0x1E, 0x00, 0x01, 0x4B, 0x18, 0x68, 0x70, 0x47, 0x00, 0xBF,
  0x94, 0x50, 0x03, 0x40, 0x02, 0x4B, 0x18, 0x68, 0xC0, 0xF3, 0x40, 0x00,
  0x70, 0x47, 0x00, 0xBF, 0x94, 0x50, 0x03, 0x40, 0x02, 0x4B, 0x18, 0x68,
  0xC0, 0xF3, 0x80, 0x00, 0x70, 0x47, 0x00, 0xBF, 0x94, 0x50, 0x03, 0x40,
  0x02, 0x4B, 0x18, 0x68, 0x00, 0xF0, 0x00, 0x40, 0x70, 0x47, 0x00, 0xBF,
  0x48, 0x30, 0x34, 0x40, 0x01, 0x4B, 0x18, 0x68, 0xC0, 0x0F, 0x70, 0x47,
  0x48, 0x30, 0x34, 0x40, 0x02, 0x4B, 0x4F, 0xF0, 0x00, 0x62, 0x1A, 0x60,
  0x70, 0x47, 0x00, 0xBF, 0x00, 0x51, 0x03, 0x40, 0x02, 0x4B, 0x18, 0x68,
  0xC0, 0xF3, 0x40, 0x20, 0x70, 0x47, 0x00, 0xBF, 0x94, 0x50, 0x03, 0x40,
  0x08, 0xB5, 0x09, 0x4B, 0x00, 0x22, 0xC3, 0xF8, 0x58, 0x25, 0x07, 0xF7,
  0xD5, 0xFF, 0x38, 0xB1, 0x01, 0x20, 0x05, 0x4B, 0x05, 0x4A, 0xC3, 0xF8,
  0x58, 0x25, 0x00, 0xF0, 0x01, 0x00, 0x08, 0xBD, 0xFF, 0xF7, 0xE6, 0xFF,
  0xF5, 0xE7, 0x00, 0xBF, 0x40, 0x19, 0x20, 0x00, 0xA5, 0x10, 0x1E, 0x00,
  0x01, 0x4B, 0x18, 0x68, 0xC0, 0x0F, 0x70, 0x47, 0x98, 0x50, 0x03, 0x40,
  0x02, 0x4B, 0x18, 0x68, 0xC0, 0xF3, 0x82, 0x10, 0x70, 0x47, 0x00, 0xBF,
  0x94, 0x50, 0x03, 0x40, 0x10, 0xB5, 0x04, 0x46, 0xFF, 0xF7, 0xF4, 0xFF,
  0x01, 0x28, 0x01, 0xD9, 0x00, 0x20, 0x10, 0xBD, 0x03, 0x4B, 0x1B, 0x68,
  0xB4, 0xEB, 0xD3, 0x7F, 0x0C, 0xBF, 0x01, 0x20, 0x00, 0x20, 0xF6, 0xE7,
  0x98, 0x50, 0x03, 0x40, 0x10, 0x4B, 0x83, 0xF8, 0x1B, 0x04, 0x03, 0x28,
  0x10, 0xD9, 0x0F, 0x4A, 0x13, 0x6D, 0x23, 0xF4, 0x80, 0x43, 0x13, 0x65,
  0x05, 0x28, 0x13, 0xD9, 0x13, 0x46, 0x12, 0x6D, 0x22, 0xF4, 0x80, 0x42,
  0x1A, 0x65, 0x19, 0x6E, 0x09, 0x4A, 0x0A, 0x43, 0x1A, 0x66, 0x70, 0x47,
  0x40, 0xB1, 0x05, 0x4B, 0x02, 0x22, 0x83, 0xF8, 0x1B, 0x24, 0x04, 0x4A,
  0x13, 0x6D, 0x43, 0xF4, 0x80, 0x43, 0x13, 0x65, 0x70, 0x47, 0x00, 0xBF,
  0xA8, 0xA9, 0x20, 0x00, 0x00, 0x60, 0x50, 0x40, 0x11, 0x01, 0x10, 0x01,
  0x10, 0xB5, 0x04, 0x46, 0x2B, 0xF0, 0xA0, 0xF8, 0x08, 0xBB, 0x5C, 0xB3,
  0x18, 0x4A, 0x13, 0x68, 0x43, 0xF0, 0x08, 0x03, 0x13, 0x60, 0x17, 0x4A,
  0x13, 0x68, 0x23, 0xF0, 0x01, 0x03, 0x13, 0x60, 0x15, 0x4B, 0x16, 0x4A,
  0x03, 0xF5, 0xCC, 0x70, 0x53, 0xF8, 0x04, 0x1F, 0x42, 0xF8, 0x04, 0x1F,
  0x83, 0x42, 0xF9, 0xD1, 0x12, 0x4A, 0x13, 0x4B, 0x13, 0x67, 0x13, 0x4B,
  0x9A, 0x60, 0x13, 0x4A, 0x01, 0x21, 0x51, 0x60, 0x9B, 0x68, 0x12, 0x4A,
  0xC3, 0xF8, 0xC0, 0x20, 0x10, 0xBD, 0x2A, 0xF0, 0x8D, 0xFF, 0x2B, 0xF0,
  0x59, 0xF8, 0x2B, 0xF0, 0x65, 0xF8, 0x2B, 0xF0, 0x6B, 0xF8, 0x2B, 0xF0,
  0x6E, 0xF8, 0xD2, 0xE7, 0x02, 0x4A, 0x13, 0x68, 0x23, 0xF0, 0x08, 0x03,
  0x13, 0x60, 0xD2, 0xE7, 0x84, 0x50, 0x03, 0x40, 0xCC, 0x07, 0x60, 0x40,
  0xFC, 0xFF, 0x07, 0x00, 0xFC, 0xFF, 0x1F, 0x00, 0x00, 0x00, 0x20, 0x00,
  0x35, 0x76, 0x1E, 0x00, 0x00, 0xED, 0x00, 0xE0, 0x00, 0xE1, 0x00, 0xE0,
  0x75, 0xB3, 0x0E, 0x00, 0x10, 0xB5, 0x0C, 0x4B, 0x1C, 0x68, 0xF7, 0xF6,
  0x21, 0xFA, 0x84, 0x42, 0x01, 0xD0, 0x00, 0x20, 0x10, 0xBD, 0x09, 0x4B,
  0x1B, 0x68, 0x5B, 0xB1, 0x93, 0xF8, 0x4E, 0x30, 0x01, 0x2B, 0x18, 0xBF,
  0x00, 0x20, 0xF5, 0xD1, 0x05, 0x4B, 0x4F, 0xF0, 0x00, 0x62, 0x1A, 0x60,
  0x01, 0x20, 0xEF, 0xE7, 0x00, 0x20, 0xED, 0xE7, 0x10, 0xF2, 0x20, 0x00,
  0xD0, 0x2C, 0x20, 0x00, 0x00, 0x51, 0x03, 0x40, 0x1D, 0x4A, 0x13, 0x68,
  0x43, 0xF0, 0x08, 0x03, 0x13, 0x60, 0x1C, 0x4B, 0x1C, 0x4A, 0x1A, 0x60,
  0x0C, 0x33, 0x1A, 0x68, 0x22, 0xF0, 0x03, 0x02, 0x1A, 0x60, 0x1A, 0x68,
  0x22, 0xF0, 0x0C, 0x02, 0x1A, 0x60, 0x1A, 0x68, 0x22, 0xF0, 0x30, 0x02,
  0x1A, 0x60, 0x1A, 0x68, 0x22, 0xF0, 0xC0, 0x02, 0x1A, 0x60, 0x1A, 0x68,
  0x22, 0xF4, 0x40, 0x72, 0x1A, 0x60, 0x1A, 0x68, 0x22, 0xF4, 0x40, 0x62,
  0x1A, 0x60, 0x1A, 0x68, 0x22, 0xF4, 0x40, 0x42, 0x1A, 0x60, 0x1A, 0x68,
  0x22, 0xF4, 0x40, 0x52, 0x1A, 0x60, 0x1A, 0x68, 0x22, 0xF4, 0x40, 0x32,
  0x1A, 0x60, 0x1A, 0x68, 0x22, 0xF4, 0x40, 0x22, 0x1A, 0x60, 0x1A, 0x68,
  0x22, 0xF4, 0x40, 0x12, 0x1A, 0x60, 0x06, 0x4B, 0xFC, 0x22, 0x83, 0xF8,
  0x22, 0x23, 0x04, 0x22, 0x5A, 0x60, 0x70, 0x47, 0x84, 0x50, 0x03, 0x40,
  0x0C, 0x51, 0x03, 0x40, 0x00, 0x00, 0xFF, 0x07, 0x00, 0xE1, 0x00, 0xE0,
  0x08, 0xB5, 0x05, 0x28, 0x02, 0xD0, 0x01, 0x28, 0x19, 0xD0, 0x08, 0xBD,
  0x1B, 0x4B, 0x1B, 0x78, 0x01, 0x2B, 0x07, 0xD0, 0x1A, 0x4B, 0x1B, 0x68,
  0x02, 0x2B, 0xF6, 0xD1, 0x19, 0x4B, 0x00, 0x22, 0x1A, 0x60, 0xF2, 0xE7,
  0xFF, 0xF7, 0x88, 0xFF, 0x30, 0xB1, 0x20, 0x20, 0x04, 0xF7, 0xE8, 0xFE,
  0x12, 0x4B, 0x00, 0x22, 0x1A, 0x70, 0xED, 0xE7, 0x08, 0xF7, 0xBE, 0xF9,
  0xF5, 0xE7, 0xFF, 0xF7, 0x9B, 0xFF, 0x11, 0x4B, 0x1A, 0x68, 0x22, 0xF0,
  0xE0, 0x42, 0x1A, 0x60, 0x1A, 0x68, 0x42, 0xF0, 0x01, 0x02, 0x1A, 0x60,
  0x08, 0x33, 0x01, 0x22, 0x1A, 0x60, 0x0A, 0xF7, 0xF1, 0xFD, 0x00, 0x22,
  0x11, 0x46, 0x2A, 0xF0, 0x9D, 0xFB, 0x09, 0x4B, 0x1A, 0x68, 0x09, 0x4B,
  0xC3, 0xF8, 0x30, 0x27, 0x08, 0x4A, 0x12, 0x68, 0xC3, 0xF8, 0x34, 0x27,
  0xC7, 0xE7, 0x00, 0xBF, 0x2C, 0x7F, 0x1E, 0x00, 0xC8, 0x1F, 0x20, 0x00,
  0x1C, 0x03, 0x60, 0x40, 0x18, 0x00, 0x60, 0x40, 0x48, 0x7F, 0x1E, 0x00,
  0x00, 0x00, 0x62, 0x40, 0x4C, 0x7F, 0x1E, 0x00, 0x38, 0xB5, 0x00, 0x24,
  0x13, 0x4B, 0x1C, 0x70, 0x13, 0x4B, 0x4F, 0xF4, 0x80, 0x02, 0x1A, 0x60,
  0x20, 0x20, 0x04, 0xF7, 0x47, 0xF9, 0x02, 0x21, 0x10, 0x4B, 0x83, 0xF8,
  0x54, 0x10, 0x14, 0x20, 0x02, 0xF7, 0x1A, 0xFE, 0x0E, 0x4D, 0x28, 0x60,
  0xB8, 0xF6, 0x2A, 0xFE, 0x03, 0x46, 0x28, 0x68, 0x18, 0x33, 0x23, 0xF0,
  0x70, 0x43, 0x43, 0x60, 0x04, 0x81, 0x0A, 0x4B, 0x03, 0x61, 0x0A, 0x4B,
  0x1B, 0x68, 0x02, 0x2B, 0x02, 0xD0, 0xFE, 0xF7, 0xAF, 0xFE, 0x38, 0xBD,
  0xF7, 0xF6, 0xAA, 0xFB, 0xFB, 0xE7, 0x00, 0xBF, 0x55, 0x30, 0x20, 0x00,
  0x08, 0x51, 0x03, 0x40, 0xF0, 0x27, 0x20, 0x00, 0x38, 0x7F, 0x1E, 0x00,
  0x01, 0x01, 0x1E, 0x00, 0xC4, 0x1F, 0x20, 0x00, 0x10, 0xB5, 0x04, 0x46,
  0x07, 0x4B, 0x98, 0x42, 0x06, 0xD9, 0x07, 0x4B, 0x9B, 0x6E, 0x41, 0xF6,
  0x99, 0x02, 0x00, 0x21, 0x05, 0x48, 0x98, 0x47, 0xA0, 0x02, 0x05, 0x4C,
  0xA4, 0xFB, 0x00, 0x30, 0x40, 0x09, 0x10, 0xBD, 0xFE, 0xFF, 0x3F, 0x00,
  0x40, 0x19, 0x20, 0x00, 0xDC, 0x7B, 0x1E, 0x00, 0x1F, 0x85, 0xEB, 0x51,
  0xC0, 0x03, 0x00, 0xF5, 0x74, 0x20, 0x00, 0xF2, 0x3F, 0x20, 0x02, 0x4B,
  0xA3, 0xFB, 0x00, 0x30, 0x80, 0x0C, 0x70, 0x47, 0x83, 0xDE, 0x1B, 0x43,
  0x06, 0x4B, 0x1B, 0x68, 0x02, 0x2B, 0x00, 0xD0, 0x70, 0x47, 0x05, 0x4A,
  0xD3, 0x69, 0x23, 0xF0, 0x0F, 0x03, 0x43, 0xF0, 0x04, 0x03, 0xD3, 0x61,
  0xF6, 0xE7, 0x00, 0xBF, 0xC4, 0x1F, 0x20, 0x00, 0x00, 0x40, 0x50, 0x40,
  0x10, 0xB5, 0x49, 0x4B, 0x1B, 0x68, 0x13, 0xF4, 0x40, 0x3F, 0x13, 0xD1,
  0x13, 0xF4, 0x80, 0x2F, 0x1A, 0xD1, 0x13, 0xF4, 0x00, 0x2F, 0x39, 0xD1,
  0x13, 0xF4, 0x80, 0x1F, 0x42, 0xD1, 0x13, 0xF4, 0x00, 0x1F, 0x43, 0xD1,
  0x13, 0xF4, 0x00, 0x0F, 0x44, 0xD0, 0x40, 0x4B, 0x4F, 0xF4, 0x00, 0x02,
  0x1A, 0x60, 0x08, 0xE0, 0x3E, 0x4C, 0x00, 0x23, 0xC4, 0xF8, 0x88, 0x34,
  0x0C, 0xF7, 0x80, 0xFB, 0x3C, 0x4B, 0xC4, 0xF8, 0x88, 0x34, 0x10, 0xBD,
  0x21, 0x20, 0x04, 0xF7, 0x35, 0xFE, 0x18, 0xB9, 0x02, 0x20, 0x04, 0xF7,
  0x31, 0xFE, 0x08, 0xB9, 0xFF, 0xF7, 0xC0, 0xFF, 0x03, 0xF7, 0xAE, 0xFB,
  0x03, 0x28, 0x04, 0xD0, 0x34, 0x4B, 0x1B, 0x78, 0x13, 0xF0, 0x02, 0x0F,
  0x09, 0xD1, 0x33, 0x4B, 0x01, 0x22, 0x1A, 0x70, 0x0C, 0xF7, 0xE8, 0xF9,
  0x2C, 0x4B, 0x4F, 0xF4, 0x80, 0x22, 0x1A, 0x60, 0xE1, 0xE7, 0x2A, 0x4B,
  0x4F, 0xF4, 0x80, 0x22, 0x1A, 0x60, 0xF5, 0xE7, 0x2A, 0xF0, 0xF4, 0xFE,
  0x20, 0xB9, 0x26, 0x4B, 0x4F, 0xF4, 0x00, 0x22, 0x1A, 0x60, 0xD4, 0xE7,
  0x20, 0x20, 0x04, 0xF7, 0xF5, 0xFD, 0xF6, 0xE7, 0x01, 0x20, 0x0C, 0xF7,
  0xE7, 0xF9, 0xCC, 0xE7, 0x02, 0x20, 0x0C, 0xF7, 0xE3, 0xF9, 0xC8, 0xE7,
  0x13, 0xF4, 0x80, 0x0F, 0x0E, 0xD1, 0x13, 0xF0, 0x80, 0x7F, 0x0E, 0xD1,
  0x13, 0xF0, 0x00, 0x7F, 0x12, 0xD0, 0x1A, 0x4B, 0xD3, 0xF8, 0x68, 0x36,
  0x98, 0x47, 0x17, 0x4B, 0x4F, 0xF0, 0x00, 0x72, 0x1A, 0x60, 0xB6, 0xE7,
  0xFF, 0xF7, 0x24, 0xFF, 0xB3, 0xE7, 0x2A, 0xF0, 0xE3, 0xFE, 0x12, 0x4B,
  0x4F, 0xF0, 0x80, 0x72, 0x1A, 0x60, 0xAC, 0xE7, 0x13, 0xF0, 0x80, 0x6F,
  0xA9, 0xD0, 0x44, 0xF2, 0x03, 0x00, 0x04, 0xF7, 0xDF, 0xFD, 0x60, 0xB1,
  0x0F, 0x4B, 0x02, 0x22, 0x1A, 0x70, 0x0C, 0xF7, 0xA1, 0xF9, 0x0E, 0x4B,
  0x01, 0x22, 0x1A, 0x70, 0x07, 0x4B, 0x4F, 0xF0, 0x80, 0x62, 0x1A, 0x60,
  0x97, 0xE7, 0xFF, 0xF7, 0x55, 0xFE, 0x00, 0x28, 0xF6, 0xD1, 0x04, 0x4B,
  0xD3, 0xF8, 0x34, 0x35, 0x98, 0x47, 0xF1, 0xE7, 0x1C, 0x51, 0x03, 0x40,
  0x08, 0x51, 0x03, 0x40, 0x40, 0x19, 0x20, 0x00, 0x35, 0x14, 0x1E, 0x00,
  0xF0, 0x30, 0x20, 0x00, 0x55, 0x29, 0x20, 0x00, 0x2C, 0x7F, 0x1E, 0x00,
  0x08, 0xB5, 0x03, 0x28, 0x24, 0xD0, 0x05, 0x28, 0x25, 0xD1, 0x13, 0x4B,
  0x93, 0xF8, 0x1A, 0x34, 0x0B, 0xB3, 0xFF, 0xF7, 0x41, 0xFF, 0x11, 0x4B,
  0x1B, 0x68, 0x05, 0x2B, 0x1B, 0xD1, 0x10, 0x4A, 0x13, 0x68, 0x00, 0x2B,
  0xFC, 0xD0, 0x0F, 0x4B, 0x18, 0x68, 0x0F, 0x49, 0x0A, 0x68, 0x00, 0xF0,
  0x01, 0x00, 0x22, 0xF4, 0x00, 0x42, 0x42, 0xEA, 0xC0, 0x32, 0x0A, 0x60,
  0x0B, 0x68, 0x23, 0xF4, 0x00, 0x53, 0x43, 0xEA, 0x40, 0x33, 0x0B, 0x60,
  0x05, 0x4B, 0x01, 0x22, 0x1A, 0x60, 0x02, 0xE0, 0x06, 0x4B, 0x00, 0x22,
  0x1A, 0x70, 0x08, 0xBD, 0xA8, 0xA9, 0x20, 0x00, 0xC8, 0x1F, 0x20, 0x00,
  0x50, 0x52, 0x03, 0x40, 0x28, 0x90, 0x50, 0x40, 0x0C, 0x20, 0x62, 0x40,
  0x3D, 0x7F, 0x1E, 0x00, 0x08, 0xB5, 0x0A, 0x4B, 0x1B, 0x78, 0x01, 0x2B,
  0x02, 0xD0, 0x02, 0x2B, 0x0A, 0xD0, 0x08, 0xBD, 0x07, 0x4B, 0x01, 0x22,
  0x83, 0xF8, 0x1A, 0x24, 0x04, 0xF7, 0x10, 0xF8, 0x20, 0x20, 0x03, 0xF7,
  0xF9, 0xFF, 0xF4, 0xE7, 0x20, 0x20, 0x04, 0xF7, 0x57, 0xFD, 0xF0, 0xE7,
  0x55, 0x29, 0x20, 0x00, 0xA8, 0xA9, 0x20, 0x00, 0x07, 0x4B, 0x1B, 0x68,
  0x13, 0xF4, 0x80, 0x2F, 0x09, 0xD1, 0x05, 0x4A, 0x00, 0xBF, 0x00, 0xBF,
  0x00, 0xBF, 0x00, 0xBF, 0x00, 0xBF, 0x13, 0x68, 0x13, 0xF4, 0x80, 0x2F,
  0xF6, 0xD0, 0x70, 0x47, 0x20, 0x20, 0x03, 0x40, 0x01, 0x4B, 0x18, 0x68,
  0x70, 0x47, 0x00, 0xBF, 0x00, 0x03, 0x60, 0x40, 0x70, 0xB5, 0x84, 0xB0,
  0x24, 0x4B, 0x1B, 0x68, 0x02, 0x2B, 0x31, 0xD0, 0x01, 0xA8, 0x03, 0xF7,
  0xC5, 0xFE, 0x01, 0x9C, 0xBD, 0xF8, 0x08, 0x30, 0x03, 0xF5, 0xF4, 0x76,
  0xB6, 0xB2, 0xB6, 0xF5, 0x1C, 0x7F, 0x05, 0xD9, 0xA3, 0xF1, 0x89, 0x06,
  0xB6, 0xB2, 0x01, 0x34, 0x24, 0xF0, 0x70, 0x44, 0x1A, 0x4B, 0xD3, 0xF8,
  0x30, 0x17, 0x1A, 0x4A, 0x11, 0x60, 0xD3, 0xF8, 0x34, 0x27, 0x19, 0x4B,
  0x1A, 0x60, 0x6F, 0xF0, 0x78, 0x45, 0x01, 0xA8, 0x03, 0xF7, 0xA8, 0xFE,
  0x01, 0x9A, 0xA3, 0x1A, 0x23, 0xF0, 0x70, 0x43, 0xAB, 0x42, 0x05, 0xD2,
  0x94, 0x42, 0xF4, 0xD1, 0xBD, 0xF8, 0x08, 0x30, 0xB3, 0x42, 0xF0, 0xD3,
  0x0A, 0xF7, 0x26, 0xFC, 0x0A, 0xF7, 0xA6, 0xF8, 0x04, 0xB0, 0x70, 0xBD,
  0x0D, 0x4A, 0xD3, 0x69, 0x23, 0xF0, 0x0F, 0x03, 0xD3, 0x61, 0x0C, 0x4B,
  0x9A, 0x68, 0x42, 0xF0, 0x80, 0x02, 0x9A, 0x60, 0x5A, 0x68, 0x42, 0xF0,
  0x80, 0x02, 0x5A, 0x60, 0x1A, 0x68, 0x42, 0xF0, 0x80, 0x02, 0x1A, 0x60,
  0xBA, 0xE7, 0x00, 0xBF, 0xC4, 0x1F, 0x20, 0x00, 0x00, 0x00, 0x62, 0x40,
  0x48, 0x7F, 0x1E, 0x00, 0x4C, 0x7F, 0x1E, 0x00, 0x00, 0x40, 0x50, 0x40,
  0x00, 0xB0, 0x10, 0x40, 0x02, 0x4B, 0x18, 0x68, 0xC0, 0xF3, 0x80, 0x40,
  0x70, 0x47, 0x00, 0xBF, 0x20, 0x00, 0x6B, 0x40, 0x2D, 0xE9, 0xF0, 0x4F,
  0x8D, 0xB0, 0xB6, 0x4B, 0x1A, 0x68, 0xB6, 0x4B, 0x9A, 0x42, 0x40, 0xF0,
  0xAA, 0x82, 0x00, 0x24, 0xB4, 0x4B, 0x1B, 0x68, 0x02, 0x2B, 0x73, 0xD0,
  0xB3, 0x4B, 0x1B, 0x68, 0x00, 0x2B, 0x40, 0xF0, 0xA5, 0x82, 0xB2, 0x4B,
  0x5B, 0x78, 0xFF, 0x2B, 0x14, 0xD0, 0xB1, 0x48, 0x02, 0x68, 0xDB, 0x00,
  0x02, 0x21, 0x99, 0x40, 0x22, 0xEA, 0x01, 0x03, 0x0B, 0x43, 0x03, 0x60,
  0xAB, 0x4B, 0x5B, 0x78, 0xFF, 0x2B, 0x07, 0xD0, 0x02, 0x68, 0xDB, 0x00,
  0xF0, 0x21, 0x01, 0xFA, 0x03, 0xF3, 0x22, 0xEA, 0x03, 0x03, 0x03, 0x60,
  0xA7, 0x4B, 0x1D, 0x78, 0xED, 0xB2, 0x02, 0x2D, 0x56, 0xD0, 0xA6, 0x4B,
  0x1B, 0x68, 0x13, 0xF0, 0x01, 0x0F, 0x69, 0xD0, 0xA0, 0x4B, 0x5B, 0x78,
  0xFF, 0x2B, 0x0B, 0xD0, 0x9F, 0x48, 0x02, 0x68, 0xDB, 0x00, 0xF0, 0x21,
  0x99, 0x40, 0x22, 0xEA, 0x01, 0x02, 0x10, 0x21, 0x01, 0xFA, 0x03, 0xF3,
  0x13, 0x43, 0x03, 0x60, 0x9B, 0x4B, 0x1D, 0x68, 0x00, 0x2D, 0x40, 0xF0,
  0x57, 0x82, 0x93, 0xF8, 0x1B, 0x34, 0x00, 0x2B, 0x00, 0xF0, 0x50, 0x82,
  0x93, 0x4B, 0x5B, 0x78, 0xFF, 0x2B, 0x0B, 0xD0, 0x92, 0x48, 0x02, 0x68,
  0xDB, 0x00, 0xF0, 0x21, 0x99, 0x40, 0x22, 0xEA, 0x01, 0x02, 0x20, 0x21,
  0x01, 0xFA, 0x03, 0xF3, 0x13, 0x43, 0x03, 0x60, 0x02, 0xAE, 0x30, 0x46,
  0x03, 0xF7, 0x0A, 0xFE, 0x8D, 0x4B, 0x96, 0xE8, 0x07, 0x00, 0x83, 0xE8,
  0x07, 0x00, 0x8A, 0x4B, 0xDF, 0x69, 0xB7, 0xF1, 0xFF, 0x3F, 0x00, 0xF0,
  0x4B, 0x82, 0xB3, 0xF8, 0x20, 0x80, 0x1B, 0x69, 0xB3, 0xF1, 0xFF, 0x3F,
  0x38, 0xD0, 0xDA, 0x1B, 0x22, 0xF0, 0x70, 0x42, 0x6F, 0xF0, 0x78, 0x41,
  0x8A, 0x42, 0x80, 0xF0, 0x42, 0x82, 0x9F, 0x42, 0x26, 0xD0, 0x4F, 0xF0,
  0x01, 0x09, 0x42, 0xE2, 0xFF, 0xF7, 0x74, 0xFF, 0x00, 0x28, 0x87, 0xD1,
  0x00, 0x25, 0x2B, 0xE2, 0x7A, 0x4B, 0x1B, 0x68, 0x02, 0x2B, 0xA4, 0xD1,
  0x03, 0xF7, 0x20, 0xF8, 0x00, 0x28, 0xA0, 0xD0, 0x76, 0x4B, 0x93, 0xF8,
  0x1B, 0x24, 0x93, 0x1E, 0xDB, 0xB2, 0x01, 0x2B, 0x01, 0xD9, 0x05, 0x2A,
  0x97, 0xD1, 0x02, 0x20, 0x03, 0xF7, 0x14, 0xFD, 0x00, 0x28, 0x40, 0xF0,
  0x11, 0x82, 0x90, 0xE7, 0x03, 0xF7, 0x0C, 0xF8, 0x00, 0x28, 0x91, 0xD1,
  0x00, 0x25, 0xFC, 0xE1, 0x6B, 0x4A, 0x92, 0x8A, 0x42, 0x45, 0xC0, 0xF0,
  0x14, 0x82, 0x4F, 0xF0, 0x01, 0x09, 0x16, 0xE2, 0x4F, 0xF0, 0x01, 0x09,
  0x13, 0xE2, 0x68, 0x4E, 0x86, 0xFB, 0x03, 0x26, 0xDA, 0x17, 0xA2, 0xEB,
  0x26, 0x22, 0x01, 0x32, 0xD2, 0xB2, 0x89, 0x1A, 0xC2, 0xEB, 0x42, 0x13,
  0x02, 0xEB, 0x83, 0x02, 0x02, 0xEB, 0x82, 0x02, 0x02, 0x44, 0x13, 0xB2,
  0x13, 0xE2, 0x98, 0x46, 0x0F, 0x46, 0x4F, 0xF0, 0x03, 0x09, 0x58, 0x4B,
  0x5B, 0x78, 0xFF, 0x2B, 0x0B, 0xD0, 0x57, 0x48, 0x02, 0x68, 0xDB, 0x00,
  0xF0, 0x21, 0x99, 0x40, 0x22, 0xEA, 0x01, 0x02, 0x30, 0x21, 0x01, 0xFA,
  0x03, 0xF3, 0x13, 0x43, 0x03, 0x60, 0xB7, 0xF1, 0xFF, 0x3F, 0x29, 0xD1,
  0x51, 0x4B, 0xD3, 0xF8, 0x08, 0x34, 0x64, 0x26, 0x06, 0xFB, 0x03, 0xF6,
  0xB3, 0x0A, 0x4E, 0x4A, 0xD2, 0xF8, 0x08, 0x24, 0x64, 0x26, 0x06, 0xFB,
  0x02, 0xF6, 0xB6, 0x0A, 0x9E, 0x42, 0x28, 0xBF, 0x1E, 0x46, 0x01, 0x2E,
  0x40, 0xF3, 0xB0, 0x81, 0x47, 0x4B, 0x93, 0xF8, 0x1B, 0x34, 0x03, 0x2B,
  0x73, 0xD9, 0x05, 0x2B, 0x03, 0xD9, 0x47, 0x4B, 0x1B, 0x68, 0xB3, 0x42,
  0x20, 0xDD, 0x46, 0x4B, 0x1B, 0x88, 0xB3, 0x42, 0x3F, 0xDD, 0x01, 0x25,
  0xA3, 0xE1, 0x98, 0x46, 0x0F, 0x46, 0x4F, 0xF0, 0x03, 0x09, 0xC2, 0xE7,
  0x06, 0xA8, 0x03, 0xF7, 0x67, 0xFD, 0xDD, 0xF8, 0x18, 0xA0, 0xBD, 0xF8,
  0x1C, 0x40, 0xA7, 0xEB, 0x0A, 0x03, 0x23, 0xF0, 0x70, 0x42, 0xB2, 0xF1,
  0x00, 0x6F, 0x83, 0xBF, 0xAA, 0xEB, 0x07, 0x03, 0x23, 0xF0, 0x70, 0x43,
  0x5B, 0x42, 0x23, 0xF0, 0x70, 0x43, 0xC6, 0xE7, 0x05, 0xF7, 0xAC, 0xFB,
  0x06, 0x46, 0x20, 0xB9, 0x05, 0xF7, 0x40, 0xFB, 0x00, 0x28, 0x00, 0xF0,
  0x79, 0x81, 0x09, 0xA8, 0x03, 0xF7, 0x48, 0xFD, 0x09, 0x9B, 0x01, 0x93,
  0xBD, 0xF8, 0x28, 0xB0, 0x2E, 0x4C, 0xD4, 0xF8, 0x9C, 0x34, 0x00, 0x20,
  0x98, 0x47, 0x05, 0xF7, 0x3F, 0xFB, 0xD4, 0xF8, 0xA0, 0x34, 0x00, 0x20,
  0x98, 0x47, 0x06, 0xA8, 0x03, 0xF7, 0x36, 0xFD, 0xDD, 0xF8, 0x18, 0xA0,
  0xBD, 0xF8, 0x1C, 0x40, 0x56, 0xE0, 0x05, 0xF7, 0x21, 0xFB, 0x08, 0xB9,
  0x01, 0x25, 0x60, 0xE1, 0x09, 0xA8, 0x03, 0xF7, 0x29, 0xFD, 0x09, 0x9B,
  0x01, 0x93, 0xBD, 0xF8, 0x28, 0xB0, 0x1F, 0x4C, 0xD4, 0xF8, 0x9C, 0x34,
  0x00, 0x20, 0x98, 0x47, 0x05, 0xF7, 0x20, 0xFB, 0xD4, 0xF8, 0xA0, 0x34,
  0x00, 0x20, 0x98, 0x47, 0x06, 0xA8, 0x03, 0xF7, 0x17, 0xFD, 0x13, 0x4B,
  0x93, 0xF8, 0x1B, 0x34, 0x05, 0x2B, 0x10, 0xD1, 0x16, 0x4B, 0x1B, 0x68,
  0xB3, 0x42, 0x0C, 0xDC, 0xDD, 0xF8, 0x18, 0xA0, 0xBD, 0xF8, 0x1C, 0x40,
  0x05, 0xF7, 0x4A, 0xFB, 0x29, 0xE0, 0x01, 0x2B, 0x03, 0xD9, 0x10, 0x4B,
  0x1B, 0x68, 0xB3, 0x42, 0x1E, 0xDD, 0x01, 0x25, 0x33, 0xE1, 0x00, 0xBF,
  0x24, 0x7F, 0x1E, 0x00, 0xDE, 0xBC, 0x9A, 0x78, 0xC4, 0x1F, 0x20, 0x00,
  0xA0, 0x30, 0x20, 0x00, 0x40, 0x40, 0x20, 0x00, 0x64, 0x00, 0x60, 0x40,
  0x3D, 0x7F, 0x1E, 0x00, 0xA8, 0xA9, 0x20, 0x00, 0x10, 0xAE, 0x20, 0x00,
  0xAD, 0x8B, 0xDB, 0x68, 0x3C, 0x12, 0x20, 0x00, 0x46, 0x12, 0x20, 0x00,
  0x40, 0x19, 0x20, 0x00, 0x34, 0x12, 0x20, 0x00, 0x05, 0xF7, 0x22, 0xFB,
  0x01, 0x95, 0x4F, 0xF0, 0x00, 0x0B, 0x00, 0x28, 0xD9, 0xD0, 0x00, 0x26,
  0xB0, 0x4B, 0x93, 0xF8, 0x1B, 0x34, 0x03, 0x2B, 0x1D, 0xD9, 0x01, 0x9B,
  0xAA, 0xEB, 0x03, 0x05, 0x25, 0xF0, 0x70, 0x45, 0xB5, 0xF1, 0x00, 0x6F,
  0x04, 0xD9, 0xA3, 0xEB, 0x0A, 0x05, 0x25, 0xF0, 0x70, 0x45, 0x6D, 0x42,
  0x5C, 0x45, 0x5A, 0xD3, 0xA4, 0xEB, 0x0B, 0x03, 0x9B, 0xB2, 0xA6, 0x4A,
  0xB2, 0xF9, 0x00, 0x20, 0xA5, 0x49, 0xB1, 0xF9, 0x00, 0x10, 0x0A, 0x44,
  0x40, 0xF2, 0x71, 0x21, 0x01, 0xFB, 0x05, 0x25, 0x1D, 0x44, 0xB7, 0xF1,
  0xFF, 0x3F, 0x66, 0xD0, 0x0D, 0xF1, 0x18, 0x0A, 0x50, 0x46, 0x03, 0xF7,
  0xAF, 0xFC, 0xDD, 0xF8, 0x18, 0xC0, 0xBD, 0xF8, 0x1C, 0x40, 0x9C, 0x4B,
  0x9A, 0xE8, 0x07, 0x00, 0x83, 0xE8, 0x07, 0x00, 0xA7, 0xEB, 0x0C, 0x00,
  0x20, 0xF0, 0x70, 0x40, 0x6F, 0xF0, 0x78, 0x43, 0x98, 0x42, 0x80, 0xF0,
  0xC9, 0x80, 0x67, 0x45, 0x36, 0xD0, 0xFF, 0xF7, 0x87, 0xFC, 0xA0, 0x45,
  0x36, 0xD2, 0xA4, 0xEB, 0x08, 0x03, 0x5B, 0x10, 0xDB, 0x03, 0x03, 0xF5,
  0x74, 0x23, 0x03, 0xF2, 0x3F, 0x23, 0x8F, 0x4C, 0xA4, 0xFB, 0x03, 0x34,
  0xA0, 0xEB, 0x94, 0x44, 0x6B, 0x08, 0xDB, 0x03, 0x03, 0xF5, 0x74, 0x23,
  0x03, 0xF2, 0x3F, 0x23, 0x89, 0x4A, 0xA2, 0xFB, 0x03, 0x23, 0xA4, 0xEB,
  0x93, 0x44, 0x5E, 0xB3, 0x87, 0x4B, 0xB3, 0xF9, 0x00, 0x30, 0xE4, 0x1A,
  0x11, 0x3C, 0x80, 0x4B, 0xD3, 0xF8, 0x10, 0x34, 0x01, 0x33, 0xA3, 0x42,
  0x00, 0xF3, 0x9C, 0x80, 0x7C, 0x4B, 0xD3, 0xF8, 0x08, 0x34, 0x9C, 0x42,
  0x28, 0xBF, 0x1C, 0x46, 0x29, 0xE0, 0x04, 0xF2, 0x71, 0x23, 0xA3, 0xEB,
  0x0B, 0x03, 0x9B, 0xB2, 0x01, 0x3D, 0xA0, 0xE7, 0xA0, 0x45, 0xC6, 0xD8,
  0x01, 0x25, 0x94, 0xE0, 0xA8, 0xEB, 0x04, 0x03, 0x5B, 0x10, 0xDB, 0x03,
  0x03, 0xF5, 0x74, 0x23, 0x03, 0xF2, 0x3F, 0x23, 0x73, 0x4C, 0xA4, 0xFB,
  0x03, 0x34, 0x00, 0xEB, 0x94, 0x44, 0xC7, 0xE7, 0x72, 0x4B, 0xB3, 0xF9,
  0x00, 0x30, 0xE4, 0x1A, 0xD2, 0xE7, 0x02, 0xAC, 0x20, 0x46, 0x03, 0xF7,
  0x49, 0xFC, 0x6B, 0x4B, 0x94, 0xE8, 0x07, 0x00, 0x83, 0xE8, 0x07, 0x00,
  0x65, 0x4B, 0xD3, 0xF8, 0x08, 0x44, 0x6B, 0x4B, 0x5B, 0x78, 0xFF, 0x2B,
  0x0B, 0xD0, 0x6A, 0x48, 0x02, 0x68, 0xDB, 0x00, 0xF0, 0x21, 0x99, 0x40,
  0x22, 0xEA, 0x01, 0x02, 0x40, 0x21, 0x01, 0xFA, 0x03, 0xF3, 0x13, 0x43,
  0x03, 0x60, 0x01, 0xF7, 0xE1, 0xFE, 0x00, 0x28, 0x54, 0xD0, 0x61, 0x4B,
  0x5B, 0x78, 0xFF, 0x2B, 0x08, 0xD0, 0x60, 0x48, 0x02, 0x68, 0xDB, 0x00,
  0x02, 0x21, 0x01, 0xFA, 0x03, 0xF3, 0x22, 0xEA, 0x03, 0x03, 0x03, 0x60,
  0x27, 0x46, 0x5C, 0x4B, 0x1C, 0x60, 0x59, 0x4B, 0x5B, 0x78, 0xFF, 0x2B,
  0x08, 0xD0, 0x58, 0x48, 0x02, 0x68, 0xDB, 0x00, 0x01, 0x21, 0x99, 0x40,
  0x22, 0xEA, 0x01, 0x03, 0x0B, 0x43, 0x03, 0x60, 0x02, 0x20, 0x03, 0xF7,
  0x17, 0xFD, 0x54, 0x4A, 0x13, 0x68, 0x43, 0xF0, 0x00, 0x43, 0x13, 0x60,
  0x01, 0x21, 0x30, 0x46, 0xFF, 0xF7, 0x36, 0xFD, 0x50, 0x4C, 0x02, 0xAD,
  0x28, 0x46, 0x03, 0xF7, 0xFF, 0xFB, 0x04, 0xF1, 0x60, 0x03, 0x95, 0xE8,
  0x07, 0x00, 0x83, 0xE8, 0x07, 0x00, 0x4C, 0x4B, 0xDB, 0x6A, 0x98, 0x47,
  0x4B, 0x4B, 0x1B, 0x69, 0x63, 0x62, 0xA7, 0x62, 0x84, 0xF8, 0x6C, 0x90,
  0x3B, 0x4B, 0x1A, 0x1D, 0x07, 0xCA, 0x84, 0xE8, 0x07, 0x00, 0x04, 0xF1,
  0x0C, 0x05, 0x03, 0xF1, 0x10, 0x02, 0x07, 0xCA, 0x85, 0xE8, 0x07, 0x00,
  0x18, 0x34, 0x1C, 0x33, 0x93, 0xE8, 0x07, 0x00, 0x84, 0xE8, 0x07, 0x00,
  0x01, 0x21, 0x30, 0x46, 0x03, 0xF7, 0x7A, 0xFC, 0x02, 0x25, 0x19, 0xE0,
  0x00, 0x25, 0x0A, 0xE0, 0x01, 0x25, 0x08, 0xE0, 0x01, 0x25, 0x06, 0xE0,
  0x01, 0x25, 0x04, 0xE0, 0x01, 0x25, 0x02, 0xE0, 0x01, 0x25, 0x00, 0xE0,
  0x01, 0x25, 0x30, 0x4B, 0x5B, 0x78, 0xFF, 0x2B, 0x08, 0xD0, 0x2F, 0x48,
  0x02, 0x68, 0xDB, 0x00, 0x02, 0x21, 0x01, 0xFA, 0x03, 0xF3, 0x22, 0xEA,
  0x03, 0x03, 0x03, 0x60, 0x30, 0x4B, 0x1D, 0x70, 0x00, 0xE0, 0x00, 0x25,
  0x28, 0x46, 0x0D, 0xB0, 0xBD, 0xE8, 0xF0, 0x8F, 0x00, 0x25, 0xF9, 0xE7,
  0x1D, 0x4B, 0x1B, 0x69, 0xB3, 0xF1, 0xFF, 0x3F, 0x30, 0xD0, 0x1B, 0x4A,
  0xB2, 0xF8, 0x14, 0x80, 0x1F, 0x46, 0x4F, 0xF0, 0x02, 0x09, 0x18, 0x4B,
  0x5B, 0x68, 0xB3, 0xF1, 0xFF, 0x3F, 0x3F, 0xF4, 0xFC, 0xAD, 0x24, 0x4A,
  0x11, 0x78, 0x19, 0x44, 0x13, 0x4B, 0x1B, 0x89, 0xA3, 0xF5, 0x75, 0x73,
  0x98, 0xB2, 0x1B, 0xB2, 0x00, 0x2B, 0xFF, 0xF6, 0xDA, 0xAD, 0x21, 0xF0,
  0x70, 0x41, 0x9B, 0xB2, 0xB7, 0xF1, 0xFF, 0x3F, 0x3F, 0xF4, 0xE5, 0xAD,
  0xCA, 0x1B, 0x22, 0xF0, 0x70, 0x42, 0x6F, 0xF0, 0x78, 0x40, 0x82, 0x42,
  0xBF, 0xF4, 0x19, 0xAE, 0xB9, 0x42, 0x7F, 0xF4, 0xDE, 0xAD, 0x43, 0x45,
  0xBF, 0xF4, 0xDB, 0xAD, 0x98, 0x46, 0x4F, 0xF0, 0x03, 0x09, 0xD6, 0xE5,
  0x1F, 0x46, 0x4F, 0xF0, 0x00, 0x08, 0xC1, 0x46, 0xCF, 0xE7, 0x00, 0xBF,
  0xA8, 0xA9, 0x20, 0x00, 0x4A, 0x12, 0x20, 0x00, 0x52, 0x12, 0x20, 0x00,
  0x1C, 0xAE, 0x20, 0x00, 0x83, 0xDE, 0x1B, 0x43, 0x0E, 0x12, 0x20, 0x00,
  0x0C, 0x12, 0x20, 0x00, 0x40, 0x40, 0x20, 0x00, 0x64, 0x00, 0x60, 0x40,
  0x34, 0x00, 0x60, 0x40, 0x08, 0x00, 0x58, 0x40, 0xC8, 0xAD, 0x20, 0x00,
  0xC8, 0xA6, 0x20, 0x00, 0x00, 0x10, 0x50, 0x40, 0x3D, 0x7F, 0x1E, 0x00,
  0x98, 0x79, 0x20, 0x00, 0x83, 0x88, 0xB3, 0xF5, 0xA0, 0x7F, 0x28, 0xBF,
  0x4F, 0xF4, 0xA0, 0x73, 0x83, 0x80, 0x43, 0x88, 0xB3, 0xF5, 0xA0, 0x7F,
  0x28, 0xBF, 0x4F, 0xF4, 0xA0, 0x73, 0x43, 0x80, 0x00, 0x20, 0x70, 0x47,
  0x38, 0xB5, 0x0D, 0x46, 0x14, 0x46, 0x04, 0x23, 0x02, 0x46, 0x00, 0x21,
  0x4F, 0xF4, 0x88, 0x50, 0x01, 0xF7, 0xBA, 0xFF, 0x05, 0x70, 0x44, 0x80,
  0xF9, 0xF6, 0x42, 0xFB, 0x38, 0xBD, 0x00, 0x00, 0x70, 0xB5, 0x04, 0x46,
  0x08, 0x46, 0x15, 0x46, 0x0A, 0x0A, 0x12, 0x4B, 0x53, 0xF8, 0x22, 0x60,
  0x02, 0xF7, 0x3A, 0xFC, 0x88, 0xB1, 0x63, 0x88, 0x13, 0xF0, 0xF0, 0x0F,
  0x14, 0xD1, 0x13, 0xF0, 0x0A, 0x0F, 0x13, 0xD1, 0x73, 0x84, 0x0C, 0x4A,
  0x11, 0x78, 0x39, 0xB1, 0x96, 0xF8, 0x36, 0x10, 0x71, 0xB9, 0x23, 0xF0,
  0x01, 0x03, 0x73, 0x84, 0x00, 0xE0, 0x02, 0x21, 0x22, 0x88, 0x28, 0x46,
  0xFF, 0xF7, 0xCE, 0xFF, 0x00, 0x20, 0x70, 0xBD, 0x12, 0x21, 0xF7, 0xE7,
  0x11, 0x21, 0xF5, 0xE7, 0x00, 0x21, 0xF3, 0xE7, 0x00, 0x36, 0x20, 0x00,
  0x2C, 0x2D, 0x20, 0x00, 0x10, 0xB4, 0x83, 0xB0, 0x04, 0x46, 0x0B, 0x4B,
  0x93, 0xE8, 0x03, 0x00, 0x00, 0x90, 0xAD, 0xF8, 0x04, 0x10, 0x6B, 0x46,
  0x0D, 0xF1, 0x06, 0x01, 0x13, 0xF8, 0x01, 0x2B, 0xA2, 0x42, 0x06, 0xD0,
  0x8B, 0x42, 0xF9, 0xD1, 0x00, 0x20, 0x03, 0xB0, 0x5D, 0xF8, 0x04, 0x4B,
  0x70, 0x47, 0x01, 0x20, 0xF9, 0xE7, 0x00, 0xBF, 0xF8, 0x7B, 0x1E, 0x00,
  0x08, 0xB5, 0x08, 0x46, 0xC1, 0xF6, 0x62, 0xF8, 0x08, 0xBD, 0x00, 0x00,
  0x2D, 0xE9, 0xF0, 0x41, 0x04, 0x46, 0x16, 0x46, 0x03, 0x0A, 0x23, 0x48,
  0x00, 0x68, 0x18, 0xB1, 0x03, 0xF5, 0xC0, 0x72, 0x8A, 0x42, 0x0D, 0xD0,
  0x20, 0x4A, 0x12, 0x68, 0x00, 0x2A, 0x38, 0xD0, 0x03, 0xF5, 0x20, 0x73,
  0x8B, 0x42, 0x08, 0xBF, 0x4F, 0xF0, 0x01, 0x08, 0x04, 0xD0, 0x02, 0x20,
  0xBD, 0xE8, 0xF0, 0x81, 0x4F, 0xF0, 0x00, 0x08, 0x4F, 0xEA, 0xC8, 0x07,
  0x16, 0x4D, 0x05, 0xEB, 0xC8, 0x03, 0x5B, 0x68, 0x33, 0xB1, 0x16, 0x4B,
  0x9B, 0x6E, 0x41, 0xF6, 0x48, 0x52, 0x00, 0x21, 0x14, 0x48, 0x98, 0x47,
  0x7B, 0x59, 0xDB, 0x7F, 0x04, 0x2B, 0x01, 0xD0, 0x0C, 0x20, 0xE7, 0xE7,
  0x32, 0x46, 0x41, 0x46, 0x20, 0x46, 0x10, 0x4B, 0x98, 0x47, 0x20, 0x46,
  0xA9, 0xF6, 0x96, 0xFC, 0x7B, 0x59, 0x93, 0xF8, 0x22, 0x30, 0x43, 0xB1,
  0x7B, 0x59, 0x07, 0x22, 0xDA, 0x77, 0x05, 0x21, 0x20, 0x46, 0x02, 0xF7,
  0x49, 0xFB, 0x00, 0x20, 0xD2, 0xE7, 0x40, 0x46, 0xC1, 0xF6, 0x18, 0xF8,
  0xF2, 0xE7, 0x02, 0x20, 0xCC, 0xE7, 0x00, 0xBF, 0x10, 0x20, 0x20, 0x00,
  0x18, 0x20, 0x20, 0x00, 0x40, 0x19, 0x20, 0x00, 0x00, 0x7C, 0x1E, 0x00,
  0x51, 0x75, 0x08, 0x00, 0x2D, 0xE9, 0xF8, 0x43, 0x05, 0x46, 0x0C, 0x46,
  0x16, 0x46, 0x0F, 0x0A, 0x22, 0x4B, 0x53, 0xF8, 0x27, 0x80, 0x08, 0x46,
  0x02, 0xF7, 0x92, 0xFB, 0xA8, 0xB1, 0xA0, 0xF1, 0x16, 0x03, 0xDB, 0xB2,
  0x03, 0x2B, 0x10, 0xD9, 0x95, 0xF8, 0x02, 0x90, 0x48, 0x46, 0xFF, 0xF7,
  0x71, 0xFF, 0x88, 0xB1, 0x2B, 0x88, 0x80, 0x37, 0xBB, 0x42, 0x13, 0xD0,
  0x20, 0x46, 0x02, 0xF7, 0x7F, 0xFB, 0x01, 0x28, 0x1F, 0xD0, 0x02, 0x20,
  0x04, 0xE0, 0x0C, 0x21, 0x30, 0x46, 0xA8, 0xF6, 0x93, 0xFF, 0x00, 0x20,
  0xBD, 0xE8, 0xF8, 0x83, 0x12, 0x21, 0x30, 0x46, 0xA8, 0xF6, 0x8C, 0xFF,
  0x00, 0x20, 0xF7, 0xE7, 0x88, 0xF8, 0x37, 0x90, 0x01, 0x23, 0x88, 0xF8,
  0xB6, 0x32, 0x22, 0x46, 0x21, 0x46, 0x40, 0xF2, 0x21, 0x60, 0x01, 0xF7,
  0x0F, 0xFF, 0x00, 0x21, 0x30, 0x46, 0xA8, 0xF6, 0x7B, 0xFF, 0x00, 0x20,
  0xE6, 0xE7, 0xAA, 0x78, 0x29, 0x88, 0x20, 0x46, 0xFF, 0xF7, 0x64, 0xFF,
  0x01, 0x46, 0x30, 0x46, 0xA8, 0xF6, 0x70, 0xFF, 0x00, 0x20, 0xDB, 0xE7,
  0x00, 0x36, 0x20, 0x00, 0x38, 0xB5, 0x05, 0x46, 0x08, 0x46, 0x11, 0x46,
  0x1C, 0x46, 0x40, 0xF2, 0x3E, 0x43, 0x9C, 0x42, 0x67, 0xD0, 0x14, 0xD9,
  0x40, 0xF6, 0x5F, 0x43, 0x9C, 0x42, 0x3B, 0xD0, 0xB4, 0xF5, 0x46, 0x6F,
  0x2A, 0xD3, 0x41, 0xF2, 0x05, 0x43, 0x9C, 0x42, 0x53, 0xD1, 0x34, 0x4B,
  0x1B, 0x78, 0x00, 0x2B, 0x4F, 0xD0, 0x41, 0xF2, 0x05, 0x42, 0x2C, 0xF0,
  0x87, 0xFA, 0x05, 0x46, 0x2F, 0xE0, 0x40, 0xF2, 0x19, 0x43, 0x9C, 0x42,
  0x31, 0xD0, 0x09, 0xD9, 0x40, 0xF2, 0x3D, 0x43, 0x9C, 0x42, 0x40, 0xD1,
  0x40, 0xF2, 0x3D, 0x42, 0x2A, 0xF0, 0x4E, 0xFC, 0x05, 0x46, 0x20, 0xE0,
  0x40, 0xF2, 0x06, 0x43, 0x9C, 0x42, 0x44, 0xD0, 0x40, 0xF2, 0x09, 0x43,
  0x9C, 0x42, 0x32, 0xD1, 0x40, 0xF2, 0x09, 0x42, 0x2A, 0xF0, 0xAA, 0xFA,
  0x05, 0x46, 0x12, 0xE0, 0x40, 0xF6, 0x03, 0x03, 0x9C, 0x42, 0x1A, 0xD0,
  0x40, 0xF6, 0x0D, 0x03, 0x9C, 0x42, 0x24, 0xD1, 0x40, 0xF6, 0x0D, 0x02,
  0xFF, 0xF7, 0xC4, 0xFE, 0x05, 0x46, 0x04, 0xE0, 0x40, 0xF6, 0x5F, 0x42,
  0x2A, 0xF0, 0x68, 0xFA, 0x00, 0x25, 0x21, 0x46, 0x17, 0x48, 0x01, 0xF7,
  0xC5, 0xF9, 0x28, 0x46, 0x38, 0xBD, 0x40, 0xF2, 0x19, 0x42, 0x2A, 0xF0,
  0xFF, 0xFA, 0x05, 0x46, 0xF3, 0xE7, 0x83, 0x88, 0xB3, 0xF5, 0xA0, 0x7F,
  0x28, 0xBF, 0x4F, 0xF4, 0xA0, 0x73, 0x83, 0x80, 0x43, 0x88, 0xB3, 0xF5,
  0xA0, 0x7F, 0x28, 0xBF, 0x4F, 0xF4, 0xA0, 0x73, 0x43, 0x80, 0x23, 0x46,
  0x0A, 0x46, 0x01, 0x46, 0x28, 0x46, 0x0A, 0x4C, 0xA0, 0x47, 0x05, 0x46,
  0xE1, 0xE7, 0x40, 0xF2, 0x3E, 0x42, 0x2A, 0xF0, 0x15, 0xFC, 0x05, 0x46,
  0xD7, 0xE7, 0x40, 0xF2, 0x06, 0x42, 0xFF, 0xF7, 0x37, 0xFF, 0x05, 0x46,
  0xD1, 0xE7, 0x00, 0xBF, 0x50, 0x7F, 0x1E, 0x00, 0x30, 0x7C, 0x1E, 0x00,
  0x81, 0x00, 0x09, 0x00, 0x03, 0x46, 0x00, 0x20, 0x18, 0x73, 0x70, 0x47,
  0x2D, 0xE9, 0xF0, 0x47, 0x82, 0xB0, 0x04, 0x46, 0x0D, 0x46, 0x03, 0x88,
  0x0D, 0x3B, 0x3A, 0x2B, 0x00, 0xF2, 0xD8, 0x80, 0xDF, 0xE8, 0x13, 0xF0,
  0x3B, 0x00, 0xD6, 0x00, 0xD6, 0x00, 0xD6, 0x00, 0xD6, 0x00, 0xD6, 0x00,
  0xD6, 0x00, 0xD6, 0x00, 0xD6, 0x00, 0xD6, 0x00, 0xD6, 0x00, 0xD6, 0x00,
  0xD6, 0x00, 0xD6, 0x00, 0xD6, 0x00, 0xD6, 0x00, 0xD6, 0x00, 0xD6, 0x00,
  0xD6, 0x00, 0xD2, 0x00, 0xD6, 0x00, 0xD6, 0x00, 0xD6, 0x00, 0xD6, 0x00,
  0xD6, 0x00, 0xD6, 0x00, 0xE2, 0x00, 0xF1, 0x00, 0xD6, 0x00, 0xD6, 0x00,
  0xD6, 0x00, 0xD6, 0x00, 0xD6, 0x00, 0xD6, 0x00, 0xD6, 0x00, 0xF5, 0x00,
  0x12, 0x01, 0x23, 0x01, 0x42, 0x01, 0xD6, 0x00, 0xD6, 0x00, 0xD6, 0x00,
  0xD6, 0x00, 0xD6, 0x00, 0xD6, 0x00, 0xD6, 0x00, 0xD6, 0x00, 0xD6, 0x00,
  0xD6, 0x00, 0xD6, 0x00, 0xD6, 0x00, 0xD6, 0x00, 0xD6, 0x00, 0xD6, 0x00,
  0xD6, 0x00, 0xD6, 0x00, 0xD6, 0x00, 0xD6, 0x00, 0xDE, 0x00, 0x03, 0x79,
  0x01, 0x2B, 0x40, 0xF0, 0x97, 0x80, 0x84, 0x4E, 0x11, 0x23, 0xA6, 0xF8,
  0x2E, 0x31, 0x83, 0x4A, 0x13, 0x80, 0x06, 0xF5, 0x98, 0x7A, 0x08, 0x22,
  0x81, 0x49, 0x50, 0x46, 0x0C, 0xF7, 0xB4, 0xFF, 0x96, 0xF8, 0x31, 0x31,
  0x96, 0xF8, 0x30, 0x81, 0x48, 0xEA, 0x03, 0x28, 0x28, 0xF0, 0x08, 0x08,
  0x63, 0x79, 0x48, 0xEA, 0xC3, 0x08, 0x48, 0xF0, 0x20, 0x08, 0x96, 0xF8,
  0x37, 0x31, 0x96, 0xF8, 0x36, 0x71, 0x47, 0xEA, 0x03, 0x27, 0xC7, 0xF3,
  0x0E, 0x07, 0xA3, 0x79, 0x47, 0xEA, 0xC3, 0x37, 0xBF, 0xB2, 0x96, 0xF8,
  0x35, 0x91, 0x96, 0xF8, 0x34, 0x31, 0x43, 0xEA, 0x09, 0x23, 0x96, 0xF8,
  0x33, 0x21, 0x96, 0xF8, 0x32, 0x91, 0x49, 0xEA, 0x02, 0x29, 0x49, 0xEA,
  0x03, 0x49, 0x29, 0xF4, 0xA0, 0x63, 0xE2, 0x79, 0x94, 0xF8, 0x08, 0x90,
  0x4F, 0xEA, 0x89, 0x29, 0x49, 0xEA, 0x02, 0x29, 0x49, 0xEA, 0x03, 0x09,
  0xE3, 0x7A, 0x00, 0x93, 0x4B, 0x46, 0x3A, 0x46, 0x41, 0x46, 0x65, 0x48,
  0x01, 0xF7, 0xFE, 0xF8, 0xA6, 0xF8, 0x30, 0x81, 0xA6, 0xF8, 0x36, 0x71,
  0xC6, 0xF8, 0x32, 0x91, 0x08, 0x22, 0x51, 0x46, 0x60, 0x48, 0x0C, 0xF7,
  0x6F, 0xFF, 0x63, 0x88, 0x07, 0x2B, 0x02, 0xD9, 0xE3, 0x7A, 0x01, 0x2B,
  0x20, 0xD0, 0x5D, 0x4B, 0x1A, 0x68, 0x22, 0xF0, 0x0F, 0x02, 0x42, 0xF0,
  0x04, 0x02, 0x1A, 0x60, 0x5A, 0x68, 0x22, 0xF0, 0x0F, 0x02, 0x42, 0xF0,
  0x04, 0x02, 0x5A, 0x60, 0x9A, 0x68, 0x22, 0xF0, 0x0F, 0x02, 0x42, 0xF0,
  0x04, 0x02, 0x9A, 0x60, 0xDA, 0x68, 0x22, 0xF0, 0x0F, 0x02, 0x42, 0xF0,
  0x04, 0x02, 0xDA, 0x60, 0x4B, 0x4B, 0x00, 0x22, 0x83, 0xF8, 0xED, 0x22,
  0x01, 0x22, 0x83, 0xF8, 0xEE, 0x22, 0x1D, 0xE0, 0x4C, 0x4B, 0x1A, 0x69,
  0x22, 0xF0, 0x0F, 0x02, 0x42, 0xF0, 0x0D, 0x02, 0x1A, 0x61, 0x5A, 0x69,
  0x22, 0xF0, 0x0F, 0x02, 0x42, 0xF0, 0x0D, 0x02, 0x5A, 0x61, 0x9A, 0x69,
  0x22, 0xF0, 0x0F, 0x02, 0x42, 0xF0, 0x0D, 0x02, 0x9A, 0x61, 0xDA, 0x69,
  0x22, 0xF0, 0x0F, 0x02, 0x42, 0xF0, 0x0D, 0x02, 0xDA, 0x61, 0xDD, 0xE7,
  0x02, 0x79, 0x3A, 0x4B, 0x83, 0xF8, 0xD2, 0x22, 0x29, 0x46, 0x20, 0x46,
  0x3D, 0x4B, 0x98, 0x47, 0x00, 0x20, 0x02, 0xB0, 0xBD, 0xE8, 0xF0, 0x87,
  0x02, 0x79, 0x3B, 0x4B, 0x1A, 0x70, 0xF3, 0xE7, 0x03, 0x79, 0x01, 0x2B,
  0x06, 0xD0, 0x02, 0x2B, 0xEE, 0xD1, 0x90, 0xF9, 0x05, 0x00, 0x29, 0xF0,
  0xAB, 0xF9, 0xE9, 0xE7, 0x90, 0xF9, 0x05, 0x00, 0x29, 0xF0, 0xCA, 0xF9,
  0xE4, 0xE7, 0x02, 0x79, 0x32, 0x4B, 0x1A, 0x70, 0xE0, 0xE7, 0x02, 0x79,
  0x31, 0x4B, 0x1A, 0x70, 0x43, 0x79, 0x31, 0x4A, 0x13, 0x70, 0x81, 0x79,
  0x30, 0x4A, 0x11, 0x70, 0x33, 0xB9, 0x30, 0x4B, 0x9B, 0x6E, 0x41, 0xF6,
  0xF9, 0x62, 0x00, 0x21, 0x2E, 0x48, 0x98, 0x47, 0x2B, 0x4B, 0x1B, 0x78,
  0x00, 0x2B, 0xCB, 0xD1, 0x2A, 0x4B, 0x9B, 0x6E, 0x41, 0xF6, 0xFA, 0x62,
  0x00, 0x21, 0x2A, 0x48, 0x98, 0x47, 0xC3, 0xE7, 0xEF, 0xF3, 0x10, 0x83,
  0x13, 0xF0, 0x01, 0x06, 0x00, 0xD1, 0x72, 0xB6, 0x23, 0x79, 0x2B, 0xB1,
  0x2C, 0xF0, 0x0C, 0xFC, 0x00, 0x2E, 0xB7, 0xD1, 0x62, 0xB6, 0xB5, 0xE7,
  0x2C, 0xF0, 0x3A, 0xFC, 0xF8, 0xE7, 0x60, 0x23, 0x00, 0x22, 0x11, 0x46,
  0x41, 0xF2, 0x08, 0x10, 0x01, 0xF7, 0x02, 0xFD, 0x06, 0x46, 0x02, 0x23,
  0x03, 0x70, 0x05, 0x23, 0x43, 0x70, 0x1B, 0x4A, 0x13, 0x68, 0x9B, 0xB2,
  0x43, 0x60, 0x13, 0x68, 0xC3, 0xF3, 0x07, 0x43, 0x83, 0x60, 0xFF, 0x23,
  0xC3, 0x60, 0x40, 0x22, 0x16, 0x49, 0x10, 0x30, 0x0C, 0xF7, 0xC2, 0xFE,
  0x30, 0x46, 0xF9, 0xF6, 0x77, 0xF8, 0x93, 0xE7, 0x02, 0x79, 0x13, 0x4B,
  0x83, 0xF8, 0x69, 0x20, 0x8E, 0xE7, 0x00, 0xBF, 0x34, 0x2D, 0x20, 0x00,
  0x0C, 0x20, 0x20, 0x00, 0x94, 0x08, 0x0F, 0x00, 0x3C, 0x7C, 0x1E, 0x00,
  0xCD, 0x36, 0x20, 0x00, 0x00, 0x40, 0x50, 0x40, 0x2D, 0x3B, 0x08, 0x00,
  0x2D, 0x7F, 0x1E, 0x00, 0xA5, 0x7E, 0x1E, 0x00, 0x50, 0x7F, 0x1E, 0x00,
  0xA6, 0x7E, 0x1E, 0x00, 0xA4, 0x7E, 0x1E, 0x00, 0x40, 0x19, 0x20, 0x00,
  0x58, 0x7C, 0x1E, 0x00, 0x64, 0x7C, 0x1E, 0x00, 0x00, 0x00, 0x50, 0x40,
  0x7C, 0x7F, 0x1E, 0x00, 0x84, 0xF2, 0x20, 0x00, 0x10, 0xB5, 0x02, 0x46,
  0x0C, 0x46, 0x01, 0x23, 0x00, 0x21, 0x4F, 0xF4, 0x88, 0x50, 0x01, 0xF7,
  0xB7, 0xFC, 0x04, 0x70, 0xF9, 0xF6, 0x40, 0xF8, 0x10, 0xBD, 0x00, 0x00,
  0x38, 0xB9, 0x08, 0x4A, 0x13, 0x68, 0x23, 0xF0, 0xFF, 0x03, 0x43, 0xF0,
  0x80, 0x03, 0x13, 0x60, 0x70, 0x47, 0x04, 0x4A, 0x13, 0x68, 0x23, 0xF0,
  0xFF, 0x03, 0x43, 0xF0, 0xFB, 0x03, 0x13, 0x60, 0x70, 0x47, 0x00, 0xBF,
  0x88, 0x40, 0x34, 0x40, 0x10, 0xB5, 0x0A, 0x46, 0x41, 0x23, 0x00, 0x21,
  0x4F, 0xF4, 0x88, 0x50, 0x01, 0xF7, 0x96, 0xFC, 0x04, 0x46, 0x01, 0x46,
  0x00, 0x23, 0x01, 0xF8, 0x01, 0x3B, 0x11, 0x30, 0xA1, 0xF6, 0x28, 0xF8,
  0xA0, 0xF6, 0x94, 0xFF, 0x20, 0xB9, 0x20, 0x46, 0xF9, 0xF6, 0x14, 0xF8,
  0x00, 0x20, 0x10, 0xBD, 0x04, 0xF1, 0x21, 0x01, 0x04, 0xF1, 0x31, 0x00,
  0xA1, 0xF6, 0x3A, 0xF8, 0xF3, 0xE7, 0x00, 0x00, 0x08, 0xB5, 0x05, 0x4B,
  0x18, 0x68, 0x28, 0xB1, 0x0C, 0x38, 0x01, 0xF7, 0xF7, 0xFD, 0x02, 0x4B,
  0x00, 0x22, 0x1A, 0x60, 0x08, 0xBD, 0x00, 0xBF, 0x00, 0xF2, 0x20, 0x00,
  0x08, 0xB5, 0x07, 0x4B, 0x1B, 0x68, 0x03, 0xB1, 0x08, 0xBD, 0x04, 0x23,
  0xFF, 0x22, 0x01, 0x21, 0x40, 0xF2, 0x36, 0x60, 0x01, 0xF7, 0x64, 0xFC,
  0x01, 0x4B, 0x18, 0x60, 0xF4, 0xE7, 0x00, 0xBF, 0x00, 0xF2, 0x20, 0x00,
  0x10, 0xB5, 0x82, 0xB0, 0x04, 0x9C, 0x00, 0x94, 0x04, 0xF7, 0x52, 0xFC,
  0x02, 0xB0, 0x10, 0xBD, 0x2D, 0xE9, 0xF0, 0x47, 0x04, 0x46, 0x7D, 0x4B,
  0x9B, 0x7F, 0xFF, 0x2B, 0x08, 0xD0, 0x7C, 0x48, 0x02, 0x68, 0xDB, 0x00,
  0x02, 0x21, 0x99, 0x40, 0x22, 0xEA, 0x01, 0x03, 0x0B, 0x43, 0x03, 0x60,
  0x78, 0x4B, 0x79, 0x4A, 0x13, 0x60, 0x93, 0xF8, 0x00, 0x11, 0xA1, 0x42,
  0x06, 0xD0, 0x77, 0x4B, 0xDD, 0x6E, 0x42, 0xF2, 0xC1, 0x13, 0x00, 0x22,
  0x20, 0x46, 0xA8, 0x47, 0x25, 0x46, 0x04, 0xF1, 0x80, 0x63, 0x03, 0xF5,
  0xC2, 0x23, 0x1B, 0x01, 0x1E, 0x88, 0xC6, 0xF3, 0xC2, 0x06, 0x6E, 0x4B,
  0x1B, 0x68, 0x93, 0xF8, 0x02, 0x31, 0x33, 0xB9, 0x6C, 0x4B, 0x9B, 0x6E,
  0x42, 0xF2, 0xC9, 0x12, 0x00, 0x21, 0x6B, 0x48, 0x98, 0x47, 0x68, 0x4B,
  0x1B, 0x68, 0x03, 0xEB, 0x05, 0x13, 0x1B, 0x7B, 0x3B, 0xB9, 0x66, 0x4B,
  0xDF, 0x6E, 0x42, 0xF2, 0xCC, 0x13, 0x00, 0x22, 0x29, 0x46, 0x30, 0x46,
  0xB8, 0x47, 0xF3, 0x1E, 0xDB, 0xB2, 0x02, 0x2B, 0x06, 0xD9, 0x60, 0x4B,
  0x9B, 0x6E, 0x42, 0xF2, 0xCF, 0x12, 0x00, 0x21, 0x5F, 0x48, 0x98, 0x47,
  0x03, 0x2E, 0x2D, 0xD0, 0x04, 0x2E, 0x2D, 0xD0, 0x05, 0x2E, 0x0C, 0xBF,
  0x07, 0x27, 0xFF, 0x27, 0xBC, 0xF6, 0x1E, 0xFD, 0x06, 0x46, 0x07, 0xF7,
  0x2F, 0xF8, 0x80, 0x46, 0x54, 0x4B, 0x1B, 0x68, 0x03, 0xEB, 0x05, 0x13,
  0x5A, 0x68, 0x56, 0x4B, 0x9A, 0x42, 0x1D, 0xD0, 0x50, 0x4B, 0x1A, 0x68,
  0x02, 0xEB, 0x05, 0x13, 0x5B, 0x68, 0x53, 0x49, 0x8B, 0x42, 0x00, 0xF0,
  0xBF, 0x81, 0x52, 0xD9, 0x51, 0x49, 0x8B, 0x42, 0x00, 0xF0, 0xC5, 0x81,
  0x40, 0xF2, 0x39, 0x81, 0x4F, 0x4A, 0x93, 0x42, 0x40, 0xF0, 0x5E, 0x81,
  0x4E, 0x4B, 0x03, 0x22, 0x1A, 0x60, 0x4F, 0xF0, 0x00, 0x08, 0xB1, 0xE0,
  0x00, 0x27, 0xD5, 0xE7, 0x01, 0x27, 0xD3, 0xE7, 0x4A, 0x4B, 0xD3, 0xF8,
  0x00, 0x90, 0x43, 0xF6, 0xA4, 0x03, 0xC9, 0xF8, 0x14, 0x30, 0x01, 0x2E,
  0x32, 0xD9, 0x47, 0x4B, 0x43, 0xF6, 0xA4, 0x02, 0x9A, 0x80, 0x3E, 0xB9,
  0x45, 0x4B, 0x9B, 0x78, 0x01, 0x2B, 0x03, 0xD9, 0x42, 0x4B, 0x40, 0xF6,
  0xC4, 0x12, 0x9A, 0x80, 0x40, 0x4B, 0x9B, 0x88, 0xC9, 0xF8, 0x14, 0x30,
  0x07, 0x20, 0xB7, 0xF6, 0x1B, 0xFB, 0x90, 0xB1, 0x3E, 0x4B, 0x93, 0xF8,
  0x21, 0x30, 0x1B, 0x01, 0x3D, 0x48, 0x1A, 0x5A, 0x92, 0xB2, 0x3D, 0x49,
  0x59, 0x5A, 0xC1, 0xF3, 0xC3, 0x01, 0x02, 0x29, 0x05, 0xD0, 0x12, 0xF0,
  0x07, 0x0F, 0x04, 0xBF, 0x42, 0xF0, 0x04, 0x02, 0x1A, 0x52, 0xC0, 0xF6,
  0x85, 0xFE, 0x00, 0x28, 0xAC, 0xD0, 0x40, 0xF6, 0xA6, 0x63, 0xC9, 0xF8,
  0x14, 0x30, 0x2F, 0x4A, 0x93, 0x80, 0xA5, 0xE7, 0x06, 0xF7, 0x56, 0xFD,
  0xC9, 0xE7, 0x31, 0x49, 0x8B, 0x42, 0x00, 0xF0, 0x38, 0x81, 0x0F, 0xD9,
  0x2F, 0x49, 0x8B, 0x42, 0x64, 0xD1, 0x02, 0xEB, 0x05, 0x12, 0x10, 0x7A,
  0xC3, 0xF6, 0x00, 0xFA, 0x2C, 0x4B, 0x1B, 0x68, 0x02, 0x2B, 0x00, 0xF0,
  0x4B, 0x81, 0x4F, 0xF0, 0x00, 0x08, 0x59, 0xE0, 0x29, 0x4A, 0x93, 0x42,
  0x00, 0xF0, 0xFF, 0x80, 0x02, 0xF6, 0x04, 0x62, 0x93, 0x42, 0x18, 0xBF,
  0x4F, 0xF0, 0x00, 0x08, 0x4E, 0xD1, 0x25, 0x4B, 0xD3, 0xF8, 0x00, 0x80,
  0x1A, 0x4B, 0x41, 0xF6, 0x4C, 0x52, 0x9A, 0x80, 0x3E, 0xB9, 0x19, 0x4B,
  0x9B, 0x78, 0x01, 0x2B, 0x03, 0xD9, 0x16, 0x4B, 0x40, 0xF6, 0xC4, 0x12,
  0x9A, 0x80, 0xC0, 0xF6, 0x47, 0xFE, 0x00, 0x28, 0x00, 0xF0, 0xA2, 0x81,
  0x40, 0xF6, 0xA6, 0x63, 0xC8, 0xF8, 0x14, 0x30, 0x0F, 0x4A, 0x93, 0x80,
  0x4F, 0xF0, 0x00, 0x08, 0x30, 0xE0, 0x00, 0xBF, 0x40, 0x40, 0x20, 0x00,
  0x64, 0x00, 0x60, 0x40, 0x04, 0x26, 0x20, 0x00, 0x74, 0x7F, 0x1E, 0x00,
  0x40, 0x19, 0x20, 0x00, 0x74, 0x7C, 0x1E, 0x00, 0x90, 0x7C, 0x1E, 0x00,
  0xC1, 0x57, 0x1E, 0x00, 0x51, 0x47, 0x0A, 0x00, 0x15, 0xBC, 0x0C, 0x00,
  0xB5, 0xF2, 0x0C, 0x00, 0xAC, 0x7E, 0x1E, 0x00, 0x34, 0x20, 0x20, 0x00,
  0xE4, 0x3D, 0x20, 0x00, 0xD8, 0x2C, 0x20, 0x00, 0xC4, 0x36, 0x20, 0x00,
  0x6A, 0x74, 0x61, 0x40, 0x6C, 0x74, 0x61, 0x40, 0x05, 0xC7, 0x09, 0x00,
  0xF1, 0x3F, 0x0A, 0x00, 0xC8, 0x1F, 0x20, 0x00, 0xF1, 0xAB, 0x09, 0x00,
  0x40, 0x20, 0x20, 0x00, 0x4F, 0xF0, 0x00, 0x08, 0x29, 0xF0, 0x6A, 0xFB,
  0xC0, 0xF6, 0x06, 0xFE, 0x18, 0xB1, 0xBB, 0x4B, 0x40, 0xF6, 0xA6, 0x62,
  0x9A, 0x80, 0xBA, 0x4B, 0x1B, 0x68, 0x20, 0x01, 0x03, 0xEB, 0x04, 0x12,
  0xD2, 0xF8, 0x04, 0x90, 0xB9, 0xF1, 0x00, 0x0F, 0x00, 0xF0, 0x60, 0x81,
  0x03, 0xEB, 0x05, 0x11, 0x3A, 0x46, 0x89, 0x68, 0x18, 0x58, 0xC8, 0x47,
  0xB1, 0x4B, 0x1A, 0x68, 0x02, 0xEB, 0x05, 0x13, 0x5B, 0x68, 0xB0, 0x49,
  0x8B, 0x42, 0x00, 0xF0, 0x7D, 0x81, 0xAF, 0x49, 0x8B, 0x42, 0x00, 0xF0,
  0x93, 0x81, 0x00, 0x22, 0xAD, 0x4B, 0x9A, 0x77, 0xA9, 0x4B, 0x1B, 0x68,
  0x03, 0xEB, 0x05, 0x11, 0x0A, 0x73, 0x93, 0xF8, 0x02, 0x21, 0x01, 0x3A,
  0xD2, 0xB2, 0x83, 0xF8, 0x02, 0x21, 0xA8, 0x49, 0x89, 0x7F, 0xFF, 0x29,
  0x11, 0xD0, 0xA7, 0x4E, 0x33, 0x68, 0xC9, 0x00, 0xF0, 0x20, 0x88, 0x40,
  0x23, 0xEA, 0x00, 0x03, 0x12, 0x01, 0xD2, 0xB2, 0x8A, 0x40, 0x1A, 0x43,
  0x32, 0x60, 0x9C, 0x4B, 0x1B, 0x68, 0x03, 0xEB, 0x05, 0x15, 0x2A, 0x7B,
  0x5A, 0xB9, 0x93, 0xF8, 0x01, 0x21, 0xA2, 0x42, 0x07, 0xD0, 0x01, 0x34,
  0x04, 0xF0, 0x0F, 0x04, 0x03, 0xEB, 0x04, 0x12, 0x12, 0x7B, 0x00, 0x2A,
  0xF3, 0xD0, 0x83, 0xF8, 0x00, 0x41, 0x98, 0x4A, 0x12, 0x68, 0x12, 0xB9,
  0x97, 0x4A, 0x00, 0x21, 0x11, 0x60, 0x93, 0xF8, 0x02, 0x21, 0x22, 0xB9,
  0xD3, 0xF8, 0x04, 0x31, 0x00, 0x2B, 0x00, 0xF0, 0x63, 0x81, 0x8B, 0x4B,
  0x1B, 0x68, 0x93, 0xF8, 0x02, 0x31, 0x00, 0x2B, 0x00, 0xF0, 0x61, 0x81,
  0x8B, 0x4B, 0x9B, 0x7F, 0xFF, 0x2B, 0x08, 0xD0, 0x8A, 0x48, 0x02, 0x68,
  0xDB, 0x00, 0x02, 0x21, 0x01, 0xFA, 0x03, 0xF3, 0x22, 0xEA, 0x03, 0x03,
  0x03, 0x60, 0xBD, 0xE8, 0xF0, 0x87, 0x88, 0x49, 0x8B, 0x42, 0x00, 0xF0,
  0xBE, 0x80, 0x80, 0x49, 0x8B, 0x42, 0x18, 0xBF, 0x4F, 0xF0, 0x00, 0x08,
  0x7F, 0xF4, 0x78, 0xAF, 0x02, 0xEB, 0x05, 0x12, 0x90, 0x68, 0x82, 0x4B,
  0x53, 0xF8, 0x20, 0x90, 0x49, 0x46, 0xC0, 0xB2, 0x2C, 0xF0, 0x84, 0xFA,
  0x01, 0x21, 0x08, 0x46, 0x06, 0xF7, 0x64, 0xFE, 0xD9, 0xF8, 0x74, 0x80,
  0xB8, 0xF5, 0xB0, 0x7F, 0x00, 0xF2, 0xD2, 0x80, 0x00, 0x28, 0x00, 0xF0,
  0xD2, 0x80, 0x03, 0x1D, 0xDB, 0xB2, 0xB8, 0xFB, 0xF3, 0xF3, 0xC9, 0xF8,
  0x74, 0x30, 0x59, 0xE7, 0x4F, 0xF0, 0x00, 0x08, 0x56, 0xE7, 0x74, 0x4B,
  0xD3, 0xF8, 0x00, 0x90, 0xB8, 0xF1, 0x00, 0x0F, 0x00, 0xD1, 0x2E, 0xB1,
  0x00, 0x23, 0xC9, 0xF8, 0x2C, 0x30, 0x01, 0x23, 0x89, 0xF8, 0x38, 0x30,
  0x12, 0x23, 0xA9, 0xF8, 0x36, 0x30, 0xC0, 0xF6, 0x4F, 0xFD, 0x48, 0xB1,
  0x4F, 0xF4, 0x80, 0x43, 0xA9, 0xF8, 0x34, 0x30, 0x07, 0x23, 0xA9, 0xF8,
  0x36, 0x30, 0x4F, 0xF0, 0x00, 0x08, 0x39, 0xE7, 0x4F, 0xF4, 0x00, 0x63,
  0xA9, 0xF8, 0x34, 0x30, 0x4F, 0xF0, 0x00, 0x08, 0x32, 0xE7, 0x63, 0x4B,
  0xD3, 0xF8, 0x00, 0x80, 0x4F, 0xF4, 0x00, 0x63, 0xA8, 0xF8, 0x30, 0x30,
  0x12, 0x23, 0xA8, 0xF8, 0x32, 0x30, 0x5F, 0x4B, 0xC8, 0xF8, 0x20, 0x30,
  0x00, 0x23, 0xC8, 0xF8, 0x2C, 0x30, 0x01, 0x23, 0x88, 0xF8, 0x51, 0x30,
  0xC0, 0xF6, 0x28, 0xFD, 0x00, 0x28, 0x7D, 0xD0, 0x4F, 0xF4, 0x00, 0x63,
  0xA8, 0xF8, 0x30, 0x30, 0x07, 0x23, 0xA8, 0xF8, 0x32, 0x30, 0x4F, 0xF0,
  0x00, 0x08, 0x11, 0xE7, 0x90, 0xF8, 0xCF, 0x30, 0x00, 0x2B, 0x72, 0xD1,
  0x90, 0xF8, 0xD7, 0x30, 0x05, 0x2B, 0x28, 0xBF, 0x05, 0x23, 0x80, 0xF8,
  0xD7, 0x30, 0x4F, 0xF0, 0x00, 0x08, 0x03, 0xE7, 0x02, 0xEB, 0x05, 0x12,
  0x10, 0x7A, 0xC3, 0xF6, 0x9D, 0xF8, 0x40, 0xF6, 0xD4, 0x03, 0x43, 0x61,
  0x4F, 0xF0, 0x00, 0x08, 0xF8, 0xE6, 0x48, 0x4B, 0x1B, 0x68, 0x02, 0xEB,
  0x05, 0x12, 0x92, 0x68, 0x53, 0xF8, 0x22, 0xA0, 0x06, 0xF7, 0xD6, 0xFB,
  0x80, 0x46, 0x01, 0x21, 0x00, 0x20, 0x06, 0xF7, 0xE5, 0xFD, 0x81, 0x46,
  0xBC, 0xF6, 0x2E, 0xFB, 0xB8, 0xF1, 0x00, 0x0F, 0x01, 0xD1, 0x01, 0x28,
  0x1C, 0xD9, 0xBA, 0xF8, 0x36, 0x20, 0x02, 0xF1, 0x64, 0x03, 0xAA, 0xF8,
  0x34, 0x30, 0x2D, 0x4B, 0x1B, 0x68, 0x03, 0xEB, 0x05, 0x13, 0x9B, 0x68,
  0x01, 0x2B, 0x04, 0xBF, 0x02, 0xF5, 0x96, 0x72, 0xAA, 0xF8, 0x34, 0x20,
  0x06, 0xF7, 0xAE, 0xFB, 0x26, 0x4B, 0x1B, 0x68, 0x03, 0xEB, 0x05, 0x13,
  0x98, 0x68, 0x2A, 0xF0, 0x33, 0xFC, 0x4F, 0xF0, 0x00, 0x08, 0xC5, 0xE6,
  0xF2, 0xD1, 0xB9, 0xF1, 0x00, 0x0F, 0xEF, 0xD0, 0xDD, 0xE7, 0x2D, 0x4B,
  0xD3, 0xF8, 0x00, 0x80, 0xB8, 0xF1, 0x00, 0x0F, 0x25, 0xD0, 0x98, 0xF8,
  0x01, 0x30, 0x01, 0x2B, 0x02, 0xD0, 0x4F, 0xF0, 0x00, 0x08, 0xB3, 0xE6,
  0x98, 0xF8, 0x03, 0x00, 0xC3, 0xF6, 0x4E, 0xF8, 0x98, 0xF8, 0x00, 0x20,
  0x03, 0x2A, 0x03, 0xD0, 0x4F, 0xF0, 0x00, 0x08, 0x47, 0x46, 0xA7, 0xE6,
  0x01, 0x22, 0x80, 0xF8, 0xCF, 0x20, 0x02, 0x22, 0x80, 0xF8, 0xD0, 0x20,
  0x4F, 0xF0, 0x00, 0x08, 0x47, 0x46, 0x9D, 0xE6, 0x4F, 0xF0, 0x00, 0x08,
  0x9A, 0xE6, 0x4F, 0xF0, 0x00, 0x08, 0x97, 0xE6, 0x4F, 0xF0, 0x00, 0x08,
  0x94, 0xE6, 0x4F, 0xF0, 0x00, 0x08, 0x91, 0xE6, 0x4F, 0xF0, 0x00, 0x08,
  0x8E, 0xE6, 0x4F, 0xF0, 0x00, 0x08, 0x8B, 0xE6, 0x13, 0x4B, 0x9B, 0x6E,
  0x42, 0xF2, 0x24, 0x32, 0x00, 0x21, 0x12, 0x48, 0x98, 0x47, 0x9D, 0xE6,
  0xE4, 0x3D, 0x20, 0x00, 0x74, 0x7F, 0x1E, 0x00, 0xF5, 0xB9, 0x09, 0x00,
  0xC1, 0x3E, 0x0C, 0x00, 0x18, 0x3D, 0x20, 0x00, 0x40, 0x40, 0x20, 0x00,
  0x64, 0x00, 0x60, 0x40, 0x34, 0x20, 0x20, 0x00, 0x30, 0x7F, 0x1E, 0x00,
  0xED, 0x6E, 0x0A, 0x00, 0x74, 0x24, 0x20, 0x00, 0x3C, 0x20, 0x20, 0x00,
  0x44, 0x20, 0x20, 0x00, 0x19, 0x00, 0x1E, 0x00, 0x10, 0x25, 0x20, 0x00,
  0x50, 0x20, 0x20, 0x00, 0x40, 0x19, 0x20, 0x00, 0xF4, 0x7A, 0x1E, 0x00,
  0xB9, 0xF6, 0x2C, 0xFB, 0x90, 0xF8, 0x4B, 0x30, 0x3E, 0xB9, 0x17, 0x4A,
  0x92, 0x78, 0x01, 0x2A, 0x03, 0xD9, 0x16, 0x4A, 0x92, 0xF8, 0x40, 0x21,
  0x82, 0x76, 0x03, 0xEB, 0x43, 0x03, 0x5B, 0x01, 0x13, 0x4A, 0x9B, 0x5A,
  0x03, 0xF0, 0x1F, 0x03, 0x06, 0x2B, 0x7F, 0xF4, 0x70, 0xAE, 0x11, 0x4B,
  0x98, 0x47, 0x6C, 0xE6, 0x02, 0xEB, 0x05, 0x12, 0x92, 0x68, 0x0F, 0x4B,
  0x53, 0xF8, 0x22, 0x30, 0x00, 0x2B, 0x3F, 0xF4, 0x64, 0xAE, 0xB8, 0xF1,
  0x00, 0x0F, 0x3F, 0xF4, 0x60, 0xAE, 0xC3, 0xF8, 0x74, 0x80, 0x5C, 0xE6,
  0x09, 0x4B, 0xD3, 0xF8, 0x6C, 0x35, 0x98, 0x47, 0x97, 0xE6, 0x40, 0x20,
  0x03, 0xF7, 0x46, 0xFB, 0x9A, 0xE6, 0x00, 0xBF, 0xD8, 0x2C, 0x20, 0x00,
  0x2C, 0x58, 0x0F, 0x00, 0xE8, 0x6F, 0x61, 0x40, 0x75, 0xB4, 0x09, 0x00,
  0x74, 0x24, 0x20, 0x00, 0x40, 0x19, 0x20, 0x00, 0x38, 0xB5, 0x04, 0x46,
  0x4E, 0x4B, 0x4F, 0x4A, 0x13, 0x60, 0x93, 0xF8, 0x00, 0x11, 0x81, 0x42,
  0x05, 0xD0, 0x4D, 0x4B, 0xDD, 0x6E, 0x42, 0xF2, 0xAC, 0x33, 0x00, 0x22,
  0xA8, 0x47, 0x49, 0x4B, 0x1B, 0x68, 0x93, 0xF8, 0x02, 0x31, 0x33, 0xB9,
  0x47, 0x4B, 0x9B, 0x6E, 0x42, 0xF2, 0xAF, 0x32, 0x00, 0x21, 0x46, 0x48,
  0x98, 0x47, 0x43, 0x4B, 0x1B, 0x68, 0x03, 0xEB, 0x04, 0x13, 0x1B, 0x7B,
  0x33, 0xB9, 0x41, 0x4B, 0x9B, 0x6E, 0x42, 0xF2, 0xB2, 0x32, 0x00, 0x21,
  0x40, 0x48, 0x98, 0x47, 0x3C, 0x4B, 0x1A, 0x68, 0x02, 0xEB, 0x04, 0x13,
  0x5B, 0x68, 0x3E, 0x49, 0x8B, 0x42, 0x1F, 0xD0, 0x3D, 0x49, 0x8B, 0x42,
  0x04, 0xD1, 0x02, 0xEB, 0x04, 0x12, 0x90, 0x68, 0x2A, 0xF0, 0x52, 0xFB,
  0x34, 0x4B, 0x1B, 0x68, 0x20, 0x01, 0x03, 0xEB, 0x04, 0x12, 0x55, 0x68,
  0x25, 0xB1, 0x11, 0x46, 0x02, 0x22, 0x89, 0x68, 0x18, 0x58, 0xA8, 0x47,
  0x34, 0x4B, 0x00, 0x22, 0x9A, 0x77, 0x2D, 0x4B, 0x18, 0x68, 0x00, 0xEB,
  0x04, 0x13, 0x5A, 0x68, 0x31, 0x4B, 0x9A, 0x42, 0x05, 0xD0, 0x38, 0xBD,
  0x30, 0x4B, 0x4F, 0xF0, 0x01, 0x12, 0x1A, 0x60, 0xE2, 0xE7, 0x2F, 0x4B,
  0x1B, 0x78, 0x00, 0x2B, 0xF5, 0xD0, 0x00, 0xEB, 0x04, 0x10, 0x82, 0x68,
  0x2C, 0x4B, 0x53, 0xF8, 0x22, 0x10, 0x2C, 0x4B, 0x93, 0xF9, 0x00, 0x20,
  0x02, 0xBB, 0x91, 0xF9, 0xCD, 0x30, 0x7F, 0x2B, 0x08, 0xD0, 0x29, 0x48,
  0x02, 0x78, 0x01, 0x32, 0x02, 0x70, 0x9B, 0xB2, 0x27, 0x4A, 0x10, 0x88,
  0x03, 0x44, 0x13, 0x80, 0x26, 0x4B, 0x1A, 0x78, 0x23, 0x4B, 0x1B, 0x78,
  0xB3, 0xEB, 0x52, 0x0F, 0x16, 0xD9, 0x9A, 0x42, 0x16, 0xD9, 0x21, 0x4A,
  0xB2, 0xF9, 0x00, 0x20, 0x92, 0xFB, 0xF3, 0xF3, 0x5B, 0xB2, 0x81, 0xF8,
  0xCD, 0x30, 0x1B, 0x4A, 0x13, 0x70, 0xCA, 0xE7, 0x1A, 0x48, 0x03, 0x78,
  0x01, 0x33, 0x03, 0x70, 0x91, 0xF9, 0xCD, 0x30, 0x7F, 0x2B, 0xDE, 0xD1,
  0x93, 0xB2, 0xDD, 0xE7, 0x9A, 0x42, 0xBE, 0xD8, 0x15, 0x48, 0xB0, 0xF9,
  0x00, 0x20, 0x92, 0xFB, 0xF3, 0xF3, 0x5B, 0xB2, 0x81, 0xF8, 0xCD, 0x30,
  0x0F, 0x4A, 0x13, 0x70, 0x00, 0x23, 0x03, 0x80, 0x0E, 0x4A, 0x13, 0x70,
  0xAF, 0xE7, 0x00, 0xBF, 0x04, 0x26, 0x20, 0x00, 0x74, 0x7F, 0x1E, 0x00,
  0x40, 0x19, 0x20, 0x00, 0x74, 0x7C, 0x1E, 0x00, 0x18, 0x7D, 0x1E, 0x00,
  0x99, 0x83, 0x0C, 0x00, 0x15, 0xBC, 0x0C, 0x00, 0x18, 0x3D, 0x20, 0x00,
  0xB5, 0xF2, 0x0C, 0x00, 0x34, 0x09, 0x60, 0x40, 0x50, 0x7F, 0x1E, 0x00,
  0x14, 0x25, 0x20, 0x00, 0x52, 0x7F, 0x1E, 0x00, 0x3F, 0x7F, 0x1E, 0x00,
  0x40, 0x7F, 0x1E, 0x00, 0xA4, 0x7E, 0x1E, 0x00, 0x2D, 0xE9, 0xF8, 0x43,
  0x04, 0x46, 0x0E, 0x46, 0xC2, 0xF6, 0xF8, 0xFE, 0x05, 0x46, 0x90, 0xF8,
  0xDF, 0x30, 0xFB, 0xB9, 0x50, 0x4B, 0x33, 0xF8, 0x14, 0x20, 0x50, 0x4B,
  0x33, 0xF8, 0x14, 0x30, 0x9A, 0x42, 0x84, 0xBF, 0x02, 0x23, 0x85, 0xF8,
  0xD7, 0x30, 0x31, 0x46, 0x20, 0x46, 0xBD, 0xF6, 0xDF, 0xFB, 0x4B, 0x4B,
  0x1B, 0x5D, 0x00, 0x2B, 0x5C, 0xD1, 0xBD, 0xE8, 0xF8, 0x83, 0x49, 0x49,
  0x0A, 0x88, 0x01, 0x32, 0x0A, 0x80, 0x45, 0x49, 0x31, 0xF8, 0x14, 0x20,
  0x01, 0x32, 0x21, 0xF8, 0x14, 0x20, 0x16, 0xE0, 0x90, 0xF8, 0xCE, 0x20,
  0x90, 0xF8, 0xDD, 0x30, 0x03, 0xEB, 0x42, 0x03, 0xDB, 0xB2, 0x03, 0xEB,
  0x43, 0x03, 0x9B, 0x00, 0x3F, 0x4A, 0x9A, 0x5A, 0x12, 0xF4, 0x00, 0x4F,
  0xD0, 0xD0, 0x3E, 0x4A, 0x9A, 0x5A, 0x92, 0xB2, 0x1A, 0xB1, 0xD5, 0xF8,
  0x28, 0x21, 0x00, 0x2A, 0xDD, 0xD0, 0x3B, 0x49, 0x5A, 0x5A, 0x92, 0xB2,
  0x00, 0x2A, 0xC3, 0xD0, 0x39, 0x4A, 0x92, 0x7D, 0xFF, 0x2A, 0x0B, 0xD0,
  0xDF, 0xF8, 0xE0, 0xC0, 0xDC, 0xF8, 0x00, 0x00, 0xD2, 0x00, 0x10, 0x27,
  0x97, 0x40, 0x20, 0xEA, 0x07, 0x02, 0x3A, 0x43, 0xCC, 0xF8, 0x00, 0x20,
  0x5B, 0x5A, 0x9B, 0xB2, 0x03, 0xF1, 0x80, 0x43, 0x03, 0xF5, 0xC2, 0x03,
  0x1F, 0x78, 0x7F, 0x10, 0x93, 0xF8, 0x01, 0x90, 0xDF, 0xF8, 0xBC, 0x80,
  0x4A, 0x46, 0x39, 0x46, 0x40, 0x46, 0x00, 0xF7, 0x79, 0xFB, 0x4A, 0x46,
  0x39, 0x46, 0x40, 0x46, 0x2B, 0xF0, 0x30, 0xFE, 0x26, 0x4B, 0x9B, 0x7D,
  0xFF, 0x2B, 0x99, 0xD0, 0x25, 0x48, 0x02, 0x68, 0xDB, 0x00, 0x10, 0x21,
  0x01, 0xFA, 0x03, 0xF3, 0x22, 0xEA, 0x03, 0x03, 0x03, 0x60, 0x8F, 0xE7,
  0x1A, 0x4F, 0x01, 0x3B, 0x3B, 0x55, 0x95, 0xF8, 0xDF, 0x60, 0x05, 0xF1,
  0x60, 0x00, 0xFE, 0xF6, 0x75, 0xF9, 0x80, 0x46, 0xF5, 0xF6, 0xB4, 0xFC,
  0x1B, 0x4B, 0x1A, 0x68, 0x3B, 0x5D, 0x13, 0xF0, 0x0F, 0x0F, 0x0E, 0xD0,
  0x90, 0x42, 0x8E, 0xD0, 0x95, 0xF8, 0xDA, 0x30, 0x00, 0x2B, 0x8A, 0xD0,
  0x20, 0x46, 0xF6, 0xF6, 0xEF, 0xFC, 0x00, 0x23, 0x85, 0xF8, 0xDA, 0x30,
  0x0B, 0x4A, 0x13, 0x55, 0x81, 0xE7, 0x46, 0x44, 0xF6, 0xB2, 0x01, 0x2E,
  0xEE, 0xD9, 0x00, 0x2B, 0xEC, 0xD0, 0x90, 0x42, 0xEA, 0xD1, 0x43, 0xF0,
  0x01, 0x02, 0x13, 0xF0, 0xF0, 0x0F, 0x18, 0xBF, 0x10, 0x3A, 0x03, 0x4B,
  0x1A, 0x55, 0x70, 0xE7, 0x00, 0x7F, 0x1E, 0x00, 0x10, 0x7F, 0x1E, 0x00,
  0x08, 0xF2, 0x20, 0x00, 0xCC, 0xF1, 0x20, 0x00, 0xA8, 0x74, 0x61, 0x40,
  0xAE, 0x74, 0x61, 0x40, 0xB0, 0x74, 0x61, 0x40, 0x40, 0x40, 0x20, 0x00,
  0x64, 0x00, 0x60, 0x40, 0xD0, 0x2C, 0x20, 0x00, 0x3C, 0x7D, 0x1E, 0x00,
  0xEF, 0xF3, 0x10, 0x83, 0x13, 0xF0, 0x01, 0x03, 0x24, 0xD1, 0x72, 0xB6,
  0x18, 0xB1, 0x01, 0x28, 0x19, 0xD0, 0x62, 0xB6, 0x70, 0x47, 0xB1, 0xF1,
  0xFF, 0x3F, 0x0C, 0xD0, 0x10, 0xB4, 0xC9, 0xB2, 0x0F, 0x4C, 0x20, 0x78,
  0x08, 0x44, 0x20, 0x70, 0x01, 0x2A, 0x08, 0xD0, 0x03, 0xB9, 0x62, 0xB6,
  0x5D, 0xF8, 0x04, 0x4B, 0x70, 0x47, 0x0A, 0x48, 0x00, 0x78, 0x40, 0xB1,
  0xEE, 0xE7, 0x60, 0x78, 0x01, 0x44, 0x61, 0x70, 0xF2, 0xE7, 0x06, 0x48,
  0x82, 0x78, 0x11, 0x44, 0x81, 0x70, 0x00, 0x2B, 0xE0, 0xD1, 0xDE, 0xE7,
  0x00, 0x28, 0xDE, 0xD0, 0x01, 0x28, 0xF4, 0xD0, 0x70, 0x47, 0x00, 0xBF,
  0xD8, 0x2C, 0x20, 0x00, 0x2D, 0xE9, 0xF0, 0x4F, 0x87, 0xB0, 0x05, 0x46,
  0xC2, 0xF6, 0x04, 0xFE, 0x04, 0x46, 0x00, 0x90, 0xB1, 0x4B, 0x43, 0x62,
  0x90, 0xF8, 0xCE, 0x30, 0xB0, 0x4A, 0x00, 0x21, 0xD1, 0x54, 0x90, 0xF8,
  0xD0, 0x30, 0x02, 0x2B, 0x4C, 0xD0, 0x01, 0x2B, 0x54, 0xD0, 0xAD, 0x4B,
  0x5B, 0x7D, 0x84, 0xF8, 0xE0, 0x30, 0xAC, 0x4B, 0xD3, 0xF8, 0x68, 0x35,
  0x01, 0x21, 0x20, 0x46, 0x98, 0x47, 0xC0, 0xF6, 0x55, 0xFA, 0x07, 0x46,
  0xB7, 0xF6, 0xEC, 0xF8, 0x01, 0x90, 0x00, 0x21, 0x01, 0x20, 0x06, 0xF7,
  0x3D, 0xFB, 0x80, 0x46, 0x03, 0x46, 0x01, 0x28, 0x38, 0xBF, 0x01, 0x23,
  0xDB, 0xB2, 0x02, 0x93, 0x94, 0xF8, 0xDF, 0xA0, 0x04, 0xF1, 0x60, 0x0B,
  0x58, 0x46, 0xFE, 0xF6, 0xCD, 0xF8, 0x81, 0x46, 0x9D, 0x4B, 0x33, 0xF8,
  0x15, 0x20, 0x9D, 0x4B, 0x33, 0xF8, 0x15, 0x30, 0x9A, 0x42, 0x84, 0xBF,
  0x02, 0x23, 0x84, 0xF8, 0xD7, 0x30, 0x00, 0x23, 0xC4, 0xF8, 0xF0, 0x30,
  0xB7, 0xF6, 0x90, 0xFD, 0x20, 0xB3, 0x01, 0x20, 0x00, 0xF0, 0x01, 0x06,
  0x94, 0xF8, 0xCA, 0x30, 0x14, 0x2B, 0x23, 0xD9, 0xB4, 0xF9, 0xC8, 0x20,
  0xA3, 0xEB, 0x43, 0x11, 0xB2, 0xEB, 0x41, 0x0F, 0x19, 0xDC, 0x6F, 0xF0,
  0x47, 0x01, 0x01, 0xFB, 0x03, 0xF3, 0x9A, 0x42, 0xCC, 0xBF, 0x80, 0x22,
  0x90, 0x22, 0x11, 0xE0, 0x90, 0xF8, 0xD9, 0x30, 0x00, 0x2B, 0x40, 0xF0,
  0xC1, 0x82, 0x16, 0x21, 0x28, 0x46, 0x88, 0x4B, 0x98, 0x47, 0xBB, 0xE2,
  0x87, 0x4B, 0x9B, 0x78, 0x83, 0x76, 0xA6, 0xE7, 0xB9, 0xF6, 0xD0, 0xF8,
  0xD8, 0xE7, 0x60, 0x22, 0x84, 0x4B, 0x1A, 0x70, 0x94, 0xF8, 0xD1, 0x30,
  0x04, 0x2B, 0x5A, 0xD0, 0xCA, 0x44, 0x5F, 0xFA, 0x8A, 0xFA, 0x00, 0x2F,
  0x40, 0xF0, 0x94, 0x80, 0x7F, 0x4B, 0x1B, 0x68, 0x02, 0x2B, 0x00, 0xF0,
  0x8F, 0x80, 0x00, 0x2E, 0x40, 0xF0, 0x3B, 0x83, 0x75, 0x4B, 0xD3, 0xF8,
  0x68, 0x35, 0x02, 0x21, 0x20, 0x46, 0x98, 0x47, 0x81, 0x46, 0x00, 0x28,
  0x40, 0xF0, 0x1E, 0x83, 0xB8, 0xF1, 0x01, 0x0F, 0x14, 0xD9, 0x94, 0xF8,
  0xCE, 0x30, 0x03, 0xEB, 0x43, 0x03, 0x5B, 0x01, 0x73, 0x4A, 0x9B, 0x5A,
  0x13, 0xF0, 0x03, 0x0F, 0x02, 0xD0, 0xBA, 0xF1, 0x01, 0x0F, 0x68, 0xD9,
  0x62, 0x69, 0x49, 0xF2, 0x7B, 0x23, 0x9A, 0x42, 0x02, 0xD8, 0x49, 0xF2,
  0x7C, 0x23, 0x63, 0x61, 0x94, 0xF8, 0xD1, 0x30, 0x04, 0x2B, 0x00, 0xF0,
  0xE0, 0x82, 0xD4, 0xF8, 0xF0, 0x30, 0xF3, 0xB1, 0x60, 0x68, 0xC0, 0xF1,
  0x6C, 0x00, 0x01, 0x9B, 0x18, 0x44, 0x20, 0xF0, 0x70, 0x40, 0x6F, 0xF0,
  0x78, 0x43, 0x98, 0x42, 0x06, 0xD2, 0xBA, 0xF1, 0x02, 0x0F, 0x03, 0xD8,
  0x94, 0xF8, 0xD7, 0x30, 0x02, 0x2B, 0x0C, 0xD9, 0x4F, 0xEA, 0x5A, 0x0A,
  0x41, 0xF6, 0x4C, 0x53, 0x0A, 0xFB, 0x03, 0x33, 0x62, 0x69, 0x13, 0x44,
  0x63, 0x61, 0x57, 0x4B, 0x1B, 0x79, 0x08, 0x33, 0xA3, 0x76, 0xB9, 0xF1,
  0x00, 0x0F, 0x00, 0xF0, 0x44, 0x81, 0x94, 0xF8, 0xCF, 0x30, 0x00, 0x2B,
  0x40, 0xF0, 0x7E, 0x81, 0x94, 0xF8, 0xD7, 0x30, 0x00, 0x2B, 0x40, 0xF0,
  0x79, 0x81, 0x94, 0xF8, 0xD8, 0x30, 0x00, 0x2B, 0x40, 0xF0, 0x74, 0x81,
  0x94, 0xF8, 0xE3, 0x30, 0x00, 0x2B, 0x40, 0xF0, 0x6F, 0x81, 0xB8, 0xF1,
  0x01, 0x0F, 0x48, 0x4B, 0x94, 0xBF, 0x9B, 0x78, 0x1B, 0x78, 0xA3, 0x76,
  0x40, 0xF6, 0xD4, 0x03, 0x63, 0x61, 0x2F, 0xB1, 0x47, 0x4B, 0xD3, 0xF8,
  0xB0, 0x30, 0x00, 0x2B, 0x40, 0xF0, 0x3E, 0x81, 0x63, 0x68, 0x14, 0x33,
  0x23, 0xF0, 0x70, 0x43, 0x23, 0xF0, 0x03, 0x03, 0x63, 0x60, 0x3F, 0x4A,
  0x12, 0x68, 0x02, 0x2A, 0x00, 0xF0, 0x3D, 0x81, 0x35, 0x4B, 0x5B, 0x7A,
  0x84, 0xF8, 0xE0, 0x30, 0x0D, 0xE1, 0x35, 0x4B, 0x33, 0xF8, 0x15, 0x20,
  0x34, 0x4B, 0x33, 0xF8, 0x15, 0x30, 0x9A, 0x42, 0x96, 0xD9, 0x8D, 0xE7,
  0x00, 0x23, 0x04, 0x93, 0x05, 0x93, 0x23, 0x46, 0x05, 0xAA, 0x04, 0xA9,
  0x20, 0x1D, 0x06, 0xF7, 0x3F, 0xF9, 0x04, 0x9B, 0x00, 0x2B, 0x00, 0xF0,
  0xE9, 0x80, 0x00, 0x2E, 0x40, 0xF0, 0xE9, 0x80, 0x94, 0xF8, 0xD7, 0x20,
  0x94, 0xF8, 0xD8, 0x10, 0x0A, 0x44, 0x02, 0x99, 0x51, 0x18, 0x41, 0xF6,
  0x5C, 0x42, 0x01, 0xFB, 0x02, 0x22, 0x93, 0x42, 0x28, 0xBF, 0x13, 0x46,
  0x63, 0x61, 0x94, 0xF8, 0xDF, 0x90, 0x58, 0x46, 0xFD, 0xF6, 0xCE, 0xFF,
  0x81, 0x44, 0x5F, 0xFA, 0x89, 0xF9, 0x25, 0x4B, 0x5B, 0x5D, 0xFF, 0x2B,
  0x29, 0xD0, 0x94, 0xF8, 0xD7, 0x30, 0x1B, 0xB9, 0x94, 0xF8, 0xD8, 0x30,
  0x00, 0x2B, 0x5E, 0xD0, 0x1C, 0x4B, 0x1B, 0x68, 0x02, 0x2B, 0x3F, 0xD0,
  0xB9, 0xF1, 0x02, 0x0F, 0x04, 0xD9, 0x63, 0x69, 0x03, 0xF5, 0x6A, 0x53,
  0x18, 0x33, 0x63, 0x61, 0x11, 0x4B, 0x33, 0xF8, 0x15, 0x30, 0x1B, 0xB9,
  0x10, 0x4B, 0x33, 0xF8, 0x15, 0x30, 0x13, 0xB1, 0x10, 0x4B, 0x1B, 0x79,
  0xA3, 0x76, 0x23, 0x89, 0x62, 0x69, 0x13, 0x44, 0x13, 0x4A, 0xA2, 0xFB,
  0x03, 0x23, 0x5B, 0x0A, 0x03, 0x93, 0x4F, 0xF0, 0x05, 0x0B, 0xA1, 0x46,
  0x67, 0xE0, 0x0E, 0x4B, 0x00, 0x22, 0x5A, 0x55, 0xD1, 0xE7, 0x00, 0xBF,
  0xD1, 0xE3, 0x20, 0x00, 0x08, 0xF2, 0x20, 0x00, 0xA0, 0x10, 0x20, 0x00,
  0x40, 0x19, 0x20, 0x00, 0x00, 0x7F, 0x1E, 0x00, 0x10, 0x7F, 0x1E, 0x00,
  0xED, 0xDF, 0x09, 0x00, 0x2C, 0x58, 0x0F, 0x00, 0xBF, 0xEF, 0x20, 0x00,
  0xC8, 0x1F, 0x20, 0x00, 0xFE, 0x6F, 0x61, 0x40, 0x28, 0x27, 0x20, 0x00,
  0x94, 0x7E, 0x1E, 0x00, 0x59, 0x17, 0xB7, 0xD1, 0xB9, 0xF1, 0x02, 0x0F,
  0xBF, 0xD8, 0x98, 0x4B, 0x5B, 0x5D, 0x02, 0x2B, 0x07, 0xD8, 0x97, 0x4B,
  0x33, 0xF8, 0x15, 0x20, 0x96, 0x4B, 0x33, 0xF8, 0x15, 0x30, 0x9A, 0x42,
  0xB8, 0xD9, 0x05, 0x9B, 0x2F, 0x2B, 0xB5, 0xD8, 0x05, 0xEB, 0x45, 0x02,
  0x52, 0x01, 0x92, 0x49, 0x52, 0x5A, 0x12, 0xF0, 0x03, 0x0F, 0x0B, 0xD1,
  0xAC, 0xE7, 0x05, 0x9B, 0x2F, 0x2B, 0xA1, 0xD8, 0x05, 0xEB, 0x45, 0x02,
  0x52, 0x01, 0x8C, 0x49, 0x52, 0x5A, 0x12, 0xF0, 0x03, 0x0F, 0x99, 0xD0,
  0x86, 0x4A, 0x52, 0x5D, 0x03, 0x2A, 0x34, 0xBF, 0x02, 0x22, 0x00, 0x22,
  0x61, 0x68, 0x03, 0xFB, 0x02, 0x13, 0x23, 0xF0, 0x70, 0x43, 0x63, 0x60,
  0x80, 0x4B, 0xFF, 0x22, 0x5A, 0x55, 0x89, 0xE7, 0x03, 0x9A, 0x13, 0x44,
  0x23, 0xF0, 0x70, 0x43, 0x05, 0x9A, 0x22, 0x44, 0x22, 0xF0, 0x70, 0x42,
  0x93, 0x42, 0x15, 0xD2, 0x4C, 0x46, 0x2E, 0xE0, 0x0B, 0xF1, 0xFF, 0x3B,
  0x1B, 0xF0, 0xFF, 0x0B, 0x28, 0xD0, 0xD9, 0xF8, 0x04, 0x40, 0x00, 0x22,
  0xD9, 0xF8, 0x14, 0x10, 0x00, 0x98, 0xF5, 0xF6, 0xA7, 0xFB, 0xD9, 0xF8,
  0x04, 0x30, 0xA3, 0x42, 0x2A, 0xD0, 0xB8, 0xF1, 0x01, 0x0F, 0xDF, 0xD9,
  0x05, 0x9B, 0x1C, 0x44, 0x24, 0xF0, 0x70, 0x44, 0xC9, 0xF8, 0x04, 0x40,
  0xD9, 0xF8, 0xE8, 0x30, 0x01, 0x2B, 0xE1, 0xD8, 0x99, 0xF8, 0xCF, 0x30,
  0x01, 0x2B, 0xDD, 0xD1, 0xCB, 0xF1, 0x06, 0x03, 0xDB, 0xB2, 0x01, 0x2B,
  0xD8, 0xD1, 0x4C, 0x46, 0x99, 0xF8, 0x1A, 0x30, 0x05, 0x33, 0x89, 0xF8,
  0x1A, 0x30, 0x00, 0xE0, 0x4C, 0x46, 0x05, 0x9B, 0xC4, 0xF8, 0xF0, 0x30,
  0x94, 0xF8, 0xD7, 0x30, 0x02, 0x2B, 0x38, 0xBF, 0x02, 0x23, 0x84, 0xF8,
  0xD7, 0x30, 0x4F, 0xF0, 0x00, 0x09, 0xC4, 0xE1, 0x4C, 0x46, 0xF0, 0xE7,
  0x4F, 0xF0, 0x01, 0x09, 0xBF, 0xE1, 0xB1, 0x46, 0xBD, 0xE1, 0x40, 0xF6,
  0xA6, 0x63, 0x43, 0xF6, 0x98, 0x22, 0x03, 0xFB, 0x0A, 0x23, 0x63, 0x61,
  0x57, 0x4B, 0x9B, 0x78, 0xA3, 0x76, 0x94, 0xF8, 0xD1, 0x30, 0x04, 0x2B,
  0x00, 0xF0, 0x71, 0x81, 0xB4, 0xF8, 0xB8, 0x10, 0x00, 0x29, 0x00, 0xF0,
  0xAB, 0x80, 0x52, 0x4B, 0x1F, 0x78, 0x03, 0x37, 0x27, 0xF0, 0x03, 0x07,
  0xD4, 0xF8, 0xA0, 0x30, 0x1F, 0x44, 0x63, 0x69, 0x03, 0xF5, 0x1C, 0x73,
  0x4D, 0x4A, 0xA2, 0xFB, 0x03, 0x23, 0x07, 0xEB, 0x53, 0x27, 0x07, 0xEB,
  0x41, 0x07, 0x27, 0xF0, 0x70, 0x47, 0x5F, 0xE1, 0x20, 0x46, 0xC0, 0xF6,
  0xDF, 0xFA, 0x00, 0xF1, 0x60, 0x03, 0x23, 0xF0, 0x70, 0x43, 0x23, 0xF0,
  0x03, 0x03, 0x63, 0x60, 0xC2, 0xE6, 0xD4, 0xF8, 0x9C, 0x20, 0x9A, 0x1A,
  0x22, 0xF0, 0x70, 0x42, 0xB4, 0xF8, 0xD4, 0x10, 0x14, 0x31, 0xB2, 0xEB,
  0x41, 0x0F, 0x05, 0xD2, 0x28, 0x33, 0x23, 0xF0, 0x70, 0x43, 0x23, 0xF0,
  0x03, 0x03, 0x63, 0x60, 0x04, 0x23, 0x84, 0xF8, 0xD7, 0x30, 0xAD, 0xE6,
  0x94, 0xF8, 0xD1, 0x30, 0x04, 0x2B, 0x00, 0xF0, 0x2C, 0x81, 0x00, 0x2F,
  0x36, 0xD1, 0x41, 0xF6, 0x5C, 0x42, 0x02, 0x9B, 0x02, 0xFB, 0x03, 0xF2,
  0x62, 0x61, 0x94, 0xF8, 0xD7, 0x30, 0x1B, 0xB9, 0x94, 0xF8, 0xD8, 0x10,
  0x00, 0x29, 0xB1, 0xD0, 0x94, 0xF8, 0xD8, 0x10, 0x19, 0x44, 0x41, 0xF6,
  0x5C, 0x43, 0x03, 0xFB, 0x01, 0x22, 0x40, 0xF6, 0xA6, 0x63, 0x02, 0x99,
  0x03, 0xFB, 0x01, 0xF3, 0x03, 0xF6, 0x2E, 0x63, 0x03, 0xEB, 0x43, 0x03,
  0x59, 0x00, 0x91, 0x42, 0x28, 0xBF, 0x11, 0x46, 0x61, 0x61, 0x25, 0x4B,
  0x1B, 0x68, 0x02, 0x2B, 0x07, 0xD1, 0x94, 0xF8, 0xCF, 0x30, 0x7B, 0xBB,
  0x63, 0x68, 0x23, 0xF0, 0x03, 0x03, 0x63, 0x60, 0x2A, 0xE0, 0x67, 0x68,
  0x28, 0x22, 0x20, 0x46, 0xF5, 0xF6, 0xEE, 0xFA, 0x01, 0x28, 0x08, 0xBF,
  0x67, 0x60, 0xEE, 0xE7, 0x41, 0xF2, 0x88, 0x33, 0x63, 0x61, 0x20, 0x46,
  0xC0, 0xF6, 0x7E, 0xFA, 0x18, 0x30, 0x20, 0xF0, 0x70, 0x40, 0x60, 0x60,
  0x4F, 0xF0, 0x18, 0x09, 0x4F, 0xF0, 0x00, 0x0A, 0xDD, 0xF8, 0x00, 0xB0,
  0x67, 0x68, 0x52, 0x46, 0x61, 0x69, 0x58, 0x46, 0xF5, 0xF6, 0xD4, 0xFA,
  0x63, 0x68, 0xBB, 0x42, 0x08, 0xD0, 0x4F, 0x44, 0x27, 0xF0, 0x70, 0x47,
  0x67, 0x60, 0x09, 0xF1, 0x18, 0x09, 0xB9, 0xF1, 0x60, 0x0F, 0xED, 0xD1,
  0x94, 0xF8, 0xD1, 0x30, 0x04, 0x2B, 0x7F, 0xF4, 0x61, 0xAF, 0xCD, 0xE0,
  0x94, 0x7E, 0x1E, 0x00, 0x10, 0x7F, 0x1E, 0x00, 0x00, 0x7F, 0x1E, 0x00,
  0xFE, 0x6F, 0x61, 0x40, 0x2C, 0x58, 0x0F, 0x00, 0x98, 0x79, 0x20, 0x00,
  0x59, 0x17, 0xB7, 0xD1, 0xC8, 0x1F, 0x20, 0x00, 0x94, 0xF8, 0xD6, 0x70,
  0xFF, 0x02, 0x07, 0xF4, 0x60, 0x57, 0x91, 0x4B, 0x93, 0xF8, 0x01, 0x90,
  0x0B, 0xF7, 0xF0, 0xFF, 0x00, 0xF0, 0x03, 0x00, 0x81, 0x44, 0x09, 0xF0,
  0x3F, 0x09, 0x47, 0xEA, 0x09, 0x07, 0x47, 0xF4, 0x82, 0x47, 0x27, 0x83,
  0x4F, 0xF0, 0xFF, 0x37, 0x94, 0xF8, 0xD1, 0x30, 0x04, 0x2B, 0x0B, 0xD0,
  0x05, 0xEB, 0x45, 0x03, 0x5B, 0x01, 0x86, 0x4A, 0x9B, 0x5A, 0x13, 0xF0,
  0x03, 0x0F, 0x03, 0xD1, 0x82, 0x4B, 0x9B, 0x78, 0x08, 0x33, 0xA3, 0x76,
  0xFD, 0xF7, 0x7A, 0xFE, 0x30, 0xB1, 0x63, 0x69, 0x46, 0xF6, 0x6C, 0x32,
  0x93, 0x42, 0x28, 0xBF, 0x13, 0x46, 0x63, 0x61, 0x20, 0x46, 0xF4, 0xF6,
  0x7B, 0xFE, 0x00, 0x28, 0x5D, 0xD1, 0x00, 0x23, 0x84, 0xF8, 0xD0, 0x30,
  0x1E, 0xB3, 0x79, 0x4B, 0x33, 0xF8, 0x15, 0x30, 0x43, 0xB9, 0x78, 0x4B,
  0x33, 0xF8, 0x15, 0x30, 0x23, 0xB9, 0x77, 0x4B, 0x93, 0xF9, 0x00, 0x30,
  0x00, 0x2B, 0x06, 0xDA, 0xA3, 0x7E, 0x70, 0x4A, 0x12, 0x79, 0x93, 0x42,
  0x38, 0xBF, 0x13, 0x46, 0xA3, 0x76, 0x94, 0xF8, 0xCA, 0x30, 0x4B, 0xB9,
  0x70, 0x4A, 0x13, 0x80, 0x70, 0x4A, 0x13, 0x80, 0x6B, 0x4A, 0x22, 0xF8,
  0x15, 0x30, 0x6B, 0x4A, 0x22, 0xF8, 0x15, 0x30, 0x07, 0xB0, 0xBD, 0xE8,
  0xF0, 0x8F, 0xBF, 0xF6, 0x4B, 0xFF, 0x38, 0xB1, 0xD4, 0xF8, 0xEC, 0x30,
  0x0B, 0xB3, 0x23, 0x8B, 0x23, 0xF4, 0x70, 0x73, 0x23, 0x83, 0xD0, 0xE7,
  0x05, 0xF7, 0x1C, 0xFE, 0x00, 0x28, 0xF3, 0xD0, 0xB8, 0xF1, 0x01, 0x0F,
  0xF0, 0xD8, 0xA3, 0x7E, 0x10, 0x2B, 0x9C, 0xBF, 0x11, 0x23, 0xA3, 0x76,
  0xD4, 0xF8, 0xEC, 0x30, 0x00, 0x2B, 0x30, 0xD1, 0x5E, 0x4B, 0x1B, 0x68,
  0x62, 0x69, 0x93, 0x42, 0x38, 0xBF, 0x13, 0x46, 0x63, 0x61, 0x94, 0xF8,
  0xCF, 0x20, 0x01, 0x2A, 0x08, 0xD0, 0x23, 0x68, 0x33, 0xBB, 0x23, 0x8B,
  0x23, 0xF4, 0x70, 0x73, 0x43, 0xF4, 0x80, 0x73, 0x23, 0x83, 0xAC, 0xE7,
  0x55, 0x4A, 0x12, 0x68, 0x93, 0x42, 0x38, 0xBF, 0x13, 0x46, 0x63, 0x61,
  0xEF, 0xE7, 0x94, 0xF8, 0xD1, 0x30, 0x04, 0x2B, 0x04, 0xD0, 0x08, 0x21,
  0x28, 0x46, 0x50, 0x4B, 0x98, 0x47, 0xB0, 0xE7, 0x07, 0xF1, 0x14, 0x01,
  0x21, 0xF0, 0x70, 0x41, 0x28, 0x46, 0x4D, 0x4B, 0x98, 0x47, 0x63, 0x69,
  0x03, 0xF5, 0x0D, 0x53, 0x10, 0x33, 0x63, 0x61, 0xA3, 0xE7, 0x23, 0x68,
  0x00, 0x2B, 0xB6, 0xD0, 0x5B, 0x68, 0x62, 0x68, 0x9B, 0x1A, 0x23, 0xF0,
  0x70, 0x43, 0x40, 0xF2, 0x71, 0x22, 0x02, 0xFB, 0x03, 0xF2, 0x63, 0x69,
  0x93, 0x42, 0x28, 0xBF, 0x13, 0x46, 0x63, 0x61, 0xA4, 0xE7, 0x00, 0x2F,
  0x7F, 0xF4, 0x0A, 0xAF, 0x41, 0xF2, 0xA8, 0x13, 0x63, 0x61, 0xD4, 0xF8,
  0x24, 0x31, 0x1F, 0x68, 0xD4, 0xF8, 0xA8, 0x10, 0x7F, 0x1A, 0x14, 0x3F,
  0x27, 0xF0, 0x70, 0x47, 0x94, 0xF8, 0xD6, 0x90, 0x4F, 0xEA, 0xC9, 0x29,
  0x09, 0xF4, 0x60, 0x59, 0x2B, 0x4B, 0x93, 0xF8, 0x01, 0xA0, 0x0B, 0xF7,
  0x25, 0xFF, 0x00, 0xF0, 0x03, 0x00, 0x82, 0x44, 0x0A, 0xF0, 0x3F, 0x0A,
  0x49, 0xEA, 0x0A, 0x09, 0x49, 0xF4, 0x01, 0x49, 0xA4, 0xF8, 0x18, 0x90,
  0x27, 0x61, 0x33, 0xE7, 0x94, 0xF8, 0xD1, 0x30, 0x04, 0x2B, 0x3F, 0xF4,
  0x20, 0xAD, 0x00, 0x23, 0x04, 0x93, 0x05, 0x93, 0x23, 0x46, 0x05, 0xAA,
  0x04, 0xA9, 0x20, 0x1D, 0x05, 0xF7, 0x9E, 0xFE, 0x04, 0x9B, 0x00, 0x2B,
  0x7F, 0xF4, 0x62, 0xAD, 0x09, 0xE0, 0x00, 0x23, 0x04, 0x93, 0x05, 0x93,
  0x23, 0x46, 0x05, 0xAA, 0x04, 0xA9, 0x20, 0x1D, 0x05, 0xF7, 0x90, 0xFE,
  0xB1, 0x46, 0xD4, 0xF8, 0xF0, 0x30, 0x00, 0x2B, 0x7F, 0xF4, 0xE0, 0xAC,
  0x00, 0x2E, 0x3F, 0xF4, 0xFC, 0xAC, 0x00, 0x2F, 0x7F, 0xF4, 0xF9, 0xAC,
  0x0E, 0x4B, 0x1B, 0x78, 0x08, 0x33, 0xA3, 0x76, 0x94, 0xF8, 0xCF, 0x30,
  0x00, 0x2B, 0x7F, 0xF4, 0x2E, 0xAE, 0x94, 0xF8, 0xD7, 0x30, 0x00, 0x2B,
  0x7F, 0xF4, 0x29, 0xAE, 0x94, 0xF8, 0xD8, 0x30, 0x00, 0x2B, 0x7F, 0xF4,
  0x24, 0xAE, 0x63, 0x68, 0x78, 0x33, 0x23, 0xF0, 0x70, 0x43, 0x23, 0xF0,
  0x03, 0x03, 0x63, 0x60, 0x41, 0xF2, 0x98, 0x23, 0x63, 0x61, 0x22, 0xE6,
  0x2C, 0x58, 0x0F, 0x00, 0xFE, 0x6F, 0x61, 0x40, 0x00, 0x7F, 0x1E, 0x00,
  0x10, 0x7F, 0x1E, 0x00, 0xBF, 0xEF, 0x20, 0x00, 0xCC, 0xF1, 0x20, 0x00,
  0xB6, 0xF1, 0x20, 0x00, 0xCC, 0x09, 0x20, 0x00, 0xD0, 0x09, 0x20, 0x00,
  0xED, 0xDF, 0x09, 0x00, 0xB9, 0x3A, 0x0A, 0x00, 0x38, 0xB5, 0x00, 0x24,
  0x25, 0x46, 0x04, 0xE0, 0x01, 0x35, 0xED, 0xB2, 0x01, 0x34, 0x07, 0x2C,
  0x0F, 0xD0, 0xE0, 0xB2, 0xC2, 0xF6, 0xF4, 0xF9, 0x00, 0x28, 0xF7, 0xD0,
  0x90, 0xF8, 0xD1, 0x20, 0x00, 0x2A, 0xF1, 0xD0, 0x03, 0x2A, 0xF1, 0xD1,
  0xB0, 0xF8, 0x08, 0x31, 0x2F, 0x2B, 0xED, 0xD8, 0xEA, 0xE7, 0x28, 0x46,
  0x38, 0xBD, 0x00, 0x00, 0x2D, 0xE9, 0xF8, 0x43, 0x04, 0x46, 0x0E, 0x46,
  0xB6, 0xF6, 0xE4, 0xFC, 0x05, 0x46, 0xFF, 0xF7, 0xDB, 0xFF, 0x07, 0x46,
  0x0B, 0xF7, 0x94, 0xFE, 0x00, 0xF0, 0x7F, 0x08, 0x62, 0x7F, 0xD3, 0x1E,
  0xDB, 0xB2, 0x01, 0x2B, 0x15, 0xD9, 0x09, 0x2A, 0x7B, 0xD0, 0x87, 0x4D,
  0x95, 0xF8, 0x00, 0x80, 0x01, 0x23, 0x2B, 0x70, 0x85, 0x4F, 0x00, 0x23,
  0xC7, 0xF8, 0x78, 0x35, 0x31, 0x46, 0x20, 0x46, 0x05, 0xF7, 0x32, 0xFF,
  0x82, 0x4B, 0xC7, 0xF8, 0x78, 0x35, 0x85, 0xF8, 0x00, 0x80, 0xBD, 0xE8,
  0xF8, 0x83, 0xC1, 0x46, 0x7F, 0x4B, 0x00, 0x22, 0x1A, 0x70, 0xBF, 0xF6,
  0x21, 0xFE, 0x80, 0x46, 0xC0, 0xB9, 0x79, 0x4B, 0x1B, 0x78, 0x23, 0xBB,
  0x7B, 0x4B, 0x1B, 0x68, 0xB3, 0xF1, 0xFF, 0x3F, 0x23, 0xD1, 0x63, 0x7F,
  0x03, 0x2B, 0x2D, 0xD0, 0xB6, 0xF5, 0x00, 0x5F, 0x38, 0xBF, 0x4F, 0xF4,
  0x00, 0x56, 0x73, 0x19, 0x4B, 0x44, 0x23, 0xF0, 0x70, 0x43, 0x03, 0x33,
  0x23, 0xF0, 0x03, 0x03, 0x63, 0x60, 0xCA, 0xE7, 0x20, 0x46, 0xC0, 0xF6,
  0xA5, 0xF8, 0x00, 0xF5, 0xFF, 0x53, 0x23, 0xF0, 0x70, 0x43, 0x03, 0x33,
  0x23, 0xF0, 0x03, 0x03, 0x63, 0x60, 0x40, 0xF6, 0xC4, 0x13, 0x63, 0x61,
  0xBB, 0xE7, 0xFD, 0xF7, 0xED, 0xFC, 0x80, 0x46, 0xD6, 0xE7, 0xB6, 0xF5,
  0x00, 0x6F, 0x38, 0xBF, 0x4F, 0xF4, 0x00, 0x66, 0xF6, 0xF6, 0x62, 0xFE,
  0xB0, 0xF1, 0xFF, 0x3F, 0x08, 0xBF, 0x06, 0xF5, 0x00, 0x76, 0xCE, 0xE7,
  0xB6, 0xF5, 0x80, 0x5F, 0x28, 0xBF, 0x4F, 0xF4, 0x80, 0x56, 0x01, 0x2F,
  0xCF, 0xD8, 0xB8, 0xF1, 0x00, 0x0F, 0xCC, 0xD1, 0xC7, 0xF1, 0x02, 0x03,
  0xDB, 0xB2, 0x9A, 0x02, 0xB6, 0xEB, 0x83, 0x2F, 0x88, 0xBF, 0xB6, 0x1A,
  0xB6, 0xF5, 0x80, 0x6F, 0x38, 0xBF, 0x4F, 0xF4, 0x80, 0x66, 0x02, 0x2B,
  0xBD, 0xD1, 0x55, 0x4B, 0x1B, 0x78, 0x01, 0x2B, 0x03, 0xD0, 0x4F, 0xF0,
  0x00, 0x09, 0x4E, 0x46, 0xB5, 0xE7, 0x63, 0x69, 0x03, 0xF5, 0xD6, 0x43,
  0x6C, 0x33, 0x63, 0x61, 0xAF, 0xE7, 0x4D, 0x4B, 0x1B, 0x68, 0xB3, 0xF1,
  0xFF, 0x3F, 0x00, 0xF0, 0x84, 0x80, 0x4C, 0x4B, 0x1B, 0x68, 0xC3, 0xB1,
  0xDB, 0x6A, 0xEB, 0x1A, 0x23, 0xF0, 0x70, 0x43, 0x41, 0xF2, 0xE7, 0x32,
  0x93, 0x42, 0x10, 0xD9, 0x08, 0xF5, 0xC0, 0x66, 0x35, 0x44, 0x25, 0xF0,
  0x70, 0x45, 0x25, 0xF0, 0x01, 0x05, 0x65, 0x60, 0x94, 0xF8, 0x33, 0x20,
  0x94, 0x23, 0x03, 0xFB, 0x02, 0xF3, 0x41, 0x4A, 0x12, 0x21, 0x99, 0x52,
  0x15, 0xE0, 0x00, 0x2F, 0x37, 0xD0, 0x3F, 0x4B, 0x1B, 0x88, 0x3F, 0x4A,
  0x12, 0x88, 0x13, 0x43, 0x9B, 0xB2, 0x00, 0x2B, 0x50, 0xD0, 0x08, 0xF5,
  0x70, 0x76, 0x3C, 0x4B, 0x1B, 0x68, 0x03, 0xB1, 0x60, 0x36, 0x35, 0x44,
  0x25, 0xF0, 0x70, 0x45, 0x25, 0xF0, 0x01, 0x05, 0x65, 0x60, 0x4E, 0xF6,
  0x60, 0x23, 0x63, 0x61, 0x94, 0xF8, 0x33, 0x20, 0x94, 0x23, 0x03, 0xFB,
  0x02, 0xF3, 0x30, 0x4A, 0x30, 0x21, 0x99, 0x52, 0xBF, 0xF6, 0x7A, 0xFD,
  0x00, 0x28, 0x3F, 0xF4, 0x3C, 0xAF, 0x20, 0x46, 0xC0, 0xF6, 0x16, 0xF8,
  0x00, 0xF5, 0xFF, 0x50, 0x02, 0x30, 0x20, 0xF0, 0x70, 0x40, 0x03, 0x30,
  0x20, 0xF0, 0x03, 0x00, 0x60, 0x60, 0x63, 0x69, 0x40, 0xF6, 0xA6, 0x62,
  0x93, 0x42, 0x28, 0xBF, 0x13, 0x46, 0x63, 0x61, 0x27, 0xE7, 0x01, 0x21,
  0x00, 0x20, 0x05, 0xF7, 0x4F, 0xFE, 0x00, 0x28, 0xC1, 0xD1, 0x23, 0x4B,
  0x1B, 0x78, 0xD3, 0xB9, 0xB8, 0xF1, 0x10, 0x0F, 0x28, 0xBF, 0x4F, 0xF0,
  0x10, 0x08, 0x05, 0xF1, 0xC8, 0x03, 0x43, 0x44, 0x23, 0xF0, 0x70, 0x43,
  0x23, 0xF0, 0x01, 0x03, 0x63, 0x60, 0x08, 0xF1, 0xC8, 0x06, 0x94, 0xF8,
  0x33, 0x20, 0x94, 0x23, 0x03, 0xFB, 0x02, 0xF3, 0x13, 0x4A, 0x12, 0x21,
  0x99, 0x52, 0xBA, 0xE7, 0x08, 0xF1, 0xC0, 0x06, 0xAD, 0xE7, 0x65, 0x60,
  0x94, 0xF8, 0x33, 0x20, 0x94, 0x23, 0x03, 0xFB, 0x02, 0xF3, 0x0D, 0x4A,
  0x32, 0x21, 0x99, 0x52, 0xAD, 0xE7, 0x0A, 0x4B, 0x1B, 0x68, 0x00, 0x2B,
  0xA9, 0xD1, 0x0C, 0x4B, 0x00, 0x22, 0x1A, 0x60, 0xA5, 0xE7, 0x00, 0xBF,
  0x2C, 0x2D, 0x20, 0x00, 0x40, 0x19, 0x20, 0x00, 0x05, 0x36, 0x1E, 0x00,
  0x51, 0x7F, 0x1E, 0x00, 0xE4, 0x3D, 0x20, 0x00, 0x43, 0x7F, 0x1E, 0x00,
  0x34, 0x20, 0x20, 0x00, 0x04, 0x03, 0x61, 0x40, 0xCC, 0xF1, 0x20, 0x00,
  0xB6, 0xF1, 0x20, 0x00, 0x30, 0x7F, 0x1E, 0x00, 0x42, 0x7F, 0x1E, 0x00,
  0x08, 0xB5, 0xEF, 0xF3, 0x10, 0x83, 0x13, 0xF0, 0x01, 0x03, 0x44, 0xD1,
  0x72, 0xB6, 0x26, 0x4A, 0x92, 0xF8, 0x54, 0x20, 0x01, 0x2A, 0x36, 0xD0,
  0x24, 0x4A, 0x01, 0x21, 0x11, 0x70, 0x00, 0x2B, 0x41, 0xD1, 0x0B, 0x46,
  0x62, 0xB6, 0x00, 0x2B, 0x3D, 0xD1, 0x1F, 0x4B, 0x93, 0xF8, 0x54, 0x30,
  0x03, 0x2B, 0x14, 0xD0, 0xEF, 0xF3, 0x10, 0x83, 0x13, 0xF0, 0x01, 0x0F,
  0x14, 0xD1, 0x72, 0xB6, 0x19, 0x4B, 0x93, 0xF8, 0x54, 0x30, 0x03, 0x2B,
  0x18, 0xD0, 0x62, 0xB6, 0x2B, 0xE0, 0x16, 0x4A, 0x03, 0x21, 0x82, 0xF8,
  0x54, 0x10, 0x15, 0x4A, 0x00, 0x21, 0x11, 0x70, 0x13, 0xB1, 0xF8, 0xF6,
  0xB7, 0xFA, 0xE7, 0xE7, 0x00, 0x23, 0xDD, 0xE7, 0x0F, 0x4B, 0x93, 0xF8,
  0x54, 0x30, 0x03, 0x2B, 0x19, 0xD1, 0x0D, 0x4B, 0x01, 0x22, 0x83, 0xF8,
  0x54, 0x20, 0x14, 0xE0, 0x0A, 0x4B, 0x01, 0x22, 0x83, 0xF8, 0x54, 0x20,
  0xE1, 0xE7, 0x08, 0x4B, 0x03, 0x22, 0x83, 0xF8, 0x54, 0x20, 0x00, 0x23,
  0x06, 0x4A, 0x13, 0x70, 0xC6, 0xE7, 0x04, 0x4A, 0x92, 0xF8, 0x54, 0x20,
  0x01, 0x2A, 0xD6, 0xD0, 0x02, 0x4B, 0x01, 0x22, 0x1A, 0x70, 0x08, 0xBD,
  0xF0, 0x27, 0x20, 0x00, 0x70, 0x7F, 0x1E, 0x00, 0x08, 0xB5, 0x02, 0x4B,
  0xFF, 0xF6, 0xC0, 0xFF, 0x08, 0xBD, 0x00, 0xBF, 0xE9, 0x02, 0x1E, 0x00,
  0x70, 0xB5, 0x0C, 0x4C, 0x94, 0xF8, 0xF2, 0x42, 0x0B, 0x4D, 0x2D, 0x78,
  0x01, 0x2D, 0x0D, 0xD0, 0x08, 0x4D, 0x01, 0x26, 0x85, 0xF8, 0xF2, 0x62,
  0x07, 0x4D, 0x01, 0x26, 0x2E, 0x70, 0x07, 0x4D, 0xA8, 0x47, 0x04, 0x4B,
  0x83, 0xF8, 0xF2, 0x42, 0x00, 0x20, 0x70, 0xBD, 0x00, 0x25, 0x81, 0xF8,
  0x34, 0x50, 0xF1, 0xE7, 0x34, 0x2D, 0x20, 0x00, 0xB8, 0xF0, 0x20, 0x00,
  0x95, 0x24, 0x0B, 0x00, 0x08, 0xB5, 0x04, 0x4B, 0x18, 0x68, 0x20, 0xB1,
  0x00, 0xF7, 0x2C, 0xFB, 0x01, 0x4B, 0x00, 0x22, 0x1A, 0x60, 0x08, 0xBD,
  0x10, 0xF2, 0x20, 0x00, 0x2D, 0xE9, 0xF0, 0x41, 0xEF, 0xF3, 0x10, 0x84,
  0x14, 0xF0, 0x01, 0x04, 0x00, 0xD1, 0x72, 0xB6, 0x32, 0x4B, 0x00, 0x22,
  0x1A, 0x70, 0x5A, 0x70, 0x9A, 0x70, 0xDA, 0x70, 0x1A, 0x71, 0x5A, 0x71,
  0x9A, 0x71, 0xFE, 0xF7, 0x15, 0xFD, 0x2B, 0xF0, 0xC1, 0xF8, 0x06, 0x46,
  0xFF, 0xF7, 0xDC, 0xFF, 0x2B, 0x4B, 0x2C, 0x4A, 0x1A, 0x60, 0x01, 0xF7,
  0xB7, 0xF9, 0x28, 0xF0, 0x6D, 0xFC, 0x00, 0x28, 0x3D, 0xD1, 0x29, 0x49,
  0x1B, 0x20, 0x29, 0xF0, 0x91, 0xF9, 0x28, 0x4B, 0x4F, 0xF4, 0x00, 0x52,
  0x1A, 0x84, 0xDF, 0xF8, 0xBC, 0x80, 0x26, 0x4F, 0x05, 0x22, 0x41, 0x46,
  0x38, 0x46, 0x0B, 0xF7, 0x49, 0xFB, 0x3B, 0x79, 0x03, 0xF0, 0x1F, 0x03,
  0x3B, 0x71, 0x05, 0x22, 0x41, 0x46, 0x78, 0x1F, 0x0B, 0xF7, 0x40, 0xFB,
  0x17, 0xF8, 0x01, 0x3C, 0x03, 0xF0, 0x1F, 0x03, 0x07, 0xF8, 0x01, 0x3C,
  0x1C, 0x4B, 0x32, 0x22, 0xA3, 0xF8, 0x14, 0x24, 0x05, 0x22, 0x83, 0xF8,
  0x16, 0x24, 0xFE, 0xF7, 0xED, 0xFC, 0x04, 0xB9, 0x62, 0xB6, 0x18, 0x4B,
  0x00, 0x22, 0x1A, 0x70, 0x17, 0x4B, 0x18, 0x4A, 0x1A, 0x60, 0xA3, 0xF5,
  0x9E, 0x73, 0x17, 0x4A, 0x1A, 0x60, 0x03, 0xF5, 0xA8, 0x63, 0x16, 0x4A,
  0x1A, 0x60, 0x04, 0x33, 0x15, 0x4A, 0x1A, 0x60, 0x66, 0xB9, 0xBD, 0xE8,
  0xF0, 0x81, 0x28, 0xF0, 0x3D, 0xFB, 0x28, 0xF0, 0x09, 0xFC, 0x28, 0xF0,
  0x15, 0xFC, 0x28, 0xF0, 0x1B, 0xFC, 0x28, 0xF0, 0x1E, 0xFC, 0xB6, 0xE7,
  0x2B, 0xF0, 0x36, 0xF8, 0xEF, 0xE7, 0x00, 0xBF, 0x40, 0xF2, 0x20, 0x00,
  0xC8, 0xA6, 0x20, 0x00, 0x01, 0x00, 0x1E, 0x00, 0xC5, 0xD8, 0x20, 0x00,
  0x5C, 0x32, 0x20, 0x00, 0xF1, 0x3A, 0x20, 0x00, 0xA8, 0xA9, 0x20, 0x00,
  0x2D, 0x7F, 0x1E, 0x00, 0x8C, 0x04, 0x60, 0x40, 0x46, 0x08, 0x46, 0x00,
  0x58, 0x02, 0x6A, 0x02, 0x07, 0x06, 0x10, 0x10, 0x03, 0x04, 0x07, 0x09,
  0xAC, 0xF0, 0x20, 0x00, 0xF0, 0xB5, 0x85, 0xB0, 0x0D, 0x46, 0x04, 0x23,
  0x4F, 0xF6, 0x57, 0x52, 0x00, 0x21, 0x4F, 0xF4, 0x88, 0x50, 0x00, 0xF7,
  0x11, 0xF9, 0x04, 0x46, 0x2B, 0x78, 0x4B, 0xB1, 0x06, 0x2B, 0x00, 0xF0,
  0xA3, 0x80, 0x00, 0x22, 0x02, 0x70, 0x43, 0x70, 0x6B, 0x78, 0x83, 0x70,
  0xC2, 0x70, 0xAC, 0xE0, 0x78, 0x4B, 0x6A, 0x78, 0x1A, 0x70, 0x00, 0x22,
  0x02, 0x70, 0x42, 0x70, 0x6A, 0x78, 0x82, 0x70, 0x75, 0x4A, 0x12, 0x78,
  0xC2, 0x70, 0x1B, 0x78, 0x03, 0xF0, 0xEF, 0x03, 0x06, 0x2B, 0x40, 0xF0,
  0x9C, 0x80, 0xFF, 0xF7, 0x4B, 0xFF, 0x71, 0x4B, 0x93, 0xF9, 0x55, 0x30,
  0x05, 0x2B, 0x73, 0xD0, 0x6F, 0x4F, 0x02, 0x23, 0x87, 0xF8, 0x5E, 0x35,
  0x0D, 0xF1, 0x0F, 0x00, 0xC7, 0xF6, 0x70, 0xFD, 0x9D, 0xF8, 0x0F, 0x60,
  0x10, 0x23, 0x00, 0x22, 0x11, 0x46, 0x10, 0x46, 0x00, 0xF7, 0xDC, 0xF8,
  0x06, 0xEB, 0xC6, 0x06, 0x07, 0xEB, 0xC6, 0x06, 0xC6, 0xF8, 0x84, 0x00,
  0x9D, 0xF8, 0x0F, 0x30, 0x03, 0xEB, 0xC3, 0x03, 0x07, 0xEB, 0xC3, 0x07,
  0xD7, 0xF8, 0x84, 0x30, 0x01, 0x22, 0x9A, 0x70, 0x00, 0x22, 0x1A, 0x71,
  0x40, 0xF2, 0x66, 0x61, 0xD9, 0x80, 0x19, 0x81, 0x1A, 0x70, 0x5A, 0x70,
  0x58, 0x4A, 0x12, 0x78, 0x12, 0xF0, 0x10, 0x0F, 0x05, 0xD0, 0x01, 0x21,
  0x59, 0x70, 0x22, 0xF0, 0x10, 0x02, 0x54, 0x4B, 0x1A, 0x70, 0x9D, 0xF8,
  0x0F, 0x20, 0x55, 0x4B, 0x02, 0xEB, 0xC2, 0x01, 0x03, 0xEB, 0xC1, 0x01,
  0x06, 0x20, 0x81, 0xF8, 0xC8, 0x00, 0xB3, 0xF8, 0x5A, 0x05, 0x20, 0xF0,
  0x03, 0x00, 0xA3, 0xF8, 0x5A, 0x05, 0x00, 0x20, 0xA1, 0xF8, 0xA0, 0x00,
  0xA1, 0xF8, 0xA2, 0x00, 0xEF, 0xF3, 0x10, 0x86, 0x16, 0xF0, 0x01, 0x06,
  0x00, 0xD1, 0x72, 0xB6, 0x9D, 0xF8, 0x0F, 0x00, 0xCB, 0xF6, 0xB4, 0xFE,
  0x47, 0x4B, 0x1B, 0x68, 0x1F, 0x68, 0x00, 0x21, 0x38, 0x46, 0xF4, 0xF6,
  0xE3, 0xFC, 0x7B, 0x68, 0x03, 0xF5, 0x00, 0x43, 0x23, 0xF0, 0x70, 0x43,
  0x7B, 0x60, 0x38, 0x46, 0xF4, 0xF6, 0x70, 0xFA, 0xA8, 0xB9, 0x9D, 0xF8,
  0x0F, 0x30, 0x3D, 0x4A, 0x03, 0xEB, 0xC3, 0x01, 0x02, 0xEB, 0xC1, 0x01,
  0x07, 0x20, 0x81, 0xF8, 0xC8, 0x00, 0xD1, 0xF8, 0x84, 0x30, 0x00, 0x22,
  0x5A, 0x70, 0x16, 0xBB, 0x62, 0xB6, 0x20, 0xE0, 0x34, 0x4B, 0x04, 0x22,
  0x83, 0xF8, 0x55, 0x20, 0x86, 0xE7, 0x7F, 0x68, 0xB6, 0xF6, 0xEC, 0xF9,
  0x01, 0x46, 0x41, 0xF2, 0x97, 0x63, 0x00, 0x22, 0x38, 0x46, 0x06, 0xF7,
  0x91, 0xFD, 0xDE, 0xE7, 0xAA, 0x78, 0x6B, 0x78, 0x43, 0xEA, 0x02, 0x23,
  0x1B, 0xB2, 0x2D, 0x4A, 0x93, 0x42, 0x19, 0xD0, 0x00, 0x23, 0x23, 0x70,
  0x06, 0x23, 0x63, 0x70, 0x6B, 0x78, 0xA3, 0x70, 0x24, 0x4B, 0x1B, 0x78,
  0xE3, 0x70, 0x62, 0x78, 0x21, 0x78, 0x27, 0x4B, 0x58, 0x88, 0x01, 0x90,
  0x1B, 0x88, 0x00, 0x93, 0x6B, 0x78, 0x25, 0x48, 0xFF, 0xF6, 0xA4, 0xFB,
  0x20, 0x46, 0xF7, 0xF6, 0xD5, 0xFB, 0x00, 0x20, 0x05, 0xB0, 0xF0, 0xBD,
  0x1F, 0x4B, 0x4A, 0xF6, 0x88, 0x42, 0x1A, 0x80, 0x29, 0x79, 0xEA, 0x78,
  0x42, 0xEA, 0x01, 0x22, 0x5A, 0x80, 0xA9, 0x79, 0x6A, 0x79, 0x42, 0xEA,
  0x01, 0x22, 0x9A, 0x80, 0x98, 0x68, 0x08, 0xB1, 0x00, 0xF7, 0xB4, 0xF9,
  0xE8, 0x79, 0x16, 0x4E, 0xB0, 0x71, 0x01, 0x21, 0x00, 0xF7, 0x96, 0xF9,
  0xB0, 0x60, 0xB2, 0x79, 0x05, 0xF1, 0x08, 0x01, 0x0B, 0xF7, 0xFC, 0xF9,
  0xB2, 0x79, 0xB1, 0x88, 0x53, 0x1C, 0x99, 0x42, 0xC2, 0xDD, 0x02, 0xF1,
  0x08, 0x01, 0x29, 0x44, 0x48, 0x78, 0x8B, 0x78, 0x1B, 0x04, 0x43, 0xEA,
  0x00, 0x23, 0x2A, 0x44, 0x12, 0x7A, 0x13, 0x43, 0xCA, 0x78, 0x43, 0xEA,
  0x02, 0x63, 0x09, 0x4A, 0x13, 0x60, 0xB1, 0xE7, 0xC4, 0x28, 0x20, 0x00,
  0x9C, 0x10, 0x20, 0x00, 0xF0, 0x27, 0x20, 0x00, 0xFC, 0x36, 0x20, 0x00,
  0xD4, 0x24, 0x20, 0x00, 0x88, 0xAC, 0xFF, 0xFF, 0xB8, 0x28, 0x20, 0x00,
  0x48, 0x7D, 0x1E, 0x00, 0x28, 0x7F, 0x1E, 0x00, 0x08, 0xB5, 0xFD, 0xF7,
  0xC9, 0xF9, 0x18, 0xB9, 0x00, 0x20, 0x00, 0xF0, 0x01, 0x00, 0x08, 0xBD,
  0x04, 0x4B, 0x1B, 0x68, 0x00, 0x2B, 0x01, 0xDB, 0x00, 0x20, 0xF6, 0xE7,
  0xFD, 0xF7, 0xAC, 0xF9, 0xF3, 0xE7, 0x00, 0xBF, 0x98, 0x50, 0x03, 0x40,
  0x2D, 0xE9, 0xF0, 0x4F, 0x89, 0xB0, 0x06, 0x46, 0x8C, 0x4A, 0x13, 0x68,
  0x23, 0xF0, 0x03, 0x03, 0x13, 0x60, 0xF4, 0xF6, 0x93, 0xFC, 0x04, 0x46,
  0x00, 0x23, 0x07, 0x93, 0x06, 0x93, 0xBF, 0xF6, 0xBD, 0xFA, 0x07, 0x46,
  0x86, 0x4B, 0xD3, 0xF8, 0x58, 0x36, 0x01, 0x21, 0x08, 0x46, 0x98, 0x47,
  0x80, 0x46, 0x84, 0x4B, 0x1B, 0x68, 0x03, 0x2B, 0x14, 0xBF, 0x4F, 0xF0,
  0x1B, 0x0A, 0x4F, 0xF0, 0x02, 0x0A, 0x00, 0x2C, 0x00, 0xF0, 0xFC, 0x81,
  0x7F, 0x4B, 0x1B, 0x68, 0x0B, 0xB1, 0xA3, 0x42, 0x6D, 0xD0, 0x06, 0xA9,
  0x07, 0xA8, 0xB6, 0xF6, 0x44, 0xF9, 0x4F, 0xF0, 0x00, 0x09, 0xF3, 0x7E,
  0x07, 0x9A, 0x1A, 0x44, 0x63, 0x68, 0x9B, 0x1A, 0x23, 0xF0, 0x70, 0x43,
  0x22, 0x89, 0x06, 0x99, 0x52, 0x1A, 0x40, 0xF2, 0x71, 0x21, 0x01, 0xFB,
  0x03, 0x23, 0x9D, 0x09, 0xBA, 0xEB, 0x93, 0x1F, 0x98, 0xBF, 0xA5, 0xEB,
  0x0A, 0x05, 0x4F, 0xF6, 0xFF, 0x73, 0xB5, 0xF5, 0x80, 0x3F, 0x88, 0xBF,
  0x1D, 0x46, 0xFD, 0xF7, 0x55, 0xF9, 0x01, 0x90, 0xB8, 0xF1, 0x00, 0x0F,
  0x05, 0xD1, 0x68, 0x4B, 0xD3, 0xF8, 0x58, 0x36, 0x01, 0x21, 0x00, 0x20,
  0x98, 0x47, 0x68, 0x4B, 0x1B, 0x78, 0x1B, 0xB1, 0x67, 0x4B, 0x1B, 0x78,
  0x01, 0x2B, 0x47, 0xD0, 0x00, 0x2F, 0x4F, 0xD0, 0x65, 0x4B, 0x1A, 0x68,
  0x22, 0xF0, 0x08, 0x02, 0x1A, 0x60, 0x1A, 0x68, 0x22, 0xF0, 0x04, 0x02,
  0x1A, 0x60, 0x62, 0x4B, 0x07, 0x9A, 0x1A, 0x60, 0x5D, 0x60, 0xFD, 0xF7,
  0x59, 0xF9, 0x04, 0x46, 0x0A, 0x2D, 0x00, 0xF2, 0x58, 0x81, 0x00, 0x23,
  0x86, 0xF8, 0x4F, 0x30, 0xB9, 0xF1, 0x00, 0x0F, 0x05, 0xD1, 0x56, 0x4B,
  0x1B, 0x68, 0xCB, 0xB1, 0x93, 0xF8, 0x4E, 0x30, 0xB3, 0xB9, 0x53, 0x4B,
  0x1C, 0x68, 0x00, 0x21, 0x20, 0x46, 0xF4, 0xF6, 0xB9, 0xFB, 0x07, 0x9B,
  0x03, 0xF5, 0x80, 0x33, 0x23, 0xF0, 0x70, 0x43, 0x63, 0x60, 0x20, 0x46,
  0xF4, 0xF6, 0x46, 0xF9, 0x00, 0x28, 0x40, 0xF0, 0x68, 0x81, 0x4A, 0x4B,
  0x1B, 0x68, 0x01, 0x22, 0x83, 0xF8, 0x4E, 0x20, 0x09, 0xB0, 0xBD, 0xE8,
  0xF0, 0x8F, 0x24, 0x68, 0x06, 0xA9, 0x07, 0xA8, 0xB6, 0xF6, 0xD5, 0xF8,
  0x14, 0xB1, 0x4F, 0xF0, 0x01, 0x09, 0x8E, 0xE7, 0x4F, 0xF0, 0x01, 0x09,
  0x4D, 0x46, 0xA4, 0xE7, 0x44, 0x4B, 0x4F, 0xF0, 0x00, 0x62, 0x1A, 0x60,
  0x3F, 0x4B, 0x02, 0x22, 0x1A, 0x70, 0x00, 0x23, 0x01, 0x93, 0xAD, 0xE7,
  0x05, 0xF7, 0xF2, 0xF8, 0x02, 0x90, 0x00, 0x28, 0x00, 0xF0, 0x06, 0x81,
  0x3D, 0x4B, 0xD3, 0xF8, 0x00, 0x80, 0xB8, 0xF1, 0x00, 0x0F, 0x2B, 0xD0,
  0xCD, 0xF8, 0x0C, 0x80, 0x73, 0x69, 0x3A, 0x4A, 0xA2, 0xFB, 0x03, 0x3B,
  0x73, 0x68, 0x03, 0xEB, 0x5B, 0x23, 0x23, 0xF0, 0x70, 0x4B, 0xEF, 0xF3,
  0x10, 0x83, 0x13, 0xF0, 0x01, 0x03, 0x04, 0x93, 0x00, 0xD1, 0x72, 0xB6,
  0x34, 0xB1, 0x63, 0x7F, 0x05, 0x2B, 0x00, 0xF0, 0x2C, 0x81, 0x24, 0x68,
  0x00, 0x2C, 0xF8, 0xD1, 0x0B, 0xF1, 0x52, 0x03, 0x23, 0xF0, 0x70, 0x43,
  0xC8, 0xF8, 0x04, 0x30, 0x00, 0x24, 0xA8, 0xF8, 0x08, 0x40, 0x4F, 0xF4,
  0x20, 0x42, 0xA8, 0xF8, 0x18, 0x20, 0x29, 0x4A, 0xC8, 0xF8, 0x14, 0x20,
  0x05, 0x97, 0x78, 0xE0, 0x00, 0x21, 0x54, 0x20, 0x00, 0xF7, 0x6A, 0xF8,
  0x80, 0x46, 0x22, 0x4B, 0x18, 0x60, 0x00, 0x28, 0x3F, 0xF4, 0x6E, 0xAF,
  0x54, 0x22, 0x00, 0x21, 0x0B, 0xF7, 0xD2, 0xF9, 0x20, 0x4B, 0xC8, 0xF8,
  0x28, 0x30, 0xC8, 0xF8, 0x20, 0x30, 0xC8, 0xF8, 0x24, 0x30, 0x1E, 0x4B,
  0x93, 0xF8, 0x50, 0x30, 0x10, 0x33, 0x88, 0xF8, 0x1A, 0x30, 0x1C, 0x4B,
  0xC8, 0xF8, 0x14, 0x30, 0x03, 0x23, 0x88, 0xF8, 0x1B, 0x30, 0x0C, 0x23,
  0x88, 0xF8, 0x1D, 0x30, 0x12, 0x4B, 0xD3, 0xF8, 0x00, 0x80, 0xB8, 0xF1,
  0x00, 0x0F, 0x3F, 0xF4, 0x4D, 0xAF, 0xA7, 0xE7, 0x21, 0x46, 0x30, 0x46,
  0x13, 0x4B, 0x98, 0x47, 0x43, 0x1E, 0xDB, 0xB2, 0x01, 0x2B, 0x23, 0xD9,
  0x04, 0x28, 0x21, 0xD0, 0x05, 0x97, 0x25, 0xE0, 0x80, 0x12, 0x62, 0x40,
  0x40, 0x19, 0x20, 0x00, 0xCC, 0x1F, 0x20, 0x00, 0x10, 0xF2, 0x20, 0x00,
  0x1E, 0x2D, 0x20, 0x00, 0x1D, 0x2D, 0x20, 0x00, 0x14, 0x03, 0x60, 0x40,
  0xDC, 0x2C, 0x20, 0x00, 0x00, 0x51, 0x03, 0x40, 0x20, 0x7F, 0x1E, 0x00,
  0x59, 0x17, 0xB7, 0xD1, 0x80, 0xB5, 0x01, 0x00, 0x15, 0x00, 0x1E, 0x00,
  0x2C, 0x58, 0x0F, 0x00, 0x70, 0x11, 0x01, 0x00, 0x69, 0x7E, 0x0D, 0x00,
  0x00, 0x21, 0x20, 0x46, 0xF4, 0xF6, 0xFA, 0xFA, 0x02, 0x9B, 0x05, 0x93,
  0xBA, 0xF1, 0x52, 0x0F, 0x38, 0xBF, 0x4F, 0xF0, 0x52, 0x0A, 0xBA, 0xF1,
  0xD8, 0x0F, 0x94, 0xBF, 0x0B, 0xEB, 0x0A, 0x03, 0x0B, 0xF1, 0xD8, 0x03,
  0x23, 0xF0, 0x70, 0x43, 0xC8, 0xF8, 0x04, 0x30, 0x00, 0x22, 0xA8, 0xF8,
  0x08, 0x20, 0x4F, 0xF4, 0x20, 0x42, 0xA8, 0xF8, 0x18, 0x20, 0x4D, 0xF6,
  0xC0, 0x22, 0xC8, 0xF8, 0x14, 0x20, 0xB6, 0xF8, 0x4C, 0x20, 0x03, 0xEB,
  0x42, 0x03, 0x23, 0xF0, 0x70, 0x43, 0xC8, 0xF8, 0x10, 0x30, 0x4F, 0xF0,
  0x04, 0x0A, 0x03, 0x98, 0xF4, 0xF6, 0x66, 0xF8, 0x00, 0x28, 0x34, 0xD0,
  0x98, 0xF8, 0x1A, 0x30, 0x14, 0x33, 0x88, 0xF8, 0x1A, 0x30, 0xD8, 0xF8,
  0x04, 0x30, 0x0C, 0x33, 0x23, 0xF0, 0x70, 0x43, 0xC8, 0xF8, 0x04, 0x30,
  0x0A, 0xF1, 0xFF, 0x3A, 0x1A, 0xF0, 0xFF, 0x0A, 0xE9, 0xD1, 0x02, 0x97,
  0x05, 0x9B, 0x23, 0xBB, 0x04, 0x9B, 0x03, 0xB9, 0x62, 0xB6, 0x02, 0x9B,
  0x00, 0x2B, 0x3F, 0xF4, 0xD5, 0xAE, 0x48, 0x23, 0xF3, 0x62, 0xB3, 0x63,
  0x05, 0x23, 0x86, 0xF8, 0x50, 0x30, 0xD8, 0xF8, 0x04, 0x20, 0xAB, 0xEB,
  0x02, 0x03, 0x23, 0xF0, 0x70, 0x43, 0xB3, 0xF1, 0x00, 0x6F, 0x86, 0xBF,
  0xA2, 0xEB, 0x0B, 0x03, 0xC3, 0xF3, 0x5A, 0x03, 0x5B, 0x08, 0x29, 0x2B,
  0x28, 0xBF, 0x29, 0x23, 0x48, 0x33, 0xF3, 0x62, 0xBA, 0xE6, 0x01, 0x23,
  0x88, 0xF8, 0x4E, 0x30, 0xD8, 0xE7, 0x63, 0x68, 0x03, 0xF5, 0x34, 0x63,
  0x23, 0xF0, 0x70, 0x43, 0x63, 0x60, 0x20, 0x46, 0xF4, 0xF6, 0x22, 0xF8,
  0x00, 0x28, 0xCF, 0xD0, 0x3A, 0x4B, 0x9B, 0x6E, 0x42, 0xF6, 0x3C, 0x42,
  0x00, 0x21, 0x39, 0x48, 0x98, 0x47, 0xC7, 0xE7, 0x38, 0x4B, 0x18, 0x68,
  0x00, 0x28, 0x3F, 0xF4, 0x9F, 0xAE, 0x00, 0x21, 0xF4, 0xF6, 0x7A, 0xFA,
  0x34, 0x4C, 0x20, 0x68, 0xFF, 0xF6, 0xA6, 0xFF, 0x00, 0x23, 0x23, 0x60,
  0x94, 0xE6, 0xFC, 0xF7, 0xED, 0xFF, 0x10, 0xB9, 0x00, 0x2C, 0x3F, 0xF4,
  0xA2, 0xAE, 0x8F, 0xB9, 0x96, 0xF8, 0x50, 0x30, 0x01, 0x2B, 0x1E, 0xD0,
  0x05, 0x2B, 0x00, 0xD0, 0xEC, 0xB1, 0x5C, 0x23, 0xF3, 0x62, 0x4A, 0x23,
  0xB3, 0x63, 0x07, 0x20, 0x25, 0x4B, 0xD3, 0xF8, 0x4C, 0x35, 0x29, 0x46,
  0x98, 0x47, 0x8E, 0xE6, 0x25, 0x23, 0xF3, 0x62, 0x1D, 0x23, 0xB3, 0x63,
  0x07, 0x20, 0x01, 0x9B, 0x00, 0x2B, 0x7F, 0xF4, 0x86, 0xAE, 0xFF, 0x2D,
  0xEE, 0xD8, 0x83, 0x1F, 0xDB, 0xB2, 0x01, 0x2B, 0x3F, 0xF6, 0x7F, 0xAE,
  0xE8, 0xE7, 0x06, 0x20, 0xF1, 0xE7, 0x0C, 0x20, 0xEF, 0xE7, 0x1B, 0x4B,
  0x1B, 0x68, 0x00, 0x22, 0x83, 0xF8, 0x4E, 0x20, 0x96, 0xE6, 0x62, 0x68,
  0x63, 0x69, 0x18, 0x49, 0xA1, 0xFB, 0x03, 0x3A, 0x4F, 0xEA, 0x5A, 0x2A,
  0x0A, 0xF1, 0x08, 0x0A, 0xA2, 0xEB, 0x0B, 0x03, 0x23, 0xF0, 0x70, 0x43,
  0x9A, 0x44, 0xC8, 0xF8, 0x04, 0x20, 0x12, 0x4B, 0xC8, 0xF8, 0x14, 0x30,
  0x63, 0x7F, 0xDA, 0x1E, 0xD2, 0xB2, 0x01, 0x2A, 0x7F, 0xF6, 0xFC, 0xAE,
  0x09, 0x3B, 0xDB, 0xB2, 0x01, 0x2B, 0x7F, 0xF6, 0xF7, 0xAE, 0x24, 0x68,
  0x00, 0x2C, 0xF1, 0xD1, 0x05, 0x97, 0x23, 0xE7, 0x06, 0xA9, 0x07, 0xA8,
  0xB5, 0xF6, 0x4D, 0xFF, 0x4F, 0xF0, 0x00, 0x09, 0x01, 0x25, 0x20, 0xE6,
  0x40, 0x19, 0x20, 0x00, 0xF4, 0x7A, 0x1E, 0x00, 0x20, 0x7F, 0x1E, 0x00,
  0x10, 0xF2, 0x20, 0x00, 0x59, 0x17, 0xB7, 0xD1, 0x00, 0x71, 0x02, 0x00,
  0x38, 0xB5, 0x0D, 0x46, 0xF4, 0xF6, 0x66, 0xFA, 0x43, 0x7F, 0x03, 0x3B,
  0xDB, 0xB2, 0x01, 0x2B, 0x1B, 0xD9, 0x04, 0x46, 0x0F, 0x4B, 0x1B, 0x78,
  0xD3, 0xB9, 0x24, 0x68, 0xB4, 0xB1, 0x63, 0x7F, 0x03, 0x3B, 0xDB, 0xB2,
  0x01, 0x2B, 0xF8, 0xD8, 0x0B, 0x4B, 0x5B, 0x1B, 0x65, 0x68, 0x2B, 0x44,
  0x23, 0xF0, 0x70, 0x43, 0x6F, 0xF0, 0x78, 0x42, 0x93, 0x42, 0x01, 0xD2,
  0x00, 0x24, 0x05, 0xE0, 0x00, 0x21, 0x20, 0x46, 0xF4, 0xF6, 0xE4, 0xF9,
  0x00, 0xE0, 0x00, 0x24, 0x20, 0x46, 0x38, 0xBD, 0x00, 0x24, 0xFB, 0xE7,
  0x51, 0x7F, 0x1E, 0x00, 0xB8, 0xFE, 0xFF, 0xFF, 0x20, 0xB3, 0x10, 0xB5,
  0x04, 0x46, 0x4B, 0x69, 0xA3, 0xF2, 0xE2, 0x43, 0x42, 0x69, 0x9B, 0x1A,
  0x4B, 0x61, 0x0F, 0x4A, 0x12, 0x68, 0x53, 0x64, 0x0E, 0x4A, 0xA2, 0xFB,
  0x03, 0x23, 0x4A, 0x68, 0x02, 0xEB, 0x53, 0x23, 0x23, 0xF0, 0x70, 0x43,
  0x43, 0x60, 0x04, 0xE0, 0x63, 0x68, 0x2C, 0x33, 0x23, 0xF0, 0x70, 0x43,
  0x63, 0x60, 0x20, 0x46, 0xF3, 0xF6, 0x52, 0xFF, 0x00, 0x28, 0xF5, 0xD1,
  0x05, 0x4B, 0x01, 0x22, 0x1A, 0x70, 0x70, 0x23, 0xA3, 0x76, 0x10, 0xBD,
  0x70, 0x47, 0x00, 0xBF, 0xD0, 0x2C, 0x20, 0x00, 0x59, 0x17, 0xB7, 0xD1,
  0x51, 0x7F, 0x1E, 0x00, 0x2D, 0xE9, 0xF0, 0x4F, 0x8B, 0xB0, 0xB3, 0x4B,
  0x1C, 0x68, 0xA3, 0x46, 0x4F, 0xF4, 0x20, 0x43, 0x23, 0x83, 0xB4, 0xF8,
  0x4C, 0x20, 0xA3, 0x6C, 0x03, 0xEB, 0x42, 0x03, 0x23, 0xF0, 0x70, 0x43,
  0x23, 0x61, 0x58, 0x23, 0xA3, 0x76, 0xB5, 0xF6, 0xC3, 0xFE, 0x04, 0x90,
  0xB7, 0xF6, 0xF0, 0xFE, 0x02, 0x90, 0xB6, 0xF6, 0x85, 0xFB, 0x01, 0x90,
  0x00, 0x23, 0x09, 0x93, 0xA6, 0x4A, 0x4D, 0xF2, 0xD8, 0x61, 0x11, 0x60,
  0xA5, 0x4A, 0x96, 0x78, 0x15, 0x78, 0xA5, 0x4A, 0x13, 0x70, 0x00, 0x2D,
  0x4A, 0xD0, 0xA2, 0x4B, 0x5B, 0x78, 0x00, 0x3B, 0x18, 0xBF, 0x01, 0x23,
  0x07, 0x93, 0x03, 0xEB, 0x45, 0x03, 0xDB, 0xB2, 0x06, 0x93, 0x35, 0x44,
  0xED, 0xB2, 0xDF, 0xF8, 0x9C, 0x82, 0x00, 0x27, 0xB9, 0x46, 0x4F, 0xF0,
  0x01, 0x0A, 0x10, 0xE0, 0x90, 0xF8, 0xDF, 0x20, 0x91, 0x44, 0x5F, 0xFA,
  0x89, 0xF9, 0x60, 0x30, 0xFC, 0xF6, 0x88, 0xFE, 0x81, 0x44, 0x5F, 0xFA,
  0x89, 0xF9, 0x0E, 0xE0, 0x01, 0x37, 0x08, 0xF1, 0x01, 0x08, 0x07, 0x2F,
  0x10, 0xD0, 0xF8, 0xB2, 0xC1, 0xF6, 0x82, 0xFB, 0x03, 0x46, 0x00, 0x28,
  0xF4, 0xD0, 0x90, 0xF8, 0xD1, 0x20, 0x00, 0x2A, 0xE4, 0xD0, 0x98, 0xF8,
  0x00, 0x30, 0x00, 0x2B, 0xEC, 0xD0, 0x88, 0xF8, 0x00, 0xA0, 0xE9, 0xE7,
  0x01, 0x2D, 0x8C, 0xBF, 0x02, 0x23, 0x03, 0x23, 0x87, 0x4A, 0x13, 0x70,
  0x99, 0x45, 0x10, 0xD3, 0xB9, 0xF1, 0x04, 0x0F, 0x86, 0xBF, 0xA9, 0xF1,
  0x03, 0x02, 0xD2, 0xB2, 0x00, 0x22, 0xA9, 0xEB, 0x03, 0x09, 0x91, 0x44,
  0x7F, 0x4B, 0x83, 0xF8, 0x00, 0x90, 0x02, 0xE0, 0x06, 0x95, 0x00, 0x23,
  0x07, 0x93, 0x00, 0x23, 0x84, 0xF8, 0x50, 0x30, 0x84, 0xF8, 0x4F, 0x30,
  0x01, 0x9B, 0x02, 0x9A, 0x00, 0x2A, 0x18, 0xBF, 0x13, 0x46, 0x01, 0x93,
  0xBE, 0xF6, 0xBA, 0xFF, 0x07, 0x46, 0x03, 0x90, 0xFC, 0xF7, 0xAE, 0xFE,
  0x05, 0x90, 0x67, 0xBB, 0x74, 0x4B, 0x1B, 0x78, 0x13, 0xB3, 0x74, 0x4B,
  0x18, 0x68, 0x00, 0x28, 0x79, 0xD0, 0xD0, 0xF8, 0x14, 0x80, 0xD4, 0xF8,
  0x38, 0xA0, 0xE7, 0x6A, 0x83, 0x7E, 0xA3, 0x76, 0xC4, 0xF8, 0x14, 0x80,
  0x43, 0x68, 0x63, 0x60, 0x00, 0x21, 0xF4, 0xF6, 0x0D, 0xF9, 0x6A, 0x4B,
  0x93, 0xF8, 0x00, 0x90, 0xB9, 0xF1, 0x00, 0x0F, 0x00, 0xF0, 0xBA, 0x82,
  0x68, 0x4B, 0x1B, 0x78, 0x01, 0x2B, 0x50, 0xD9, 0x02, 0x2B, 0x55, 0xD0,
  0xDD, 0xF8, 0x0C, 0x90, 0x00, 0x25, 0x6C, 0xE2, 0x04, 0xF7, 0x60, 0xFE,
  0x18, 0xB1, 0x61, 0x4B, 0x18, 0x68, 0x00, 0x28, 0xD9, 0xD1, 0x5E, 0x4B,
  0x93, 0xF8, 0x00, 0x90, 0xB9, 0xF1, 0x00, 0x0F, 0x4D, 0xD1, 0x05, 0x9B,
  0x23, 0xB1, 0x5D, 0x4B, 0x1B, 0x68, 0x5B, 0x00, 0x54, 0x4A, 0x13, 0x60,
  0x04, 0xF7, 0x54, 0xFE, 0x00, 0x28, 0x00, 0xF0, 0xDA, 0x80, 0x03, 0x9B,
  0x00, 0x2B, 0x40, 0xF0, 0x9A, 0x81, 0x51, 0x4B, 0x1B, 0x78, 0x03, 0xEB,
  0x43, 0x03, 0x5F, 0x00, 0xFF, 0xB2, 0x01, 0x9B, 0x00, 0x2B, 0x00, 0xF0,
  0x00, 0x81, 0x52, 0x4B, 0xB3, 0xF8, 0x00, 0x80, 0x51, 0x4B, 0x1B, 0x88,
  0x48, 0xEA, 0x03, 0x08, 0x1F, 0xFA, 0x88, 0xF3, 0x49, 0xF2, 0x7C, 0x28,
  0x48, 0xF2, 0xE8, 0x02, 0x00, 0x2B, 0x18, 0xBF, 0x90, 0x46, 0xD4, 0xF8,
  0x40, 0xA0, 0x07, 0xEB, 0x47, 0x07, 0x63, 0x6B, 0x1F, 0x44, 0x55, 0xEA,
  0x06, 0x03, 0x00, 0xF0, 0xD5, 0x80, 0x07, 0x9B, 0x00, 0x2B, 0x00, 0xF0,
  0xD3, 0x80, 0x45, 0xF2, 0xE4, 0x78, 0x4F, 0xF0, 0x1A, 0x0A, 0x60, 0x27,
  0xCC, 0xE0, 0x3E, 0x4B, 0x01, 0x22, 0x1A, 0x70, 0xDD, 0xF8, 0x0C, 0x90,
  0x00, 0x25, 0x1A, 0xE2, 0x3A, 0x4B, 0x03, 0x22, 0x1A, 0x70, 0x00, 0x25,
  0x36, 0x4B, 0x1D, 0x70, 0xDD, 0xF8, 0x0C, 0x90, 0x11, 0xE2, 0x36, 0x4B,
  0x1B, 0x78, 0x01, 0x2B, 0x35, 0xD9, 0x02, 0x2B, 0x79, 0xD0, 0x48, 0xF6,
  0xB8, 0x08, 0x4F, 0xF0, 0x3D, 0x0A, 0x5C, 0x27, 0x4F, 0xF0, 0x00, 0x09,
  0x9F, 0xF6, 0x60, 0xF8, 0x28, 0xB1, 0x40, 0xF6, 0xC4, 0x18, 0x4F, 0xF0,
  0x02, 0x0A, 0x4F, 0xF4, 0x7A, 0x57, 0xC4, 0xF8, 0x14, 0x80, 0xA7, 0xEB,
  0x0A, 0x03, 0x0A, 0x2B, 0x38, 0xBF, 0x0A, 0x23, 0x04, 0x9A, 0x02, 0xEB,
  0x43, 0x03, 0x23, 0xF0, 0x70, 0x43, 0x63, 0x60, 0x73, 0x1E, 0xDB, 0xB2,
  0x01, 0x2B, 0x40, 0xF2, 0x49, 0x81, 0x03, 0x9B, 0x00, 0x2B, 0x40, 0xF0,
  0x7A, 0x81, 0x00, 0x2D, 0x40, 0xF0, 0x13, 0x82, 0x00, 0x25, 0xB9, 0xF1,
  0x00, 0x0F, 0x40, 0xF0, 0xDE, 0x81, 0x00, 0x22, 0x61, 0x69, 0x20, 0x46,
  0xF4, 0xF6, 0x02, 0xFA, 0xD7, 0xE1, 0x19, 0x4B, 0x01, 0x22, 0x1A, 0x70,
  0x1B, 0x4B, 0x9B, 0x78, 0x10, 0x33, 0xA3, 0x76, 0x1A, 0x4B, 0x63, 0x61,
  0x00, 0x23, 0x08, 0x93, 0x23, 0x46, 0x09, 0xAA, 0x08, 0xA9, 0x20, 0x1D,
  0x04, 0xF7, 0xCC, 0xFE, 0x08, 0x9B, 0x6B, 0xB3, 0x09, 0x9A, 0x02, 0xEB,
  0x42, 0x02, 0x63, 0x68, 0x03, 0xEB, 0x42, 0x03, 0x23, 0xF0, 0x70, 0x43,
  0x63, 0x60, 0x00, 0x25, 0xDF, 0xF8, 0x3C, 0x80, 0x4F, 0xF0, 0x80, 0x0A,
  0x57, 0x46, 0xA9, 0x46, 0xB3, 0xE1, 0x00, 0xBF, 0xD0, 0x2C, 0x20, 0x00,
  0x78, 0x12, 0x20, 0x00, 0xD8, 0x2C, 0x20, 0x00, 0x1C, 0x2D, 0x20, 0x00,
  0x20, 0x2D, 0x20, 0x00, 0x1E, 0x2D, 0x20, 0x00, 0x20, 0x7F, 0x1E, 0x00,
  0x1D, 0x2D, 0x20, 0x00, 0xA8, 0x7E, 0x1E, 0x00, 0xB6, 0xF1, 0x20, 0x00,
  0xCC, 0xF1, 0x20, 0x00, 0x2C, 0x58, 0x0F, 0x00, 0xC0, 0xD4, 0x01, 0x00,
  0x08, 0xF2, 0x20, 0x00, 0x04, 0x9B, 0x50, 0x33, 0x23, 0xF0, 0x70, 0x43,
  0xD4, 0xE7, 0xB1, 0x4B, 0x1B, 0x78, 0xA3, 0x76, 0xB0, 0x4A, 0x62, 0x61,
  0x04, 0x9B, 0x48, 0x33, 0x23, 0xF0, 0x70, 0x43, 0x63, 0x60, 0xAE, 0x4B,
  0x03, 0x21, 0x19, 0x70, 0x4F, 0xF0, 0x00, 0x09, 0xAC, 0x4B, 0x83, 0xF8,
  0x00, 0x90, 0x4D, 0x46, 0x90, 0x46, 0x4F, 0xF0, 0x02, 0x0A, 0x50, 0x27,
  0x79, 0xE1, 0xFF, 0xF7, 0xB7, 0xFB, 0x00, 0x28, 0x7F, 0xF4, 0x21, 0xAF,
  0x0A, 0xF7, 0xE4, 0xFE, 0x03, 0x9B, 0x00, 0x2B, 0x40, 0xF0, 0xB7, 0x80,
  0xA3, 0x4B, 0xA3, 0xFB, 0x00, 0x23, 0xC2, 0x1A, 0x03, 0xEB, 0x52, 0x03,
  0x1B, 0x09, 0xC3, 0xEB, 0x43, 0x13, 0xC3, 0x1A, 0x03, 0xF1, 0x80, 0x07,
  0x01, 0x9B, 0x00, 0x2B, 0x00, 0xF0, 0xB7, 0x80, 0x07, 0xF2, 0x66, 0x67,
  0x99, 0x46, 0x40, 0xF2, 0xE2, 0x48, 0x4F, 0xF0, 0x02, 0x0A, 0x51, 0xE7,
  0x4A, 0xF6, 0xC8, 0x78, 0x02, 0x9B, 0x13, 0xB1, 0x96, 0x4B, 0x1B, 0x88,
  0x1F, 0x44, 0x06, 0x9B, 0x01, 0x33, 0x07, 0x9A, 0x52, 0xFA, 0x83, 0xF3,
  0xDB, 0xB2, 0x06, 0x93, 0xDD, 0xF8, 0x04, 0x90, 0x40, 0xE7, 0x01, 0x2D,
  0x27, 0xD9, 0x48, 0xF2, 0x4D, 0x58, 0x46, 0xF6, 0x01, 0x03, 0x00, 0x2F,
  0x18, 0xBF, 0x98, 0x46, 0x00, 0x2F, 0x0C, 0xBF, 0x4F, 0xF0, 0x1A, 0x0A,
  0x4F, 0xF0, 0x14, 0x0A, 0x00, 0x2E, 0x40, 0xF0, 0x84, 0x80, 0xDD, 0xF8,
  0x04, 0x90, 0x40, 0x27, 0x9E, 0xF6, 0x8C, 0xFF, 0x00, 0x28, 0x3F, 0xF4,
  0x30, 0xAF, 0x40, 0xF6, 0xC4, 0x12, 0x62, 0x61, 0x04, 0x9B, 0x03, 0xF5,
  0xF9, 0x43, 0x7C, 0x33, 0x23, 0xF0, 0x70, 0x43, 0x63, 0x60, 0x4F, 0xF0,
  0x02, 0x0A, 0x4F, 0xF4, 0x7A, 0x57, 0x90, 0x46, 0x35, 0xE7, 0x40, 0xF2,
  0xE2, 0x48, 0x08, 0xFB, 0x07, 0xF8, 0x07, 0x9B, 0xEB, 0xB1, 0x79, 0x4B,
  0x1B, 0x88, 0x5A, 0x00, 0xB8, 0xEB, 0x43, 0x0F, 0x99, 0xBF, 0xA2, 0xEB,
  0x08, 0x08, 0xC7, 0xF1, 0x28, 0x0A, 0x45, 0xF2, 0xE4, 0x78, 0x4F, 0xF0,
  0x1A, 0x0A, 0x27, 0x6B, 0xDD, 0xF8, 0x04, 0x90, 0x45, 0xF2, 0xE3, 0x73,
  0x98, 0x45, 0x3F, 0xF6, 0xFB, 0xAE, 0x00, 0x2E, 0x7F, 0xF4, 0xF8, 0xAE,
  0x45, 0xF2, 0xE4, 0x78, 0x4F, 0xF0, 0x12, 0x0A, 0xC6, 0xE7, 0xAE, 0xB1,
  0x02, 0x2E, 0x9C, 0xBF, 0x01, 0x23, 0x84, 0xF8, 0x50, 0x30, 0x68, 0x4B,
  0x68, 0x49, 0x1A, 0x68, 0x00, 0x2A, 0x40, 0xF0, 0x40, 0x81, 0x04, 0x33,
  0x8B, 0x42, 0xF8, 0xD1, 0x4F, 0xF0, 0x01, 0x09, 0x42, 0xF6, 0xF2, 0x38,
  0x4F, 0xF0, 0x08, 0x0A, 0x57, 0x46, 0xDB, 0xE6, 0x61, 0x4B, 0x1B, 0x68,
  0x61, 0x4A, 0x11, 0x88, 0x61, 0x4A, 0x12, 0x88, 0x91, 0x42, 0x94, 0xBF,
  0x5B, 0x00, 0x55, 0x4B, 0x43, 0x45, 0x27, 0xBF, 0xA3, 0xEB, 0x08, 0x08,
  0xD4, 0xF8, 0x3C, 0xA0, 0x45, 0xF2, 0xE4, 0x78, 0x4F, 0xF0, 0x1A, 0x0A,
  0x27, 0x6B, 0x1D, 0xB9, 0x28, 0x23, 0xA3, 0x76, 0x01, 0x23, 0x07, 0x93,
  0x05, 0x9B, 0x4B, 0xB1, 0x4C, 0xF2, 0x50, 0x33, 0x98, 0x45, 0x38, 0xBF,
  0x98, 0x46, 0xBA, 0x46, 0x02, 0x37, 0xDD, 0xF8, 0x1C, 0x90, 0x89, 0xE7,
  0xDD, 0xF8, 0x1C, 0x90, 0xB2, 0xE7, 0xC0, 0x27, 0x52, 0xE7, 0x41, 0xF2,
  0xF9, 0x58, 0x4F, 0xF0, 0x06, 0x0A, 0x0C, 0x27, 0xAA, 0xE6, 0xDD, 0xF8,
  0x04, 0x90, 0x42, 0xF6, 0xF2, 0x38, 0x4F, 0xF0, 0x10, 0x0A, 0x57, 0x46,
  0xA2, 0xE6, 0x40, 0xF2, 0xE2, 0x48, 0x4F, 0xF0, 0x02, 0x0A, 0x4F, 0xF0,
  0x01, 0x09, 0x9B, 0xE6, 0x00, 0x23, 0x08, 0x93, 0x23, 0x46, 0x09, 0xAA,
  0x08, 0xA9, 0x20, 0x1D, 0x04, 0xF7, 0x9E, 0xFD, 0x08, 0x9B, 0x00, 0x2B,
  0x5C, 0xD0, 0x62, 0x69, 0x93, 0x42, 0x28, 0xBF, 0x13, 0x46, 0x63, 0x61,
  0x94, 0xF8, 0x51, 0x60, 0x06, 0x9B, 0x33, 0x44, 0xDE, 0xB2, 0x01, 0x2E,
  0x08, 0xBF, 0x02, 0x26, 0x63, 0x68, 0x09, 0x9A, 0x02, 0xFB, 0x06, 0x36,
  0x26, 0xF0, 0x70, 0x46, 0x66, 0x60, 0x01, 0x9B, 0x8B, 0xBB, 0xBA, 0xF1,
  0x02, 0x0F, 0x39, 0xD0, 0xB9, 0xF1, 0x00, 0x0F, 0x40, 0xF0, 0xD0, 0x80,
  0x09, 0x9B, 0x40, 0xF2, 0x53, 0x78, 0x08, 0xFB, 0x03, 0xF8, 0xC4, 0xF8,
  0x14, 0x80, 0x63, 0x68, 0x00, 0x22, 0x84, 0xF8, 0x51, 0x20, 0x03, 0x9A,
  0xC2, 0xB1, 0x18, 0x23, 0x09, 0x93, 0x20, 0x46, 0xBF, 0xF6, 0x2A, 0xF8,
  0x00, 0xF1, 0x0C, 0x03, 0x23, 0xF0, 0x70, 0x43, 0x63, 0x60, 0x00, 0x22,
  0x22, 0x81, 0x40, 0xF6, 0xC4, 0x12, 0x62, 0x61, 0xB9, 0xF1, 0x00, 0x0F,
  0x26, 0xD0, 0x03, 0xF1, 0xC0, 0x02, 0x22, 0xF0, 0x70, 0x42, 0x62, 0x60,
  0x40, 0xF6, 0xC4, 0x18, 0x00, 0x2B, 0x3F, 0xF4, 0x6A, 0xAE, 0x05, 0x26,
  0x3F, 0xE0, 0x0A, 0xF7, 0xBD, 0xFD, 0x00, 0xF0, 0x01, 0x03, 0x05, 0x33,
  0x07, 0xFB, 0x03, 0x63, 0x23, 0xF0, 0x70, 0x43, 0x63, 0x60, 0xC2, 0xE7,
  0x09, 0x9A, 0x02, 0xEB, 0x42, 0x02, 0x63, 0x68, 0x03, 0xEB, 0x42, 0x03,
  0x23, 0xF0, 0x70, 0x43, 0x63, 0x60, 0xBB, 0xE7, 0x4D, 0xF2, 0xD8, 0x63,
  0x63, 0x61, 0x00, 0x25, 0x98, 0x46, 0x32, 0xE0, 0x40, 0xF6, 0xC4, 0x18,
  0xDC, 0xE7, 0x00, 0xBF, 0x2C, 0x58, 0x0F, 0x00, 0x70, 0x11, 0x01, 0x00,
  0x1D, 0x2D, 0x20, 0x00, 0x1E, 0x2D, 0x20, 0x00, 0x85, 0x10, 0x42, 0x08,
  0x80, 0x12, 0x20, 0x00, 0x76, 0x12, 0x20, 0x00, 0x74, 0x24, 0x20, 0x00,
  0xA4, 0x24, 0x20, 0x00, 0x78, 0x12, 0x20, 0x00, 0xB6, 0xF1, 0x20, 0x00,
  0xCC, 0xF1, 0x20, 0x00, 0x09, 0x9B, 0x1D, 0x44, 0x25, 0xF0, 0x70, 0x45,
  0x65, 0x60, 0x01, 0x3E, 0x16, 0xF0, 0xFF, 0x06, 0x0C, 0xD0, 0x65, 0x68,
  0x00, 0x22, 0x61, 0x69, 0x58, 0x46, 0xF4, 0xF6, 0x31, 0xF8, 0x00, 0x28,
  0xEE, 0xD1, 0x63, 0x68, 0xAB, 0x42, 0xEB, 0xD1, 0x00, 0x25, 0x00, 0xE0,
  0x00, 0x25, 0xC4, 0xF8, 0x44, 0x80, 0xC4, 0xF8, 0x38, 0xA0, 0xE7, 0x62,
  0x40, 0xF2, 0xE2, 0x46, 0xDF, 0xF8, 0xCC, 0x80, 0x41, 0xF6, 0x6A, 0x07,
  0x58, 0x46, 0xF3, 0xF6, 0x17, 0xFC, 0xA8, 0xB3, 0x63, 0x69, 0xB3, 0xFB,
  0xF6, 0xF3, 0x62, 0x68, 0x13, 0x44, 0x23, 0xF0, 0x70, 0x43, 0x63, 0x60,
  0xB4, 0xF8, 0x4C, 0x20, 0x23, 0x69, 0x03, 0xEB, 0x42, 0x03, 0x23, 0xF0,
  0x70, 0x43, 0x23, 0x61, 0xA3, 0x7E, 0x98, 0xF8, 0x03, 0x20, 0x13, 0x44,
  0xA3, 0x76, 0x06, 0xF2, 0xE2, 0x46, 0xBE, 0x42, 0xE2, 0xD1, 0x1D, 0xB1,
  0x21, 0x46, 0x28, 0x46, 0xFF, 0xF7, 0x88, 0xFC, 0x0B, 0xB0, 0xBD, 0xE8,
  0xF0, 0x8F, 0x04, 0x9B, 0x03, 0xF5, 0xA4, 0x71, 0x21, 0xF0, 0x70, 0x41,
  0x20, 0x46, 0xFF, 0xF7, 0x4F, 0xFC, 0x05, 0x46, 0x00, 0x28, 0x3F, 0xF4,
  0xE2, 0xAD, 0x08, 0xF6, 0xC4, 0x18, 0x43, 0x69, 0x98, 0x44, 0xC4, 0xF8,
  0x14, 0x80, 0xDA, 0xE5, 0x00, 0x25, 0xBA, 0xE7, 0x00, 0x23, 0x84, 0xF8,
  0x4E, 0x30, 0xA3, 0x7E, 0x6F, 0x2B, 0xDC, 0xD8, 0x03, 0x9B, 0x00, 0x2B,
  0xD9, 0xD1, 0xB9, 0xF1, 0x00, 0x0F, 0xD6, 0xD1, 0x70, 0x23, 0xA3, 0x76,
  0xD3, 0xE7, 0xDD, 0xF8, 0x1C, 0x90, 0xC1, 0xE6, 0x63, 0x68, 0x00, 0x22,
  0x84, 0xF8, 0x51, 0x20, 0x03, 0x9A, 0x00, 0x2A, 0x3F, 0xF4, 0x4E, 0xAF,
  0x18, 0x23, 0x09, 0x93, 0x20, 0x46, 0xBE, 0xF6, 0x5F, 0xFF, 0x00, 0xF1,
  0x0C, 0x03, 0x23, 0xF0, 0x70, 0x43, 0x00, 0x22, 0x22, 0x81, 0x40, 0xF6,
  0xC4, 0x12, 0x62, 0x61, 0x37, 0xE7, 0x00, 0xBF, 0x2C, 0x58, 0x0F, 0x00,
  0x08, 0xB5, 0x00, 0x22, 0x80, 0xF8, 0x4F, 0x20, 0x06, 0x4A, 0x13, 0x68,
  0x43, 0xF0, 0x08, 0x03, 0x13, 0x60, 0x05, 0xF7, 0xC5, 0xFB, 0x04, 0x4A,
  0x13, 0x68, 0x43, 0xF0, 0x03, 0x03, 0x13, 0x60, 0x08, 0xBD, 0x00, 0xBF,
  0x14, 0x03, 0x60, 0x40, 0x80, 0x12, 0x62, 0x40, 0x70, 0xB5, 0xEF, 0xF3,
  0x10, 0x83, 0x13, 0xF0, 0x01, 0x04, 0x00, 0xD1, 0x72, 0xB6, 0x27, 0xF0,
  0x95, 0xFC, 0x10, 0xB1, 0x04, 0xF7, 0xDE, 0xFD, 0x08, 0xB1, 0x27, 0xF0,
  0xB9, 0xF9, 0x25, 0x4B, 0x18, 0x68, 0x40, 0xB1, 0x00, 0x21, 0xF3, 0xF6,
  0xF3, 0xFD, 0x22, 0x4D, 0x28, 0x68, 0xFF, 0xF6, 0x1F, 0xFB, 0x00, 0x23,
  0x2B, 0x60, 0x05, 0xF7, 0x27, 0xFD, 0x04, 0xF7, 0xCB, 0xFD, 0x10, 0xB9,
  0x04, 0xB9, 0x62, 0xB6, 0x70, 0xBD, 0x04, 0xF7, 0x11, 0xFF, 0x00, 0x28,
  0xF8, 0xD0, 0x04, 0xF7, 0x0D, 0xFF, 0x01, 0x23, 0xC3, 0x76, 0x18, 0x4B,
  0x1B, 0x68, 0x18, 0x4A, 0x9A, 0x62, 0x00, 0x21, 0x54, 0x20, 0xFF, 0xF6,
  0xED, 0xFA, 0x16, 0x4B, 0x18, 0x60, 0xD8, 0xB1, 0x14, 0x4E, 0x35, 0x68,
  0x54, 0x22, 0x00, 0x21, 0x28, 0x46, 0x0A, 0xF7, 0x55, 0xFC, 0x4F, 0xF4,
  0x00, 0x53, 0x2B, 0x83, 0x10, 0x4B, 0xAB, 0x62, 0x2B, 0x62, 0x6B, 0x62,
  0x00, 0x23, 0x2B, 0x77, 0x0A, 0x22, 0xAA, 0x76, 0x40, 0xF6, 0xC4, 0x12,
  0x6A, 0x61, 0xEB, 0x76, 0x0D, 0x22, 0x6A, 0x77, 0x32, 0x68, 0x82, 0xF8,
  0x4E, 0x30, 0xCD, 0xE7, 0x42, 0xF6, 0xE8, 0x63, 0x00, 0x22, 0x11, 0x46,
  0x10, 0x46, 0x05, 0xF7, 0x87, 0xFE, 0xDB, 0xE7, 0x20, 0x7F, 0x1E, 0x00,
  0xD0, 0x2C, 0x20, 0x00, 0xFD, 0x03, 0x1E, 0x00, 0x10, 0xF2, 0x20, 0x00,
  0x05, 0x00, 0x1E, 0x00, 0x00, 0xB5, 0x83, 0xB0, 0x0A, 0x0A, 0x0E, 0x4B,
  0x53, 0xF8, 0x22, 0x20, 0x03, 0x78, 0x8D, 0xF8, 0x04, 0x30, 0x43, 0x78,
  0x8D, 0xF8, 0x05, 0x30, 0x12, 0x8C, 0x12, 0xF4, 0x00, 0x5F, 0x08, 0xD1,
  0x13, 0xF0, 0x08, 0x0F, 0x05, 0xD0, 0x23, 0xF0, 0x18, 0x03, 0x43, 0xF0,
  0x10, 0x03, 0x8D, 0xF8, 0x05, 0x30, 0x01, 0xA8, 0x03, 0x4B, 0x98, 0x47,
  0xC0, 0xB2, 0x03, 0xB0, 0x5D, 0xF8, 0x04, 0xFB, 0x00, 0x36, 0x20, 0x00,
  0x69, 0x39, 0x09, 0x00, 0x38, 0xB5, 0x04, 0x46, 0x00, 0xEB, 0xC0, 0x02,
  0x11, 0x4B, 0x13, 0x44, 0x93, 0xF8, 0x3D, 0x30, 0x01, 0x2B, 0x08, 0xD0,
  0x04, 0xEB, 0xC4, 0x04, 0x0D, 0x48, 0x04, 0x44, 0x06, 0x23, 0x84, 0xF8,
  0x3C, 0x30, 0x01, 0x20, 0x38, 0xBD, 0x0D, 0x46, 0x09, 0x4B, 0x13, 0x44,
  0x93, 0xF8, 0x3C, 0x30, 0x06, 0x2B, 0xEF, 0xD0, 0x9E, 0xF6, 0xA4, 0xFA,
  0x04, 0xEB, 0xC4, 0x02, 0x04, 0x4B, 0x13, 0x44, 0x83, 0xF8, 0x3E, 0x00,
  0x08, 0xB1, 0x28, 0x70, 0xE4, 0xE7, 0x00, 0x20, 0xEA, 0xE7, 0x00, 0xBF,
  0x5C, 0x32, 0x20, 0x00, 0xF8, 0xB5, 0x05, 0x46, 0x0C, 0x46, 0x0F, 0x0A,
  0x29, 0x4B, 0x53, 0xF8, 0x27, 0x60, 0x43, 0x68, 0xB3, 0x61, 0x03, 0x78,
  0x03, 0xF0, 0x01, 0x03, 0x86, 0xF8, 0x39, 0x30, 0x08, 0x46, 0xFF, 0xF6,
  0x85, 0xFD, 0x01, 0x28, 0x18, 0xD0, 0xA0, 0xF1, 0x5E, 0x03, 0xDB, 0xB2,
  0x01, 0x2B, 0x3A, 0xD8, 0x01, 0x25, 0xFF, 0xB2, 0x01, 0x21, 0x38, 0x46,
  0xA6, 0xF6, 0xF0, 0xF8, 0x73, 0x8C, 0x13, 0xF0, 0x01, 0x0F, 0x21, 0xD0,
  0x96, 0xF8, 0x3C, 0x30, 0x02, 0x2B, 0x26, 0xD0, 0x38, 0xBB, 0x96, 0xF8,
  0x81, 0x31, 0x1B, 0xB1, 0x24, 0x22, 0x18, 0xE0, 0x00, 0x25, 0xEA, 0xE7,
  0x06, 0xF1, 0x38, 0x01, 0x38, 0x46, 0xFF, 0xF7, 0xA3, 0xFF, 0xE0, 0xB1,
  0x00, 0x23, 0x86, 0xF8, 0x44, 0x30, 0x01, 0x23, 0x86, 0xF8, 0xBF, 0x32,
  0x0D, 0xB1, 0x86, 0xF8, 0xB1, 0x32, 0x0E, 0x4B, 0xD3, 0xF8, 0xA0, 0x30,
  0x20, 0x46, 0x98, 0x47, 0x00, 0x20, 0x07, 0xE0, 0x24, 0x22, 0x96, 0xF8,
  0x39, 0x30, 0x13, 0x21, 0x38, 0x46, 0xB3, 0xF6, 0x9F, 0xFF, 0x00, 0x20,
  0xF8, 0xBD, 0x24, 0x22, 0xF5, 0xE7, 0x24, 0x22, 0xF3, 0xE7, 0x09, 0x22,
  0xF1, 0xE7, 0x21, 0x46, 0x28, 0x46, 0x03, 0x4B, 0x98, 0x47, 0xF3, 0xE7,
  0x00, 0x36, 0x20, 0x00, 0x40, 0x19, 0x20, 0x00, 0x71, 0x03, 0x09, 0x00,
  0xF8, 0xB5, 0x04, 0x46, 0x0D, 0x46, 0x0F, 0x0A, 0x1D, 0x4B, 0x53, 0xF8,
  0x27, 0x60, 0x83, 0x78, 0x86, 0xF8, 0x40, 0x30, 0x03, 0x78, 0x03, 0xF0,
  0x01, 0x03, 0x86, 0xF8, 0x39, 0x30, 0x03, 0x78, 0x03, 0xF0, 0x01, 0x03,
  0x86, 0xF8, 0x3B, 0x30, 0x08, 0x46, 0xFF, 0xF6, 0x21, 0xFD, 0x19, 0x28,
  0x12, 0xD8, 0x19, 0x28, 0x19, 0xD8, 0xDF, 0xE8, 0x00, 0xF0, 0x0D, 0x13,
  0x18, 0x18, 0x18, 0x18, 0x18, 0x21, 0x18, 0x18, 0x18, 0x18, 0x18, 0x18,
  0x18, 0x18, 0x18, 0x18, 0x18, 0x18, 0x18, 0x18, 0x0D, 0x0D, 0x0D, 0x0D,
  0x00, 0x20, 0x07, 0xE0, 0x37, 0x28, 0x01, 0xD0, 0x3D, 0x28, 0x04, 0xD1,
  0x29, 0x46, 0x20, 0x46, 0x07, 0x4B, 0x98, 0x47, 0xF8, 0xBD, 0x96, 0xF8,
  0x39, 0x30, 0x3A, 0x22, 0x0B, 0x21, 0x38, 0x46, 0xB3, 0xF6, 0x62, 0xFF,
  0x00, 0x20, 0xF5, 0xE7, 0x02, 0x20, 0xF3, 0xE7, 0x00, 0x36, 0x20, 0x00,
  0x81, 0x64, 0x09, 0x00, 0xF8, 0xB5, 0x05, 0x46, 0x0C, 0x46, 0x0E, 0x0A,
  0x0C, 0x4B, 0x53, 0xF8, 0x26, 0x70, 0x08, 0x46, 0xFF, 0xF6, 0xEA, 0xFC,
  0x97, 0xF8, 0xAF, 0x32, 0x0B, 0xB1, 0x2C, 0x28, 0x08, 0xD0, 0x21, 0x46,
  0x28, 0x46, 0x07, 0x4B, 0x98, 0x47, 0xC0, 0xB2, 0x06, 0x4B, 0x00, 0x22,
  0x9A, 0x55, 0xF8, 0xBD, 0x04, 0x4B, 0x9B, 0x5D, 0x00, 0x2B, 0xF2, 0xD0,
  0x02, 0x20, 0xF8, 0xE7, 0x00, 0x36, 0x20, 0x00, 0x41, 0x3C, 0x09, 0x00,
  0xD0, 0xF1, 0x20, 0x00, 0xF8, 0xB5, 0x0C, 0x46, 0x0F, 0x0A, 0x0A, 0x4B,
  0x53, 0xF8, 0x27, 0x60, 0x09, 0x4B, 0x98, 0x47, 0x05, 0x46, 0x20, 0x46,
  0xFF, 0xF6, 0xC4, 0xFC, 0x96, 0xF8, 0xAF, 0x32, 0x0B, 0xB1, 0x2C, 0x28,
  0x01, 0xD0, 0xE8, 0xB2, 0xF8, 0xBD, 0x04, 0x4B, 0x01, 0x22, 0xDA, 0x55,
  0xF9, 0xE7, 0x00, 0xBF, 0x00, 0x36, 0x20, 0x00, 0x19, 0x3F, 0x09, 0x00,
  0xD0, 0xF1, 0x20, 0x00, 0x2D, 0xE9, 0xF0, 0x41, 0x07, 0x46, 0x0D, 0x46,
  0x90, 0x46, 0x1E, 0x46, 0x0C, 0x78, 0x64, 0x08, 0x4A, 0x78, 0x21, 0x46,
  0x2F, 0x48, 0x29, 0xF0, 0x29, 0xFE, 0x7F, 0x2C, 0x16, 0xD0, 0x02, 0x3C,
  0x22, 0x2C, 0x4F, 0xD8, 0xDF, 0xE8, 0x04, 0xF0, 0x48, 0x4E, 0x30, 0x4E,
  0x4E, 0x4E, 0x4E, 0x4E, 0x4E, 0x4E, 0x4E, 0x4E, 0x4E, 0x4E, 0x42, 0x3C,
  0x4E, 0x36, 0x4E, 0x4E, 0x4E, 0x4E, 0x24, 0x4E, 0x4E, 0x4E, 0x4E, 0x4E,
  0x4E, 0x4E, 0x4E, 0x4E, 0x4E, 0x4E, 0x2A, 0x00, 0x6B, 0x78, 0x0B, 0x2B,
  0x08, 0xD0, 0x33, 0x46, 0x42, 0x46, 0x29, 0x46, 0x38, 0x46, 0x1F, 0x4C,
  0xA0, 0x47, 0xC0, 0xB2, 0xBD, 0xE8, 0xF0, 0x81, 0x41, 0x46, 0x28, 0x46,
  0xFF, 0xF7, 0x44, 0xFF, 0xC0, 0xB2, 0xF7, 0xE7, 0x41, 0x46, 0x28, 0x46,
  0x28, 0xF0, 0xF4, 0xFE, 0xC0, 0xB2, 0xF1, 0xE7, 0x41, 0x46, 0x28, 0x46,
  0xFF, 0xF7, 0x8C, 0xFE, 0xC0, 0xB2, 0xEB, 0xE7, 0x41, 0x46, 0x28, 0x46,
  0x28, 0xF0, 0x0E, 0xFF, 0xC0, 0xB2, 0xE5, 0xE7, 0x41, 0x46, 0x28, 0x46,
  0xFF, 0xF7, 0xCE, 0xFE, 0xC0, 0xB2, 0xDF, 0xE7, 0x41, 0x46, 0x28, 0x46,
  0xFF, 0xF7, 0x6A, 0xFF, 0xC0, 0xB2, 0xD9, 0xE7, 0x41, 0x46, 0x28, 0x46,
  0xFF, 0xF7, 0x88, 0xFF, 0xC0, 0xB2, 0xD3, 0xE7, 0x41, 0x46, 0x28, 0x46,
  0x27, 0xF0, 0xE2, 0xFC, 0xC0, 0xB2, 0xCD, 0xE7, 0x33, 0x46, 0x42, 0x46,
  0x29, 0x46, 0x38, 0x46, 0x02, 0x4C, 0xA0, 0x47, 0xC0, 0xB2, 0xC5, 0xE7,
  0x60, 0x7D, 0x1E, 0x00, 0xF5, 0xFC, 0x08, 0x00, 0x2D, 0xE9, 0xF8, 0x43,
  0x07, 0x46, 0x0D, 0x46, 0x16, 0x46, 0x98, 0x46, 0x0C, 0x88, 0x04, 0xF1,
  0x80, 0x44, 0x04, 0xF5, 0xC2, 0x04, 0x23, 0x78, 0x5B, 0x08, 0x03, 0x2B,
  0x07, 0xD0, 0x43, 0x46, 0x32, 0x46, 0x29, 0x46, 0x38, 0x46, 0x1B, 0x4C,
  0xA0, 0x47, 0xBD, 0xE8, 0xF8, 0x83, 0x4F, 0xEA, 0x12, 0x29, 0x19, 0x4B,
  0x53, 0xF8, 0x29, 0x30, 0x93, 0xF8, 0xAF, 0x32, 0x00, 0x2B, 0xEE, 0xD0,
  0x63, 0x78, 0x10, 0x2B, 0xEB, 0xD1, 0x15, 0x4B, 0x13, 0xF8, 0x09, 0x30,
  0x00, 0x2B, 0xE6, 0xD0, 0x10, 0x46, 0xFF, 0xF6, 0x19, 0xFC, 0x2C, 0x28,
  0xE1, 0xD1, 0x10, 0x4B, 0x00, 0x22, 0x03, 0xF8, 0x09, 0x20, 0xEF, 0xF3,
  0x10, 0x83, 0x13, 0xF0, 0x01, 0x0F, 0x0A, 0xD1, 0x72, 0xB6, 0x01, 0x21,
  0x30, 0x46, 0xFF, 0xF6, 0xA1, 0xFB, 0x2C, 0x21, 0x30, 0x46, 0xFF, 0xF6,
  0x9D, 0xFB, 0x62, 0xB6, 0xCD, 0xE7, 0x01, 0x21, 0x30, 0x46, 0xFF, 0xF6,
  0x97, 0xFB, 0x2C, 0x21, 0x30, 0x46, 0xFF, 0xF6, 0x93, 0xFB, 0xC4, 0xE7,
  0x35, 0x72, 0x09, 0x00, 0x00, 0x36, 0x20, 0x00, 0xD0, 0xF1, 0x20, 0x00,
  0x70, 0xB5, 0x04, 0x46, 0x0D, 0x46, 0x4F, 0x4B, 0x93, 0xF8, 0x5E, 0x35,
  0x01, 0x2B, 0x12, 0xD0, 0x4C, 0x49, 0x02, 0x23, 0x81, 0xF8, 0x5E, 0x35,
  0x00, 0x22, 0x91, 0xF8, 0xC8, 0x30, 0x06, 0x3B, 0xDB, 0xB2, 0x02, 0x2B,
  0x04, 0xD9, 0x01, 0x32, 0xD2, 0xB2, 0x48, 0x31, 0x0C, 0x2A, 0xF4, 0xD1,
  0x23, 0x78, 0x01, 0x2B, 0x05, 0xD0, 0x29, 0x46, 0x20, 0x46, 0xCA, 0xF6,
  0xA9, 0xFF, 0x00, 0x20, 0x70, 0xBD, 0x63, 0x78, 0x02, 0x2B, 0xF6, 0xD8,
  0x5D, 0xD0, 0xA3, 0x88, 0x00, 0x2B, 0x60, 0xD1, 0x0B, 0x2A, 0xF0, 0xD8,
  0x16, 0x46, 0x02, 0xEB, 0xC2, 0x02, 0x3A, 0x4B, 0x03, 0xEB, 0xC2, 0x02,
  0x92, 0xF8, 0xC8, 0x30, 0x08, 0x2B, 0x59, 0xD0, 0x07, 0x2B, 0xE4, 0xD1,
  0x06, 0xEB, 0xC6, 0x02, 0x34, 0x4B, 0x03, 0xEB, 0xC2, 0x03, 0xD3, 0xF8,
  0x84, 0x30, 0x00, 0x2B, 0x55, 0xD0, 0x06, 0xEB, 0xC6, 0x02, 0x30, 0x4B,
  0x03, 0xEB, 0xC2, 0x03, 0xD3, 0xF8, 0x84, 0x30, 0x1B, 0x78, 0x13, 0xF0,
  0x02, 0x0F, 0x2D, 0x4A, 0x08, 0xBF, 0x00, 0x22, 0xEF, 0xF3, 0x10, 0x83,
  0x13, 0xF0, 0x01, 0x0F, 0x4B, 0xD1, 0x72, 0xB6, 0xA1, 0x88, 0x60, 0x88,
  0xE4, 0xF6, 0x12, 0xF8, 0x62, 0xB6, 0x25, 0x4A, 0xB2, 0xF8, 0x5A, 0x35,
  0x23, 0xF0, 0x01, 0x03, 0x61, 0x78, 0x00, 0x29, 0x18, 0xBF, 0x43, 0xF0,
  0x01, 0x03, 0x1B, 0xB2, 0xA2, 0xF8, 0x5A, 0x35, 0x23, 0xF0, 0x02, 0x03,
  0x62, 0x78, 0x02, 0x2A, 0x0C, 0xBF, 0x02, 0x21, 0x00, 0x21, 0x1B, 0x4A,
  0x0B, 0x43, 0xA2, 0xF8, 0x5A, 0x35, 0x61, 0x88, 0x06, 0xEB, 0xC6, 0x03,
  0x02, 0xEB, 0xC3, 0x03, 0xA3, 0xF8, 0xA0, 0x10, 0xA3, 0x88, 0x06, 0xEB,
  0xC6, 0x06, 0x02, 0xEB, 0xC6, 0x02, 0xA2, 0xF8, 0xA2, 0x30, 0x00, 0x21,
  0x28, 0x46, 0xC6, 0xF6, 0x5B, 0xF8, 0x00, 0x20, 0x9C, 0xE7, 0xA3, 0x88,
  0x00, 0x2B, 0x94, 0xD0, 0x61, 0x88, 0x00, 0x29, 0x91, 0xD0, 0x61, 0x88,
  0xB1, 0xEB, 0xC3, 0x1F, 0x8D, 0xDA, 0x99, 0xE7, 0x2A, 0x46, 0x03, 0x21,
  0x20, 0x46, 0xFE, 0xF6, 0x14, 0xFF, 0x01, 0x20, 0x8A, 0xE7, 0x08, 0x4B,
  0x9B, 0x6E, 0x43, 0xF2, 0x60, 0x12, 0x00, 0x21, 0x06, 0x48, 0x98, 0x47,
  0xA1, 0xE7, 0xA1, 0x88, 0x60, 0x88, 0xE3, 0xF6, 0xC7, 0xFF, 0xB4, 0xE7,
  0xFC, 0x36, 0x20, 0x00, 0xE6, 0x3A, 0x20, 0x00, 0x40, 0x19, 0x20, 0x00,
  0x6C, 0x7D, 0x1E, 0x00, 0x70, 0xB5, 0x0D, 0x46, 0x20, 0x4B, 0x93, 0xF8,
  0x5E, 0x35, 0x02, 0x2B, 0x36, 0xD0, 0x1E, 0x4B, 0x01, 0x22, 0x83, 0xF8,
  0x5E, 0x25, 0x00, 0x22, 0x83, 0xF8, 0x5C, 0x25, 0x01, 0x78, 0x69, 0xBB,
  0x18, 0x46, 0x13, 0x46, 0xDE, 0xB2, 0x90, 0xF8, 0xC8, 0x40, 0xA2, 0x1F,
  0xD2, 0xB2, 0x02, 0x2A, 0x09, 0xD9, 0x44, 0xB1, 0x01, 0x33, 0x48, 0x30,
  0x0C, 0x2B, 0xF3, 0xD1, 0x0C, 0x21, 0x28, 0x46, 0xC6, 0xF6, 0x10, 0xF8,
  0x18, 0xE0, 0x0B, 0x2E, 0x1C, 0xD8, 0xDC, 0xB2, 0x04, 0xEB, 0xC4, 0x02,
  0x0D, 0x4B, 0x03, 0xEB, 0xC2, 0x03, 0x93, 0xF8, 0xC8, 0x30, 0x07, 0x2B,
  0xEF, 0xD1, 0xE3, 0xF6, 0x55, 0xFF, 0x01, 0x46, 0x00, 0x28, 0xEA, 0xD1,
  0x04, 0xEB, 0xC4, 0x03, 0x06, 0x4C, 0x04, 0xEB, 0xC3, 0x03, 0x08, 0x22,
  0x83, 0xF8, 0xC8, 0x20, 0x00, 0x20, 0x70, 0xBD, 0x29, 0x46, 0xCA, 0xF6,
  0x41, 0xFD, 0xF9, 0xE7, 0x0C, 0x21, 0xDA, 0xE7, 0xFC, 0x36, 0x20, 0x00,
  0x70, 0x47, 0x70, 0x47, 0x10, 0xB5, 0x34, 0x4B, 0x1B, 0x68, 0x1B, 0xB1,
  0x33, 0x4B, 0x1B, 0x68, 0x00, 0x2B, 0x2E, 0xD1, 0x4F, 0xF4, 0xD8, 0x74,
  0x23, 0x68, 0x31, 0x48, 0x98, 0x47, 0x2F, 0x4B, 0x18, 0x60, 0x23, 0x68,
  0x2F, 0x48, 0x98, 0x47, 0x2B, 0x4B, 0x18, 0x60, 0x2E, 0x4A, 0x13, 0x68,
  0x23, 0xF0, 0x02, 0x03, 0x13, 0x60, 0x2D, 0x4C, 0x40, 0xF2, 0x01, 0x13,
  0x63, 0x66, 0x06, 0xF7, 0x8D, 0xFB, 0x62, 0x6E, 0xD2, 0xB2, 0x2A, 0x4B,
  0x1B, 0x68, 0xB3, 0xFB, 0xF2, 0xF3, 0x29, 0x4A, 0xA2, 0xFB, 0x03, 0x23,
  0x9B, 0x0C, 0x43, 0xF4, 0xA0, 0x11, 0x27, 0x4A, 0x11, 0x60, 0x43, 0xF0,
  0x00, 0x43, 0x43, 0xF4, 0xA0, 0x13, 0x13, 0x60, 0x11, 0x60, 0x63, 0x68,
  0x43, 0xF0, 0x04, 0x03, 0x63, 0x60, 0x22, 0x4A, 0x13, 0x68, 0x43, 0xF0,
  0x04, 0x03, 0x13, 0x60, 0x20, 0x4B, 0x1B, 0x68, 0x5B, 0xB2, 0x32, 0x2B,
  0x23, 0xDD, 0x14, 0x4B, 0x19, 0x68, 0x01, 0xF0, 0x1F, 0x03, 0x04, 0x2B,
  0x94, 0xBF, 0x21, 0xF0, 0x1F, 0x01, 0x04, 0x39, 0x4F, 0xF4, 0xDA, 0x73,
  0x1B, 0x68, 0x11, 0x48, 0x98, 0x47, 0x0E, 0x4B, 0x19, 0x68, 0x01, 0xF0,
  0x3F, 0x03, 0x06, 0x2B, 0x94, 0xBF, 0x21, 0xF0, 0x3F, 0x01, 0x06, 0x39,
  0x4F, 0xF4, 0xDA, 0x73, 0x1B, 0x68, 0x09, 0x48, 0x98, 0x47, 0x4F, 0xF4,
  0xDC, 0x73, 0x1B, 0x68, 0x4F, 0xF0, 0x00, 0x42, 0x00, 0x21, 0x0E, 0x48,
  0x98, 0x47, 0x0E, 0x4B, 0x01, 0x22, 0x1A, 0x70, 0x10, 0xBD, 0x00, 0xBF,
  0x54, 0x7F, 0x1E, 0x00, 0x58, 0x7F, 0x1E, 0x00, 0x30, 0x10, 0x00, 0x70,
  0x3C, 0x10, 0x00, 0x70, 0x10, 0x00, 0x50, 0x40, 0x00, 0x00, 0x50, 0x40,
  0x94, 0x12, 0x20, 0x00, 0x83, 0xDE, 0x1B, 0x43, 0x08, 0x00, 0x58, 0x40,
  0x04, 0x00, 0x50, 0x40, 0x84, 0x01, 0x50, 0x40, 0x84, 0x10, 0x00, 0x70,
  0x3E, 0x7F, 0x1E, 0x00, 0x0F, 0x4B, 0x1B, 0x78, 0xD3, 0xB1, 0x10, 0xB5,
  0x0E, 0x4A, 0x13, 0x68, 0x23, 0xF0, 0x04, 0x03, 0x13, 0x60, 0x4F, 0xF4,
  0xDC, 0x73, 0x1B, 0x68, 0x4F, 0xF0, 0x00, 0x42, 0x11, 0x46, 0x0A, 0x48,
  0x98, 0x47, 0x4F, 0xF4, 0xDA, 0x74, 0x23, 0x68, 0x08, 0x4A, 0x11, 0x68,
  0x08, 0x48, 0x98, 0x47, 0x23, 0x68, 0x08, 0x4A, 0x11, 0x68, 0x08, 0x48,
  0x98, 0x47, 0x10, 0xBD, 0x70, 0x47, 0x00, 0xBF, 0x3E, 0x7F, 0x1E, 0x00,
  0x04, 0x00, 0x50, 0x40, 0x84, 0x10, 0x00, 0x70, 0x58, 0x7F, 0x1E, 0x00,
  0x30, 0x10, 0x00, 0x70, 0x54, 0x7F, 0x1E, 0x00, 0x3C, 0x10, 0x00, 0x70,
  0x38, 0xB5, 0xEF, 0xF3, 0x10, 0x83, 0x13, 0xF0, 0x01, 0x04, 0x00, 0xD1,
  0x72, 0xB6, 0x12, 0x4B, 0x18, 0x68, 0x20, 0xB1, 0x90, 0xF8, 0x4E, 0x30,
  0x01, 0x3B, 0x01, 0x2B, 0x0E, 0xD9, 0x0F, 0x4B, 0x18, 0x68, 0x40, 0xB1,
  0x00, 0x21, 0xF3, 0xF6, 0xFB, 0xF9, 0x0C, 0x4D, 0x28, 0x68, 0xFE, 0xF6,
  0x27, 0xFF, 0x00, 0x23, 0x2B, 0x60, 0x04, 0xB9, 0x62, 0xB6, 0x38, 0xBD,
  0x02, 0x23, 0x80, 0xF8, 0x4E, 0x30, 0x00, 0x21, 0xF3, 0xF6, 0xEC, 0xF9,
  0x03, 0x4D, 0x28, 0x68, 0xFE, 0xF6, 0x18, 0xFF, 0x00, 0x23, 0x2B, 0x60,
  0xE3, 0xE7, 0x00, 0xBF, 0xD0, 0x2C, 0x20, 0x00, 0x10, 0xF2, 0x20, 0x00,
  0x00, 0xB9, 0x70, 0x47, 0x08, 0xB5, 0x05, 0xF7, 0xEF, 0xF8, 0xFF, 0xF7,
  0xC9, 0xFF, 0x08, 0xBD, 0x2D, 0xE9, 0xF8, 0x43, 0x07, 0x46, 0x0D, 0x46,
  0x90, 0x46, 0x1C, 0x46, 0x98, 0x4B, 0x93, 0xF8, 0xEA, 0x62, 0x42, 0xF2,
  0x50, 0x03, 0x9C, 0x42, 0x00, 0xF2, 0xFC, 0x80, 0x42, 0xF2, 0x0B, 0x03,
  0x9C, 0x42, 0x4C, 0xD9, 0xA4, 0xF5, 0x00, 0x53, 0x0C, 0x3B, 0x44, 0x2B,
  0x00, 0xF2, 0xF2, 0x80, 0xDF, 0xE8, 0x13, 0xF0, 0x16, 0x01, 0xBF, 0x00,
  0xF0, 0x00, 0xF0, 0x00, 0xF0, 0x00, 0xF0, 0x00, 0xF0, 0x00, 0xF0, 0x00,
  0xF0, 0x00, 0xF0, 0x00, 0xF0, 0x00, 0xF0, 0x00, 0xF0, 0x00, 0xF0, 0x00,
  0xF0, 0x00, 0xF0, 0x00, 0xF0, 0x00, 0xDF, 0x00, 0xE9, 0x00, 0x09, 0x01,
  0xF0, 0x00, 0xF0, 0x00, 0xF0, 0x00, 0xF0, 0x00, 0xF0, 0x00, 0xF0, 0x00,
  0xF0, 0x00, 0xF0, 0x00, 0xF0, 0x00, 0xF0, 0x00, 0x71, 0x00, 0xF0, 0x00,
  0xF0, 0x00, 0xF0, 0x00, 0xF0, 0x00, 0xF0, 0x00, 0xF0, 0x00, 0xF0, 0x00,
  0xF0, 0x00, 0xDF, 0x00, 0xE9, 0x00, 0xF0, 0x00, 0xF0, 0x00, 0xF0, 0x00,
  0xF0, 0x00, 0xF0, 0x00, 0xF0, 0x00, 0x5F, 0x00, 0xF0, 0x00, 0xF0, 0x00,
  0xF0, 0x00, 0xF0, 0x00, 0xF0, 0x00, 0xF0, 0x00, 0xD8, 0x00, 0x80, 0x00,
  0xF0, 0x00, 0xF0, 0x00, 0xF0, 0x00, 0xF0, 0x00, 0xF0, 0x00, 0xF0, 0x00,
  0xF0, 0x00, 0xF0, 0x00, 0xF0, 0x00, 0xF0, 0x00, 0xF0, 0x00, 0xDF, 0x00,
  0xE9, 0x00, 0x41, 0xF2, 0x03, 0x03, 0x9C, 0x42, 0x6E, 0xD0, 0x41, 0xF2,
  0x09, 0x03, 0x9C, 0x42, 0x06, 0xD1, 0x41, 0xF2, 0x09, 0x01, 0x28, 0x46,
  0x28, 0xF0, 0xE6, 0xFC, 0x00, 0x25, 0xAA, 0xE0, 0x41, 0xF2, 0x02, 0x03,
  0x9C, 0x42, 0x57, 0xD1, 0x41, 0xF2, 0x02, 0x01, 0x28, 0x46, 0x28, 0xF0,
  0xF3, 0xFC, 0x00, 0x25, 0x9F, 0xE0, 0x00, 0x25, 0x5F, 0x4B, 0x83, 0xF8,
  0x5E, 0x55, 0x02, 0x23, 0x42, 0xF2, 0x3B, 0x02, 0x29, 0x46, 0x4F, 0xF4,
  0x88, 0x50, 0xFE, 0xF6, 0x03, 0xFD, 0x05, 0x70, 0x10, 0x22, 0x42, 0x70,
  0xF6, 0xF6, 0x8A, 0xF8, 0x89, 0xE0, 0x02, 0x23, 0x42, 0xF2, 0x2A, 0x02,
  0x00, 0x21, 0x4F, 0xF4, 0x88, 0x50, 0xFE, 0xF6, 0xF5, 0xFC, 0x00, 0x25,
  0x05, 0x70, 0x08, 0x22, 0x42, 0x70, 0xF6, 0xF6, 0x7B, 0xF8, 0x7E, 0xE0,
  0x4B, 0x78, 0x02, 0x2B, 0x04, 0xBF, 0x00, 0x23, 0x4B, 0x70, 0xDF, 0xF8,
  0x4C, 0x91, 0x05, 0x22, 0x4C, 0x49, 0x48, 0x46, 0x09, 0xF7, 0xB6, 0xFE,
  0x99, 0xF8, 0x04, 0x30, 0x03, 0xF0, 0x1F, 0x03, 0x89, 0xF8, 0x04, 0x30,
  0x03, 0xF7, 0x98, 0xFE, 0xB0, 0xB1, 0x12, 0x23, 0xAB, 0x81, 0x6B, 0x7A,
  0x13, 0xF0, 0x02, 0x0F, 0x07, 0xD0, 0x23, 0xF0, 0x02, 0x03, 0x6B, 0x72,
  0x12, 0x23, 0xAB, 0x83, 0x6B, 0x8B, 0x9B, 0x00, 0x6B, 0x83, 0x6B, 0x7A,
  0x13, 0xF0, 0x04, 0x0F, 0x04, 0xD0, 0x12, 0x23, 0xAB, 0x85, 0x6B, 0x8D,
  0x5B, 0x00, 0x6B, 0x85, 0x38, 0x4B, 0x00, 0x22, 0x83, 0xF8, 0xEA, 0x22,
  0x23, 0x46, 0x42, 0x46, 0x29, 0x46, 0x38, 0x46, 0x37, 0x4D, 0xA8, 0x47,
  0x05, 0x46, 0x46, 0xE0, 0x41, 0xF2, 0x03, 0x01, 0x28, 0x46, 0x28, 0xF0,
  0xB1, 0xFC, 0x00, 0x25, 0x3F, 0xE0, 0xDF, 0xF8, 0xD8, 0x90, 0x05, 0x22,
  0x2F, 0x49, 0x48, 0x46, 0x09, 0xF7, 0x7C, 0xFE, 0x99, 0xF8, 0x04, 0x30,
  0x03, 0xF0, 0x1F, 0x03, 0x89, 0xF8, 0x04, 0x30, 0xAB, 0x8A, 0xB3, 0xF5,
  0x96, 0x7F, 0x3C, 0xBF, 0x4F, 0xF4, 0x96, 0x73, 0xAB, 0x82, 0x25, 0x4B,
  0x00, 0x22, 0x83, 0xF8, 0xEA, 0x22, 0xD7, 0xE7, 0x42, 0xF2, 0x42, 0x01,
  0x28, 0x46, 0xFF, 0xF7, 0x2D, 0xFD, 0x05, 0x46, 0x1F, 0xE0, 0x04, 0xF7,
  0xF1, 0xFF, 0xFF, 0xF7, 0xCB, 0xFE, 0x21, 0x4B, 0x1B, 0x78, 0x4B, 0xB9,
  0xFF, 0xF7, 0x14, 0xFE, 0x06, 0xE0, 0x01, 0x20, 0xFC, 0xF7, 0xD0, 0xFF,
  0x04, 0xF7, 0xE4, 0xFF, 0xFF, 0xF7, 0xBE, 0xFE, 0x23, 0x46, 0x42, 0x46,
  0x29, 0x46, 0x38, 0x46, 0x17, 0x4D, 0xA8, 0x47, 0x05, 0x46, 0x42, 0xF2,
  0x3B, 0x03, 0x9C, 0x42, 0x03, 0xD1, 0x12, 0x4B, 0x00, 0x22, 0x83, 0xF8,
  0x5E, 0x25, 0x0F, 0x4B, 0x83, 0xF8, 0xEA, 0x62, 0x21, 0x46, 0x12, 0x48,
  0x29, 0xF0, 0x7C, 0xFA, 0x28, 0x46, 0xBD, 0xE8, 0xF8, 0x83, 0x00, 0x20,
  0xFC, 0xF7, 0xB0, 0xFF, 0x0C, 0x4B, 0x1B, 0x78, 0x1B, 0xB1, 0x0D, 0x4B,
  0x00, 0x22, 0x1A, 0x70, 0x9C, 0xE7, 0xFF, 0xF7, 0x6B, 0xFE, 0xF8, 0xE7,
  0x42, 0xF2, 0x0C, 0x01, 0x28, 0x46, 0xFF, 0xF7, 0x99, 0xFD, 0x05, 0x46,
  0xE1, 0xE7, 0x00, 0xBF, 0x34, 0x2D, 0x20, 0x00, 0xFC, 0x36, 0x20, 0x00,
  0xAC, 0xF0, 0x20, 0x00, 0x11, 0xC5, 0x0A, 0x00, 0xA5, 0x7E, 0x1E, 0x00,
  0x9C, 0x7D, 0x1E, 0x00, 0x3E, 0x7F, 0x1E, 0x00, 0xF1, 0x3A, 0x20, 0x00,
  0x2D, 0xE9, 0xF0, 0x41, 0x07, 0x46, 0x0D, 0x46, 0x16, 0x46, 0x1C, 0x46,
  0x42, 0xF2, 0x13, 0x03, 0x9C, 0x42, 0x0A, 0xD0, 0x21, 0x46, 0x1F, 0x48,
  0x29, 0xF0, 0x46, 0xFA, 0x23, 0x46, 0x32, 0x46, 0x29, 0x46, 0x38, 0x46,
  0x1C, 0x4C, 0xA0, 0x47, 0x32, 0xE0, 0x0B, 0x89, 0xB3, 0xF5, 0x96, 0x7F,
  0x3C, 0xBF, 0x4F, 0xF4, 0x96, 0x73, 0x0B, 0x81, 0x4B, 0x88, 0x18, 0x4A,
  0x92, 0xF8, 0xE8, 0x82, 0x1F, 0xFA, 0x88, 0xF2, 0x93, 0x42, 0xE5, 0xD8,
  0x06, 0x2B, 0xE3, 0xD1, 0x8B, 0x88, 0x06, 0x2B, 0xE0, 0xD1, 0x0B, 0x89,
  0xC8, 0x2B, 0x02, 0xD0, 0xB3, 0xF5, 0xFA, 0x7F, 0xDA, 0xD1, 0xEB, 0x88,
  0x00, 0x2B, 0xD7, 0xD1, 0x0D, 0x4B, 0x06, 0x22, 0x83, 0xF8, 0xE8, 0x22,
  0x42, 0xF2, 0x13, 0x01, 0x08, 0x48, 0x29, 0xF0, 0x19, 0xFA, 0x42, 0xF2,
  0x13, 0x03, 0x32, 0x46, 0x29, 0x46, 0x38, 0x46, 0x05, 0x4C, 0xA0, 0x47,
  0xB8, 0xF1, 0x00, 0x0F, 0x02, 0xD0, 0x04, 0x4B, 0x83, 0xF8, 0xE8, 0x82,
  0xBD, 0xE8, 0xF0, 0x81, 0xA8, 0x7D, 0x1E, 0x00, 0xE5, 0x81, 0x0B, 0x00,
  0x34, 0x2D, 0x20, 0x00, 0x2D, 0xE9, 0xF0, 0x41, 0x05, 0x46, 0x0D, 0x4C,
  0x04, 0xF1, 0x3C, 0x07, 0x0C, 0x4E, 0x29, 0x46, 0x20, 0x46, 0xFA, 0xF6,
  0x31, 0xFF, 0x80, 0x46, 0x58, 0xB9, 0x31, 0x46, 0x20, 0x46, 0xFA, 0xF6,
  0x2B, 0xFF, 0x03, 0x46, 0x38, 0xB9, 0x06, 0x34, 0xBC, 0x42, 0xF0, 0xD1,
  0x18, 0x46, 0xBD, 0xE8, 0xF0, 0x81, 0x03, 0x46, 0xFA, 0xE7, 0x43, 0x46,
  0xF8, 0xE7, 0x00, 0xBF, 0x50, 0x34, 0x20, 0x00, 0x30, 0x52, 0x0F, 0x00,
  0x2D, 0xE9, 0xF0, 0x4F, 0x87, 0xB0, 0x55, 0x4B, 0x1E, 0x68, 0x07, 0x20,
  0xB4, 0xF6, 0x28, 0xFB, 0x10, 0xB9, 0x07, 0xB0, 0xBD, 0xE8, 0xF0, 0x8F,
  0x51, 0x4B, 0x93, 0xF8, 0x21, 0x50, 0x2D, 0x01, 0x50, 0x4B, 0xEC, 0x5A,
  0xA4, 0xB2, 0xB4, 0xF6, 0xF1, 0xFA, 0x4F, 0x4B, 0xEB, 0x5A, 0xC3, 0xF3,
  0xC3, 0x03, 0x02, 0x2B, 0x18, 0xBF, 0x44, 0xF0, 0x07, 0x04, 0x14, 0xF0,
  0x07, 0x0F, 0xE8, 0xD1, 0x96, 0xF8, 0x3E, 0x30, 0x02, 0x2B, 0x47, 0xD0,
  0x48, 0x4B, 0x35, 0xF8, 0x03, 0x90, 0x1F, 0xFA, 0x89, 0xF9, 0x96, 0xF8,
  0x3D, 0x30, 0x13, 0xB1, 0x14, 0xF4, 0x80, 0x7F, 0x4B, 0xD1, 0x10, 0x23,
  0xFF, 0x22, 0x00, 0x21, 0x40, 0xF2, 0x01, 0x50, 0xFE, 0xF6, 0x98, 0xFB,
  0x07, 0x46, 0x00, 0x23, 0x83, 0x73, 0xBB, 0x1D, 0x02, 0x93, 0x05, 0xAB,
  0x01, 0x93, 0x00, 0x21, 0x00, 0x91, 0xFB, 0x1D, 0x3A, 0x46, 0x48, 0x46,
  0xC4, 0xF6, 0x08, 0xF9, 0x39, 0x4B, 0x19, 0x88, 0x02, 0x3B, 0x1B, 0x88,
  0x9B, 0xB2, 0x05, 0x9A, 0x43, 0xEA, 0x01, 0x43, 0xD3, 0xEB, 0x82, 0x03,
  0x48, 0xBF, 0x03, 0xF1, 0x80, 0x53, 0xC3, 0xF3, 0x8E, 0x03, 0x7B, 0x81,
  0x32, 0x4B, 0xEB, 0x5A, 0x3B, 0x73, 0xC4, 0xF3, 0x00, 0x24, 0x7C, 0x73,
  0x38, 0x46, 0xFE, 0xF6, 0x95, 0xFB, 0x38, 0x46, 0xFF, 0xF7, 0x7E, 0xFF,
  0x00, 0x28, 0xA6, 0xD1, 0x96, 0xF8, 0x40, 0x30, 0x96, 0xF8, 0x3F, 0x20,
  0x9A, 0x42, 0x84, 0xBF, 0x01, 0x33, 0x86, 0xF8, 0x40, 0x30, 0x9C, 0xE7,
  0x96, 0xF8, 0x3D, 0x30, 0x00, 0x2B, 0x98, 0xD0, 0x14, 0xF4, 0x80, 0x7F,
  0x95, 0xD0, 0x07, 0x20, 0xB4, 0xF6, 0xBA, 0xFA, 0x00, 0x28, 0x90, 0xD0,
  0xB4, 0xF6, 0x8C, 0xFA, 0x8D, 0xE7, 0x07, 0x20, 0xB4, 0xF6, 0xB2, 0xFA,
  0x00, 0x28, 0xAE, 0xD0, 0x17, 0x4B, 0x93, 0xF8, 0x21, 0x30, 0x1B, 0x01,
  0x16, 0x4A, 0x9A, 0x5A, 0x12, 0xF0, 0x07, 0x0F, 0x02, 0xD0, 0xB4, 0xF6,
  0x7B, 0xFA, 0xA2, 0xE7, 0x17, 0x4A, 0x33, 0xF8, 0x02, 0xA0, 0x1F, 0xFA,
  0x8A, 0xFA, 0x04, 0x3A, 0x33, 0xF8, 0x02, 0x80, 0xC8, 0xF3, 0xCC, 0x0B,
  0xC8, 0xF3, 0xC7, 0x08, 0x08, 0xF1, 0x10, 0x03, 0xFF, 0x22, 0x00, 0x21,
  0x40, 0xF2, 0x01, 0x50, 0xFE, 0xF6, 0x2E, 0xFB, 0x07, 0x46, 0x80, 0xF8,
  0x0E, 0xB0, 0x42, 0x46, 0x0A, 0xF1, 0x80, 0x41, 0x01, 0xF5, 0xC2, 0x01,
  0x0F, 0x30, 0x09, 0xF7, 0xF7, 0xFC, 0xB4, 0xF6, 0x59, 0xFA, 0x8A, 0xE7,
  0x34, 0x20, 0x20, 0x00, 0xC4, 0x36, 0x20, 0x00, 0x6A, 0x74, 0x61, 0x40,
  0x6C, 0x74, 0x61, 0x40, 0x74, 0x74, 0x61, 0x40, 0xDC, 0x72, 0x61, 0x40,
  0x70, 0x74, 0x61, 0x40, 0x72, 0x74, 0x61, 0x40, 0x38, 0xB5, 0x33, 0x4B,
  0x9B, 0x7C, 0xFF, 0x2B, 0x08, 0xD0, 0x32, 0x48, 0x02, 0x68, 0xDB, 0x00,
  0x20, 0x21, 0x99, 0x40, 0x22, 0xEA, 0x01, 0x03, 0x0B, 0x43, 0x03, 0x60,
  0xB4, 0xF6, 0x7C, 0xFC, 0x04, 0x46, 0x2D, 0x4B, 0x1D, 0x68, 0xA5, 0xB9,
  0x2C, 0x4B, 0x9B, 0x6E, 0x43, 0xF2, 0x27, 0x52, 0x00, 0x21, 0x2B, 0x48,
  0x98, 0x47, 0x26, 0x4B, 0x9B, 0x7C, 0xFF, 0x2B, 0x08, 0xD0, 0x25, 0x48,
  0x02, 0x68, 0xDB, 0x00, 0x20, 0x21, 0x01, 0xFA, 0x03, 0xF3, 0x22, 0xEA,
  0x03, 0x03, 0x03, 0x60, 0x38, 0xBD, 0xFF, 0xF7, 0x17, 0xFF, 0x01, 0x21,
  0x28, 0x46, 0xF2, 0xF6, 0x31, 0xFF, 0x95, 0xF8, 0x3E, 0x30, 0x02, 0x2B,
  0x26, 0xD0, 0x1F, 0x4B, 0x1B, 0x7D, 0xAB, 0x76, 0x6C, 0x60, 0x1E, 0x4B,
  0x00, 0x22, 0x1A, 0x70, 0x1D, 0x4B, 0x1B, 0x68, 0x8B, 0xB1, 0xEB, 0x6A,
  0xE3, 0x1A, 0x23, 0xF0, 0x70, 0x43, 0xB3, 0xF5, 0xC8, 0x6F, 0x0A, 0xD2,
  0x19, 0x4A, 0x00, 0x23, 0xD8, 0xB2, 0x92, 0xF8, 0xC8, 0x10, 0x07, 0x29,
  0x11, 0xD0, 0x01, 0x33, 0x48, 0x32, 0x0C, 0x2B, 0xF6, 0xD1, 0x15, 0x4B,
  0x98, 0x47, 0x15, 0x4B, 0x9B, 0x78, 0x01, 0x2B, 0xC5, 0xD9, 0x0E, 0x4B,
  0x93, 0xF8, 0x40, 0x31, 0xAB, 0x76, 0xC0, 0xE7, 0x11, 0x4B, 0x98, 0x47,
  0xBD, 0xE7, 0x0B, 0x28, 0xEF, 0xD8, 0x04, 0xF5, 0xA0, 0x70, 0x20, 0xF0,
  0x70, 0x40, 0x68, 0x60, 0x07, 0x4B, 0x01, 0x22, 0x1A, 0x70, 0xE6, 0xE7,
  0x40, 0x40, 0x20, 0x00, 0x64, 0x00, 0x60, 0x40, 0x34, 0x20, 0x20, 0x00,
  0x40, 0x19, 0x20, 0x00, 0xF4, 0x7A, 0x1E, 0x00, 0x2C, 0x58, 0x0F, 0x00,
  0x42, 0x7F, 0x1E, 0x00, 0x30, 0x7F, 0x1E, 0x00, 0xFC, 0x36, 0x20, 0x00,
  0x95, 0xA2, 0x09, 0x00, 0xD8, 0x2C, 0x20, 0x00, 0x61, 0xA2, 0x09, 0x00,
  0x70, 0xB5, 0x0D, 0x46, 0x14, 0x46, 0x07, 0x29, 0x07, 0xD0, 0x17, 0x4B,
  0xDE, 0x6E, 0x43, 0xF2, 0x2F, 0x53, 0x00, 0x22, 0x21, 0x46, 0x28, 0x46,
  0xB0, 0x47, 0x04, 0x2C, 0x10, 0xD0, 0x0A, 0xD9, 0x07, 0x2C, 0x0A, 0xD0,
  0x10, 0x4B, 0xDE, 0x6E, 0x43, 0xF2, 0x5D, 0x53, 0x00, 0x22, 0x21, 0x46,
  0x28, 0x46, 0xB0, 0x47, 0x03, 0xE0, 0x01, 0x2C, 0xF4, 0xD8, 0xFF, 0xF7,
  0x61, 0xFF, 0x70, 0xBD, 0x0A, 0x4B, 0x1C, 0x68, 0x01, 0x21, 0x20, 0x46,
  0xF2, 0xF6, 0xBA, 0xFE, 0x94, 0xF8, 0x3E, 0x30, 0x02, 0x2B, 0x06, 0xD0,
  0x00, 0x23, 0x84, 0xF8, 0x3E, 0x30, 0x20, 0x46, 0x04, 0x4B, 0x98, 0x47,
  0xED, 0xE7, 0x04, 0x4B, 0x98, 0x47, 0xEA, 0xE7, 0x40, 0x19, 0x20, 0x00,
  0x34, 0x20, 0x20, 0x00, 0x99, 0xA3, 0x09, 0x00, 0x61, 0xA2, 0x09, 0x00,
  0x00, 0xB5, 0x8B, 0xB0, 0x19, 0x4B, 0x1A, 0x68, 0x13, 0x6B, 0x18, 0x1A,
  0xC0, 0xF3, 0x5A, 0x00, 0x43, 0xF6, 0xFE, 0x73, 0x98, 0x42, 0x28, 0xBF,
  0x18, 0x46, 0xC0, 0xF3, 0x4F, 0x00, 0x14, 0x4B, 0x18, 0x80, 0x14, 0x4B,
  0x01, 0x93, 0x53, 0x68, 0x02, 0x93, 0x00, 0x23, 0xAD, 0xF8, 0x0C, 0x30,
  0x07, 0x21, 0x8D, 0xF8, 0x21, 0x10, 0x06, 0x91, 0x51, 0x69, 0x05, 0x91,
  0x92, 0x7E, 0x8D, 0xF8, 0x1C, 0x20, 0x8D, 0xF8, 0x1D, 0x30, 0x0C, 0x4A,
  0x92, 0x7E, 0x8D, 0xF8, 0x1E, 0x20, 0x0B, 0x4A, 0x12, 0x7B, 0x8D, 0xF8,
  0x1F, 0x20, 0x8D, 0xF8, 0x23, 0x30, 0x01, 0x23, 0x8D, 0xF8, 0x22, 0x30,
  0x01, 0xA8, 0xF3, 0xF6, 0x53, 0xFD, 0x0B, 0xB0, 0x5D, 0xF8, 0x04, 0xFB,
  0x34, 0x20, 0x20, 0x00, 0xB0, 0x72, 0x61, 0x40, 0xC1, 0x57, 0x1E, 0x00,
  0x2C, 0x58, 0x0F, 0x00, 0xA0, 0x10, 0x20, 0x00, 0x38, 0xB5, 0x04, 0x46,
  0x3F, 0x4B, 0x9B, 0x7C, 0xFF, 0x2B, 0x08, 0xD0, 0x3E, 0x48, 0x02, 0x68,
  0xDB, 0x00, 0x08, 0x21, 0x99, 0x40, 0x22, 0xEA, 0x01, 0x03, 0x0B, 0x43,
  0x03, 0x60, 0x00, 0x2C, 0x67, 0xD0, 0x3A, 0x4B, 0x1D, 0x68, 0x2B, 0x6B,
  0xB3, 0xF1, 0x80, 0x5F, 0x32, 0xD2, 0x38, 0x4B, 0x1B, 0x88, 0x9B, 0xB2,
  0x00, 0x2B, 0x54, 0xD0, 0x36, 0x4B, 0x1B, 0x88, 0x9B, 0xB2, 0x00, 0x2B,
  0x4F, 0xD0, 0x35, 0x4B, 0x1B, 0x88, 0x9B, 0xB2, 0x00, 0x2B, 0x4A, 0xD0,
  0x33, 0x4B, 0x1B, 0x88, 0x9B, 0xB2, 0x00, 0x2B, 0x45, 0xD0, 0x32, 0x4A,
  0x13, 0x88, 0x9B, 0xB2, 0x95, 0xF8, 0x3D, 0x10, 0x23, 0xF4, 0x00, 0x63,
  0x43, 0xEA, 0xC1, 0x23, 0x9B, 0xB2, 0x13, 0x80, 0x60, 0x68, 0xFF, 0xF7,
  0x87, 0xFF, 0x01, 0x23, 0x85, 0xF8, 0x3E, 0x30, 0x22, 0x4B, 0x9B, 0x7C,
  0xFF, 0x2B, 0x08, 0xD0, 0x21, 0x48, 0x02, 0x68, 0xDB, 0x00, 0x08, 0x21,
  0x01, 0xFA, 0x03, 0xF3, 0x22, 0xEA, 0x03, 0x03, 0x03, 0x60, 0x38, 0xBD,
  0x61, 0x68, 0xE9, 0x62, 0x95, 0xF8, 0x3C, 0x30, 0x01, 0xEB, 0x03, 0x31,
  0x21, 0xF0, 0x70, 0x41, 0x29, 0x63, 0x05, 0x20, 0xF4, 0xF6, 0x22, 0xFC,
  0x1D, 0x4B, 0x1A, 0x68, 0x22, 0xF4, 0x00, 0x42, 0x1A, 0x60, 0x1A, 0x68,
  0x22, 0xF4, 0xFF, 0x62, 0x22, 0xF0, 0x07, 0x02, 0xB5, 0xF8, 0x42, 0x10,
  0x0A, 0x43, 0x1A, 0x60, 0x1A, 0x68, 0x22, 0xF4, 0x80, 0x42, 0x1A, 0x60,
  0x1A, 0x68, 0x42, 0xF4, 0x00, 0x42, 0x1A, 0x60, 0x1A, 0x68, 0x42, 0xF4,
  0x80, 0x52, 0x1A, 0x60, 0xA5, 0xE7, 0x0F, 0x4A, 0x13, 0x88, 0x23, 0xF4,
  0x00, 0x63, 0x1B, 0x04, 0x1B, 0x0C, 0x13, 0x80, 0xBC, 0xE7, 0x0D, 0x4B,
  0x9B, 0x6E, 0x43, 0xF2, 0xCC, 0x52, 0x00, 0x21, 0x0B, 0x48, 0x98, 0x47,
  0xBA, 0xE7, 0x00, 0xBF, 0x40, 0x40, 0x20, 0x00, 0x64, 0x00, 0x60, 0x40,
  0x34, 0x20, 0x20, 0x00, 0x72, 0x74, 0x61, 0x40, 0x82, 0x74, 0x61, 0x40,
  0x92, 0x74, 0x61, 0x40, 0xA2, 0x74, 0x61, 0x40, 0x9E, 0x72, 0x61, 0x40,
  0x30, 0x05, 0x60, 0x40, 0x40, 0x19, 0x20, 0x00, 0xF4, 0x7A, 0x1E, 0x00,
  0x10, 0xB5, 0x04, 0x46, 0xB4, 0xF6, 0x74, 0xFE, 0xA8, 0xB9, 0x0B, 0x4A,
  0x13, 0x88, 0x03, 0xF4, 0x7F, 0x43, 0x43, 0xF0, 0x1F, 0x03, 0x13, 0x80,
  0x08, 0x4B, 0x1B, 0x68, 0x08, 0x4A, 0x1A, 0x62, 0x22, 0x89, 0x09, 0x2A,
  0x28, 0xBF, 0x09, 0x22, 0x5B, 0x68, 0x03, 0xEB, 0x02, 0x33, 0x23, 0xF0,
  0x70, 0x43, 0x04, 0x4A, 0x13, 0x60, 0x10, 0xBD, 0x9C, 0x72, 0x61, 0x40,
  0x34, 0x20, 0x20, 0x00, 0xB9, 0x58, 0x1E, 0x00, 0x30, 0x7F, 0x1E, 0x00,
  0x2D, 0xE9, 0xF0, 0x4F, 0x87, 0xB0, 0x80, 0x46, 0x0D, 0x46, 0x01, 0x92,
  0xC2, 0x4B, 0x1B, 0x68, 0x53, 0xF8, 0x20, 0x40, 0xDC, 0xF6, 0xDA, 0xF8,
  0x07, 0x46, 0x45, 0x1B, 0x25, 0xF0, 0x70, 0x45, 0x01, 0x35, 0x6D, 0x08,
  0x94, 0xF8, 0x5E, 0xB0, 0xBC, 0x4B, 0xDB, 0x7F, 0xFF, 0x2B, 0x08, 0xD0,
  0xBB, 0x48, 0x02, 0x68, 0xDB, 0x00, 0x40, 0x21, 0x99, 0x40, 0x22, 0xEA,
  0x01, 0x03, 0x0B, 0x43, 0x03, 0x60, 0x94, 0xF8, 0x45, 0x30, 0x01, 0x2B,
  0x00, 0xF0, 0xA4, 0x80, 0x03, 0xF7, 0xEE, 0xFA, 0x82, 0x46, 0x01, 0x21,
  0x00, 0x20, 0x03, 0xF7, 0xFD, 0xFC, 0x06, 0x46, 0x00, 0x90, 0xB9, 0xF6,
  0x45, 0xFA, 0x81, 0x46, 0xBA, 0xF1, 0x00, 0x0F, 0x02, 0xD1, 0x01, 0x28,
  0x40, 0xF2, 0x0A, 0x81, 0xE3, 0x8E, 0x00, 0x9A, 0x42, 0xEA, 0x09, 0x02,
  0x12, 0xF0, 0xFF, 0x0F, 0x14, 0xBF, 0x80, 0x33, 0x03, 0xF5, 0x80, 0x73,
  0xA3, 0x86, 0x03, 0xF7, 0xC9, 0xFA, 0x18, 0xB1, 0xA3, 0x8E, 0x03, 0xF5,
  0xA0, 0x63, 0xA3, 0x86, 0xB8, 0xF1, 0x01, 0x0F, 0x00, 0xF0, 0xFE, 0x80,
  0x00, 0x23, 0xE3, 0x62, 0x09, 0xF7, 0x38, 0xFC, 0x9F, 0x4B, 0xA3, 0xFB,
  0x00, 0x23, 0x1B, 0x09, 0x03, 0xEB, 0xC3, 0x03, 0xA0, 0xEB, 0xC3, 0x03,
  0xDE, 0xB2, 0xE3, 0x6A, 0xAB, 0x42, 0x40, 0xF2, 0xF2, 0x80, 0x5D, 0x1B,
  0xE5, 0x62, 0x63, 0x68, 0x1E, 0x44, 0x26, 0xF0, 0x70, 0x46, 0x26, 0xF0,
  0x03, 0x06, 0x66, 0x60, 0xE2, 0x6A, 0x40, 0xF2, 0xE2, 0x43, 0x03, 0xFB,
  0x02, 0xF3, 0x93, 0x4A, 0x92, 0x88, 0x93, 0x42, 0x28, 0xBF, 0x13, 0x46,
  0x63, 0x61, 0xBA, 0xF1, 0x00, 0x0F, 0x0B, 0xD0, 0xB9, 0xF1, 0x01, 0x0F,
  0x00, 0xF0, 0x42, 0x81, 0xB9, 0xF1, 0x00, 0x0F, 0x40, 0xF0, 0x41, 0x81,
  0x00, 0x9B, 0x00, 0x2B, 0x00, 0xF0, 0x7A, 0x81, 0x01, 0x9B, 0x2B, 0xB9,
  0x88, 0x4B, 0x93, 0xF8, 0x2E, 0x30, 0xA3, 0x76, 0x63, 0x68, 0x23, 0x63,
  0x85, 0x4B, 0x93, 0xF8, 0x2F, 0x50, 0x09, 0xF7, 0xFB, 0xFB, 0x00, 0xF0,
  0x03, 0x00, 0x05, 0x44, 0x05, 0xF0, 0x3F, 0x05, 0x45, 0xF4, 0xC0, 0x45,
  0x25, 0x83, 0x01, 0x23, 0x84, 0xF8, 0x46, 0x30, 0xA2, 0x8D, 0x94, 0x23,
  0x03, 0xFB, 0x0B, 0xFB, 0x7C, 0x4B, 0x2B, 0xF8, 0x03, 0x20, 0xB8, 0xF1,
  0x01, 0x0F, 0x04, 0xBF, 0x09, 0x22, 0x2B, 0xF8, 0x03, 0x20, 0xA3, 0x8D,
  0x43, 0xF4, 0x00, 0x43, 0x77, 0x4A, 0x2B, 0xF8, 0x02, 0x30, 0x77, 0x4B,
  0x00, 0x22, 0x2B, 0xF8, 0x03, 0x20, 0x20, 0x46, 0xF2, 0xF6, 0x8A, 0xFA,
  0x00, 0x28, 0x40, 0xF0, 0x49, 0x81, 0x00, 0x23, 0x84, 0xF8, 0x5C, 0x30,
  0x69, 0x4B, 0xDB, 0x7F, 0xFF, 0x2B, 0x08, 0xD0, 0x68, 0x48, 0x02, 0x68,
  0xDB, 0x00, 0x40, 0x21, 0x01, 0xFA, 0x03, 0xF3, 0x22, 0xEA, 0x03, 0x03,
  0x03, 0x60, 0x07, 0xB0, 0xBD, 0xE8, 0xF0, 0x8F, 0x01, 0x20, 0xF4, 0xF6,
  0xE1, 0xFA, 0xA3, 0x6C, 0x63, 0x60, 0xB4, 0xF8, 0x4C, 0x30, 0x23, 0x81,
  0x94, 0xF8, 0x59, 0x20, 0x64, 0x4B, 0x33, 0xF8, 0x12, 0x30, 0x62, 0x6D,
  0x13, 0x44, 0x5B, 0x00, 0x03, 0xF5, 0x8C, 0x73, 0x63, 0x61, 0x5C, 0x4A,
  0x92, 0xF8, 0x28, 0x30, 0xA1, 0x7E, 0x8B, 0x42, 0x38, 0xBF, 0x0B, 0x46,
  0xA3, 0x76, 0x92, 0xF8, 0x29, 0x60, 0x09, 0xF7, 0xA1, 0xFB, 0x00, 0xF0,
  0x03, 0x00, 0x06, 0x44, 0x06, 0xF0, 0x3F, 0x06, 0x46, 0xF4, 0x00, 0x56,
  0x26, 0x83, 0x20, 0x46, 0xF2, 0xF6, 0x4A, 0xFA, 0x00, 0x28, 0x47, 0xD1,
  0x94, 0xF8, 0x59, 0x00, 0x62, 0x6D, 0x02, 0x28, 0x34, 0xBF, 0x02, 0x23,
  0x03, 0x23, 0x84, 0xF8, 0x46, 0x30, 0x94, 0x23, 0x03, 0xFB, 0x0B, 0xFB,
  0x4E, 0x49, 0x3B, 0xF8, 0x01, 0x30, 0x9B, 0xB2, 0x23, 0xF0, 0x30, 0x03,
  0x43, 0xEA, 0x00, 0x13, 0x2B, 0xF8, 0x01, 0x30, 0x02, 0xF5, 0x1C, 0x71,
  0x47, 0x4B, 0x33, 0xF8, 0x10, 0x30, 0x0B, 0x44, 0x47, 0x48, 0xA0, 0xFB,
  0x03, 0x03, 0xC3, 0xF3, 0x47, 0x23, 0x40, 0x48, 0x2B, 0xF8, 0x00, 0x30,
  0xB2, 0xF5, 0x80, 0x4F, 0x19, 0xD3, 0x42, 0x4B, 0xA3, 0xFB, 0x01, 0x31,
  0xC1, 0xF3, 0x47, 0x21, 0x41, 0xF4, 0x00, 0x41, 0x3A, 0x4B, 0x2B, 0xF8,
  0x03, 0x10, 0x3E, 0x4A, 0x3B, 0xF8, 0x02, 0x30, 0x94, 0xF8, 0x58, 0x10,
  0xC3, 0xF3, 0x09, 0x03, 0x43, 0xEA, 0x81, 0x23, 0x9B, 0xB2, 0x2B, 0xF8,
  0x02, 0x30, 0x00, 0x23, 0x84, 0xF8, 0x5C, 0x30, 0x82, 0xE7, 0x01, 0x32,
  0xC2, 0xF3, 0x4F, 0x02, 0x2F, 0x4B, 0x2B, 0xF8, 0x03, 0x20, 0xE8, 0xE7,
  0x00, 0x23, 0x84, 0xF8, 0x45, 0x30, 0xE3, 0xE6, 0x00, 0x28, 0x3F, 0xF4,
  0xFE, 0xAE, 0x00, 0x2E, 0x3F, 0xF4, 0xFB, 0xAE, 0xE3, 0x8E, 0x80, 0x33,
  0xA3, 0x86, 0xF6, 0xE6, 0xA3, 0x8E, 0x03, 0xF5, 0xFA, 0x73, 0xA3, 0x86,
  0xFC, 0xE6, 0x01, 0x20, 0xF4, 0xF6, 0x5A, 0xFA, 0xF4, 0xF6, 0x5A, 0xFB,
  0xB0, 0xF1, 0xFF, 0x3F, 0x0B, 0xD0, 0x07, 0xF5, 0x00, 0x57, 0x27, 0xF0,
  0x70, 0x47, 0x27, 0xF0, 0x01, 0x07, 0x67, 0x60, 0x00, 0x23, 0x23, 0x81,
  0xE3, 0x8E, 0xE3, 0x62, 0xFB, 0xE6, 0x17, 0x4B, 0x1B, 0x68, 0xB3, 0xF1,
  0xFF, 0x3F, 0x07, 0xD0, 0x07, 0xF5, 0x80, 0x57, 0x27, 0xF0, 0x70, 0x47,
  0x27, 0xF0, 0x01, 0x07, 0x67, 0x60, 0xED, 0xE7, 0xA3, 0x8E, 0xE2, 0x8E,
  0x9B, 0x1A, 0xBA, 0xF1, 0x00, 0x0F, 0x2D, 0xD1, 0xB9, 0xF1, 0x00, 0x0F,
  0x40, 0xF0, 0x8C, 0x80, 0x00, 0x99, 0x29, 0xB9, 0x0A, 0x4B, 0x45, 0xF2,
  0xE4, 0x72, 0x9A, 0x80, 0x0E, 0x46, 0x00, 0x23, 0x07, 0xEB, 0x43, 0x03,
  0x23, 0xF0, 0x70, 0x43, 0x23, 0xF0, 0x03, 0x03, 0x63, 0x60, 0xD3, 0xE7,
  0x10, 0x25, 0x20, 0x00, 0x40, 0x40, 0x20, 0x00, 0x64, 0x00, 0x60, 0x40,
  0x39, 0x8E, 0xE3, 0x38, 0xE4, 0x3D, 0x20, 0x00, 0x2C, 0x58, 0x0F, 0x00,
  0x04, 0x03, 0x61, 0x40, 0xF2, 0x02, 0x61, 0x40, 0x2A, 0x03, 0x61, 0x40,
  0xF4, 0x25, 0x0F, 0x00, 0xDA, 0x02, 0x61, 0x40, 0x59, 0x17, 0xB7, 0xD1,
  0x0A, 0x03, 0x61, 0x40, 0x59, 0x00, 0x07, 0xEB, 0x43, 0x03, 0x23, 0xF0,
  0x70, 0x43, 0x23, 0xF0, 0x03, 0x03, 0x63, 0x60, 0xB9, 0xF1, 0x00, 0x0F,
  0xAE, 0xD0, 0x30, 0x4A, 0x12, 0x78, 0x80, 0x2A, 0xAA, 0xD9, 0x0B, 0x44,
  0x23, 0xF0, 0x70, 0x43, 0x23, 0xF0, 0x03, 0x03, 0x63, 0x60, 0xA3, 0xE7,
  0x00, 0x9B, 0x01, 0x2B, 0x1F, 0xD0, 0x00, 0x9B, 0x00, 0x2B, 0x7F, 0xF4,
  0xBF, 0xAE, 0xBB, 0xF1, 0x0C, 0x0F, 0x3F, 0xF4, 0xBB, 0xAE, 0x26, 0x4B,
  0x1A, 0x68, 0x00, 0x2A, 0x3F, 0xF4, 0xB6, 0xAE, 0x53, 0x69, 0x24, 0x49,
  0xA1, 0xFB, 0x03, 0x31, 0x53, 0x68, 0x08, 0x33, 0x03, 0xEB, 0x51, 0x23,
  0x23, 0xF0, 0x70, 0x43, 0x23, 0xF0, 0x03, 0x03, 0x63, 0x60, 0x1F, 0x4A,
  0x92, 0xF8, 0x2E, 0x20, 0xA2, 0x76, 0x23, 0x63, 0xAA, 0xE6, 0x00, 0x23,
  0x03, 0x93, 0x04, 0x93, 0x05, 0x93, 0x23, 0x46, 0x03, 0xAA, 0x04, 0xA9,
  0x05, 0xA8, 0x03, 0xF7, 0x35, 0xFA, 0x04, 0x9B, 0x00, 0x2B, 0x3F, 0xF4,
  0x95, 0xAE, 0x62, 0x69, 0x93, 0x42, 0x28, 0xBF, 0x13, 0x46, 0x63, 0x61,
  0x03, 0x9A, 0x02, 0xEB, 0x82, 0x02, 0x05, 0x9B, 0x03, 0xEB, 0x42, 0x03,
  0x23, 0xF0, 0x70, 0x43, 0x63, 0x60, 0x85, 0xE6, 0x4C, 0xF2, 0x50, 0x33,
  0x63, 0x61, 0x81, 0xE6, 0x0C, 0x4B, 0x9B, 0x6E, 0x43, 0xF2, 0xDF, 0x62,
  0x00, 0x21, 0x0B, 0x48, 0x98, 0x47, 0xB1, 0xE6, 0x59, 0x00, 0x07, 0xEB,
  0x43, 0x03, 0x23, 0xF0, 0x70, 0x43, 0x23, 0xF0, 0x03, 0x03, 0x63, 0x60,
  0x9F, 0xE7, 0x00, 0xBF, 0xBF, 0xEF, 0x20, 0x00, 0xD0, 0x2C, 0x20, 0x00,
  0x59, 0x17, 0xB7, 0xD1, 0x2C, 0x58, 0x0F, 0x00, 0x40, 0x19, 0x20, 0x00,
  0xF4, 0x7A, 0x1E, 0x00, 0x10, 0xB3, 0x08, 0xB5, 0x01, 0x46, 0xB0, 0xF8,
  0x84, 0x30, 0x13, 0xF0, 0x10, 0x0F, 0x0B, 0xD0, 0x13, 0x2B, 0x01, 0xD0,
  0x15, 0x2B, 0x07, 0xD1, 0x91, 0xF8, 0xA3, 0x20, 0x4F, 0xF4, 0xF1, 0x63,
  0x03, 0xFB, 0x02, 0xF3, 0x14, 0x3B, 0x4B, 0x61, 0x91, 0xF8, 0x97, 0x30,
  0xC3, 0xEB, 0xC3, 0x03, 0xDB, 0xB2, 0x1B, 0x01, 0x05, 0x48, 0x1A, 0x5A,
  0x92, 0xB2, 0x42, 0xF0, 0x20, 0x02, 0x1A, 0x52, 0x08, 0x46, 0xDE, 0xF6,
  0x8F, 0xFB, 0x08, 0xBD, 0x70, 0x47, 0x00, 0xBF, 0x0E, 0x0E, 0x61, 0x40,
  0x2D, 0xE9, 0xF0, 0x41, 0x05, 0x46, 0x09, 0x20, 0xC5, 0xF6, 0x50, 0xFB,
  0x00, 0x28, 0x51, 0xD0, 0x20, 0x23, 0x3E, 0x22, 0x00, 0x21, 0x41, 0xF2,
  0x03, 0x10, 0xFD, 0xF6, 0x03, 0xFF, 0x04, 0x46, 0x20, 0x22, 0x00, 0x21,
  0x09, 0xF7, 0xD8, 0xF9, 0x0A, 0x23, 0x23, 0x70, 0x4F, 0xF0, 0x00, 0x08,
  0x84, 0xF8, 0x01, 0x80, 0x01, 0x23, 0x23, 0x71, 0x05, 0xF1, 0x10, 0x03,
  0x63, 0x80, 0x41, 0x4E, 0x06, 0x22, 0x31, 0x46, 0xA0, 0x18, 0x09, 0xF7,
  0xC1, 0xF8, 0x16, 0xF8, 0x01, 0x3C, 0x63, 0x71, 0x06, 0x22, 0x41, 0x46,
  0x04, 0xF1, 0x0C, 0x00, 0x09, 0xF7, 0xBE, 0xF9, 0x06, 0x22, 0x41, 0x46,
  0x04, 0xF1, 0x12, 0x00, 0x09, 0xF7, 0xB8, 0xF9, 0x36, 0xF8, 0x0B, 0x3C,
  0x23, 0x83, 0x36, 0xF8, 0x09, 0x3C, 0x63, 0x83, 0x36, 0xF8, 0x07, 0x3C,
  0xA3, 0x83, 0x16, 0xF8, 0x05, 0x3C, 0xA3, 0x77, 0x20, 0x46, 0xF5, 0xF6,
  0x5B, 0xFA, 0x06, 0x23, 0x3E, 0x22, 0x00, 0x21, 0x41, 0xF2, 0x03, 0x10,
  0xFD, 0xF6, 0xC8, 0xFE, 0x14, 0x22, 0x02, 0x70, 0x10, 0x35, 0x45, 0x80,
  0x2A, 0x4A, 0xD2, 0x79, 0x02, 0x71, 0xF5, 0xF6, 0x4B, 0xFA, 0x29, 0x4B,
  0x93, 0xF8, 0x5E, 0x35, 0x02, 0x2B, 0x2A, 0xD0, 0xBD, 0xE8, 0xF0, 0x81,
  0x14, 0x23, 0x3E, 0x22, 0x00, 0x21, 0x41, 0xF2, 0x03, 0x10, 0xFD, 0xF6,
  0xB1, 0xFE, 0x04, 0x46, 0x01, 0x23, 0x03, 0x70, 0x00, 0x22, 0x42, 0x70,
  0x03, 0x71, 0x05, 0xF1, 0x10, 0x03, 0x43, 0x80, 0x1B, 0x4E, 0x06, 0x22,
  0x31, 0x46, 0x10, 0x44, 0x09, 0xF7, 0x76, 0xF8, 0x16, 0xF8, 0x01, 0x2C,
  0x62, 0x71, 0x36, 0xF8, 0x0B, 0x2C, 0xA2, 0x81, 0x36, 0xF8, 0x09, 0x2C,
  0xE2, 0x81, 0x36, 0xF8, 0x07, 0x2C, 0x22, 0x82, 0x16, 0xF8, 0x05, 0x3C,
  0xA3, 0x74, 0x20, 0x46, 0xF5, 0xF6, 0x1C, 0xFA, 0xBF, 0xE7, 0x10, 0x4B,
  0x5C, 0x7A, 0x1B, 0x7A, 0x03, 0xEB, 0xC3, 0x03, 0x0E, 0x4A, 0x02, 0xEB,
  0xC3, 0x03, 0xD3, 0xF8, 0x84, 0x50, 0x08, 0x23, 0x3E, 0x22, 0x00, 0x21,
  0x41, 0xF2, 0x03, 0x10, 0xFD, 0xF6, 0x7E, 0xFE, 0x12, 0x22, 0x02, 0x70,
  0x00, 0x22, 0x42, 0x70, 0x2A, 0x78, 0x82, 0x70, 0x10, 0x34, 0x84, 0x80,
  0x01, 0x22, 0x82, 0x71, 0xF5, 0xF6, 0xFE, 0xF9, 0xB6, 0xE7, 0x00, 0xBF,
  0x57, 0xF2, 0x20, 0x00, 0x4C, 0xF2, 0x20, 0x00, 0xFC, 0x36, 0x20, 0x00,
  0x70, 0xB5, 0x0E, 0x46, 0x15, 0x46, 0x00, 0xF1, 0x10, 0x04, 0x06, 0x23,
  0x05, 0x22, 0x21, 0x46, 0x41, 0xF2, 0x02, 0x10, 0xFD, 0xF6, 0x5E, 0xFE,
  0x06, 0x70, 0x44, 0x80, 0x05, 0x71, 0xF5, 0xF6, 0xE5, 0xF9, 0x70, 0xBD,
  0x70, 0xB5, 0x8C, 0xB0, 0x14, 0x0A, 0x73, 0x4B, 0x53, 0xF8, 0x24, 0x50,
  0xBD, 0xB1, 0x72, 0x4B, 0x1B, 0x5D, 0xEB, 0xB1, 0x95, 0xF8, 0xCC, 0x10,
  0x20, 0x46, 0xCC, 0xF6, 0xE3, 0xFF, 0x00, 0x21, 0x20, 0x46, 0xD1, 0xF6,
  0xF7, 0xFB, 0x20, 0x46, 0xC5, 0xF6, 0x4C, 0xFA, 0x6A, 0x4B, 0x1B, 0x5D,
  0x01, 0x2B, 0x14, 0xD0, 0x00, 0x20, 0x68, 0x4B, 0x18, 0x55, 0x0C, 0xB0,
  0x70, 0xBD, 0x67, 0x4B, 0xDE, 0x6E, 0x43, 0xF6, 0xD5, 0x13, 0x00, 0x22,
  0x11, 0x46, 0x20, 0x46, 0xB0, 0x47, 0xDE, 0xE7, 0x95, 0xF8, 0xCC, 0x20,
  0x00, 0x21, 0x20, 0x46, 0xFF, 0xF7, 0xC0, 0xFF, 0xDA, 0xE7, 0x60, 0x4B,
  0x1E, 0x7A, 0x06, 0xEB, 0xC6, 0x02, 0x5F, 0x4B, 0x03, 0xEB, 0xC2, 0x03,
  0xD3, 0xF8, 0x84, 0x50, 0x6B, 0x88, 0x03, 0xF0, 0x0C, 0x03, 0x33, 0xB1,
  0x58, 0x4B, 0x9B, 0x6E, 0x43, 0xF6, 0xEB, 0x12, 0x00, 0x21, 0x59, 0x48,
  0x98, 0x47, 0x6B, 0x88, 0xAD, 0xF8, 0x1C, 0x30, 0x6A, 0x7A, 0x2B, 0x7A,
  0x1B, 0x02, 0x43, 0xEA, 0x02, 0x43, 0xEA, 0x79, 0x13, 0x43, 0x04, 0x93,
  0xAB, 0x7A, 0x8D, 0xF8, 0x21, 0x30, 0xEB, 0x7A, 0x8D, 0xF8, 0x22, 0x30,
  0x2B, 0x7B, 0x8D, 0xF8, 0x23, 0x30, 0x2B, 0x46, 0x53, 0xF8, 0x0D, 0x2F,
  0xCD, 0xF8, 0x0A, 0x20, 0x9B, 0x88, 0xAD, 0xF8, 0x0E, 0x30, 0x6B, 0x88,
  0x13, 0xF0, 0x04, 0x0F, 0x0C, 0xBF, 0xEB, 0x7C, 0x00, 0x23, 0x8D, 0xF8,
  0x24, 0x30, 0x95, 0xF9, 0x14, 0x30, 0x8D, 0xF8, 0x25, 0x30, 0x6B, 0x7D,
  0x8D, 0xF8, 0x26, 0x30, 0xAB, 0x7D, 0x8D, 0xF8, 0x27, 0x30, 0x6B, 0x7D,
  0x8D, 0xF8, 0x28, 0x30, 0x2B, 0x7E, 0x8D, 0xF8, 0x29, 0x30, 0x6B, 0x7E,
  0x8D, 0xF8, 0x2A, 0x30, 0x3B, 0x4A, 0x06, 0xEB, 0xC6, 0x03, 0x02, 0xEB,
  0xC3, 0x03, 0xD3, 0xF8, 0xB4, 0x10, 0xD3, 0xF8, 0xB0, 0x00, 0x01, 0x90,
  0xAD, 0xF8, 0x08, 0x10, 0xB3, 0xF8, 0xA0, 0x10, 0xAD, 0xF8, 0x14, 0x10,
  0xB3, 0xF8, 0xA2, 0x10, 0xAD, 0xF8, 0x18, 0x10, 0xB3, 0xF8, 0xA8, 0x10,
  0xAD, 0xF8, 0x16, 0x10, 0xB3, 0xF8, 0xAA, 0x30, 0xAD, 0xF8, 0x1A, 0x30,
  0x00, 0x23, 0xAD, 0xF8, 0x1E, 0x30, 0x8D, 0xF8, 0x20, 0x30, 0x92, 0xF8,
  0xC6, 0x34, 0x8D, 0xF8, 0x2B, 0x30, 0x03, 0x22, 0x8D, 0xF8, 0x2C, 0x20,
  0x1B, 0xB1, 0x6B, 0x88, 0x13, 0xF0, 0x04, 0x0F, 0x03, 0xD1, 0xEB, 0x7A,
  0x13, 0xF0, 0x02, 0x0F, 0x06, 0xD0, 0x29, 0x7B, 0x05, 0xF1, 0x0D, 0x00,
  0xC4, 0xF6, 0xBE, 0xFF, 0x8D, 0xF8, 0x2C, 0x00, 0x1D, 0x4B, 0xD3, 0xF8,
  0x80, 0x31, 0x01, 0xA9, 0x30, 0x46, 0x98, 0x47, 0x38, 0xB1, 0x1A, 0x4B,
  0x9B, 0x6E, 0x43, 0xF6, 0x2F, 0x22, 0x00, 0x21, 0x1B, 0x48, 0x98, 0x47,
  0x58, 0xE7, 0x06, 0xEB, 0xC6, 0x03, 0x17, 0x4A, 0x02, 0xEB, 0xC3, 0x03,
  0x02, 0x22, 0x83, 0xF8, 0xC8, 0x20, 0x00, 0x23, 0x8D, 0xF8, 0x03, 0x30,
  0x0D, 0xF1, 0x03, 0x00, 0xC5, 0xF6, 0x14, 0xFA, 0x80, 0xB9, 0x9D, 0xF8,
  0x03, 0x30, 0x0F, 0x4A, 0x06, 0xEB, 0xC6, 0x06, 0x02, 0xEB, 0xC6, 0x06,
  0x86, 0xF8, 0xC5, 0x30, 0x03, 0xEB, 0xC3, 0x03, 0x02, 0xEB, 0xC3, 0x03,
  0x04, 0x22, 0x83, 0xF8, 0xC8, 0x20, 0x37, 0xE7, 0x05, 0x4B, 0x9B, 0x6E,
  0x43, 0xF6, 0x2A, 0x22, 0x00, 0x21, 0x07, 0x48, 0x98, 0x47, 0x2F, 0xE7,
  0xE8, 0x3C, 0x20, 0x00, 0x40, 0xF2, 0x20, 0x00, 0x40, 0x19, 0x20, 0x00,
  0x4C, 0xF2, 0x20, 0x00, 0xFC, 0x36, 0x20, 0x00, 0xB0, 0x7D, 0x1E, 0x00,
  0xF4, 0x7A, 0x1E, 0x00, 0x2D, 0xE9, 0xF0, 0x43, 0x91, 0xB0, 0x0C, 0x46,
  0x91, 0xF8, 0x34, 0x10, 0x31, 0xB9, 0x21, 0x46, 0x9A, 0x4C, 0xA0, 0x47,
  0x00, 0x20, 0x11, 0xB0, 0xBD, 0xE8, 0xF0, 0x83, 0x22, 0x46, 0x12, 0xF8,
  0x02, 0x7B, 0x97, 0x4D, 0x07, 0xEB, 0xC7, 0x03, 0x05, 0xEB, 0xC3, 0x03,
  0xD3, 0xF8, 0x84, 0x10, 0x93, 0xF8, 0xC5, 0x60, 0x10, 0x68, 0x00, 0x90,
  0x23, 0x46, 0x33, 0xF8, 0x06, 0x2F, 0x9B, 0x78, 0xAD, 0xF8, 0x04, 0x20,
  0x8D, 0xF8, 0x06, 0x30, 0xE3, 0x7E, 0x8D, 0xF8, 0x07, 0x30, 0xA3, 0x8B,
  0xAD, 0xF8, 0x08, 0x30, 0xE3, 0x8B, 0xAD, 0xF8, 0x0A, 0x30, 0x23, 0x8C,
  0xAD, 0xF8, 0x0C, 0x30, 0x63, 0x8C, 0xAD, 0xF8, 0x0E, 0x30, 0xE0, 0x6A,
  0xCD, 0xF8, 0x1A, 0x00, 0x94, 0xF8, 0x30, 0x30, 0x8D, 0xF8, 0x1E, 0x30,
  0x94, 0xF8, 0x31, 0x30, 0x8D, 0xF8, 0x1F, 0x30, 0x94, 0xF8, 0x32, 0x30,
  0x8D, 0xF8, 0x20, 0x30, 0xA3, 0x8C, 0xAD, 0xF8, 0x22, 0x30, 0xA3, 0x6A,
  0x09, 0x93, 0x00, 0x23, 0x0A, 0x93, 0x01, 0x23, 0x8D, 0xF8, 0x2D, 0x30,
  0x94, 0xF8, 0x33, 0x30, 0x8D, 0xF8, 0x2C, 0x30, 0x94, 0xF8, 0x35, 0x30,
  0x8D, 0xF8, 0x2E, 0x30, 0x4B, 0x88, 0x83, 0xF0, 0x10, 0x03, 0xC3, 0xF3,
  0x00, 0x13, 0x8D, 0xF8, 0x2F, 0x30, 0xB5, 0xF8, 0x8A, 0x34, 0xAD, 0xF8,
  0x30, 0x30, 0xB5, 0xF8, 0x8C, 0x34, 0xAD, 0xF8, 0x32, 0x30, 0xB5, 0xF8,
  0x98, 0x34, 0xAD, 0xF8, 0x34, 0x30, 0x95, 0xF8, 0x9A, 0x34, 0x8D, 0xF8,
  0x36, 0x30, 0x95, 0xF8, 0x9B, 0x34, 0x8D, 0xF8, 0x37, 0x30, 0x95, 0xF8,
  0x9C, 0x34, 0x8D, 0xF8, 0x38, 0x30, 0xB5, 0xF8, 0x9E, 0x34, 0xAD, 0xF8,
  0x3A, 0x30, 0xB5, 0xF8, 0xA0, 0x34, 0xAD, 0xF8, 0x3C, 0x30, 0x95, 0xF8,
  0xA2, 0x34, 0x8D, 0xF8, 0x3E, 0x30, 0x69, 0x46, 0x30, 0x46, 0xD1, 0xF6,
  0x01, 0xFB, 0x06, 0xEB, 0xC6, 0x03, 0x05, 0xEB, 0xC3, 0x05, 0x95, 0xF8,
  0xC8, 0x10, 0x04, 0x29, 0x06, 0xD0, 0x5B, 0x4B, 0xDD, 0x6E, 0x43, 0xF6,
  0x6E, 0x23, 0x00, 0x22, 0x30, 0x46, 0xA8, 0x47, 0xDF, 0xF8, 0x58, 0x81,
  0x06, 0xEB, 0xC6, 0x05, 0x08, 0xEB, 0xC5, 0x05, 0x23, 0x46, 0x53, 0xF8,
  0x15, 0x0F, 0xC5, 0xF8, 0xA0, 0x00, 0x9B, 0x88, 0xA5, 0xF8, 0xA4, 0x30,
  0x94, 0xF8, 0x36, 0x30, 0x85, 0xF8, 0xA6, 0x30, 0x09, 0x23, 0x85, 0xF8,
  0xC8, 0x30, 0x01, 0x23, 0x85, 0xF8, 0xA7, 0x30, 0xB4, 0xF8, 0x20, 0x90,
  0xE0, 0x8B, 0x09, 0xFB, 0x00, 0x09, 0xFF, 0xF6, 0xDB, 0xFE, 0x94, 0xF8,
  0x32, 0x20, 0x48, 0x4B, 0x33, 0xF8, 0x12, 0x30, 0x18, 0x44, 0x09, 0xFB,
  0x00, 0xF0, 0x46, 0x4A, 0x82, 0xFB, 0x00, 0x32, 0xC3, 0x17, 0xC3, 0xEB,
  0xE2, 0x13, 0x5B, 0x00, 0xB2, 0xB2, 0xA5, 0xF8, 0x98, 0x20, 0xA5, 0xF8,
  0x9A, 0x20, 0xE2, 0x8B, 0x92, 0x00, 0xA5, 0xF8, 0x90, 0x20, 0x04, 0x22,
  0xA5, 0xF8, 0x94, 0x20, 0xA5, 0xF8, 0x96, 0x20, 0x03, 0xF5, 0x9C, 0x73,
  0x3B, 0x4A, 0xA2, 0xFB, 0x03, 0x23, 0x5B, 0x0A, 0x01, 0x33, 0xA5, 0xF8,
  0x9C, 0x30, 0xE3, 0x8B, 0x9B, 0x00, 0xA5, 0xF8, 0x92, 0x30, 0x98, 0xF8,
  0x5F, 0x35, 0x00, 0x2B, 0x4C, 0xD0, 0x35, 0x4A, 0xC5, 0xF8, 0x8C, 0x20,
  0x01, 0x22, 0x85, 0xF8, 0x9E, 0x20, 0x04, 0xF1, 0x15, 0x05, 0x94, 0xF8,
  0x36, 0x10, 0x28, 0x46, 0xC4, 0xF6, 0x6A, 0xFE, 0x0D, 0x28, 0x09, 0xD8,
  0x00, 0xEB, 0x80, 0x03, 0x27, 0x4A, 0x02, 0xEB, 0x43, 0x03, 0x93, 0xF8,
  0x05, 0x34, 0x13, 0xF0, 0x02, 0x0F, 0x3E, 0xD1, 0x30, 0x46, 0xF5, 0xF6,
  0x43, 0xFA, 0x22, 0x4B, 0x07, 0xEB, 0xC7, 0x02, 0x03, 0xEB, 0xC2, 0x02,
  0x4F, 0xF0, 0x01, 0x08, 0x82, 0xF8, 0xC8, 0x80, 0x07, 0xEB, 0xC7, 0x02,
  0x03, 0xEB, 0xC2, 0x03, 0xFF, 0x22, 0x83, 0xF8, 0xC5, 0x20, 0xDF, 0xF8,
  0x84, 0x90, 0xE3, 0x8B, 0xA9, 0xF8, 0x00, 0x30, 0x23, 0x8C, 0xA9, 0xF8,
  0x02, 0x30, 0x63, 0x8C, 0xA9, 0xF8, 0x04, 0x30, 0x94, 0xF8, 0x35, 0x30,
  0x89, 0xF8, 0x07, 0x30, 0x94, 0xF8, 0x36, 0x30, 0x89, 0xF8, 0x0A, 0x30,
  0x06, 0x22, 0x29, 0x46, 0x09, 0xF1, 0x0B, 0x00, 0x08, 0xF7, 0x10, 0xFE,
  0x89, 0xF8, 0x08, 0x70, 0x89, 0xF8, 0x09, 0x60, 0x11, 0x4B, 0x03, 0xF8,
  0x06, 0x80, 0xDD, 0xE6, 0x06, 0xEB, 0xC6, 0x03, 0x08, 0x4A, 0x02, 0xEB,
  0xC3, 0x03, 0x00, 0x22, 0xC3, 0xF8, 0x8C, 0x20, 0x83, 0xF8, 0x9E, 0x20,
  0xAD, 0xE7, 0x94, 0xF8, 0x36, 0x20, 0x29, 0x46, 0xDB, 0xF6, 0xB0, 0xFC,
  0xBA, 0xE7, 0x00, 0xBF, 0x01, 0xEE, 0x0A, 0x00, 0xFC, 0x36, 0x20, 0x00,
  0x40, 0x19, 0x20, 0x00, 0x90, 0x52, 0x0F, 0x00, 0x1F, 0x85, 0xEB, 0x51,
  0x59, 0x17, 0xB7, 0xD1, 0x41, 0xC0, 0x0B, 0x00, 0x40, 0xF2, 0x20, 0x00,
  0x4C, 0xF2, 0x20, 0x00, 0x58, 0x4B, 0x1B, 0x78, 0x06, 0x2B, 0x01, 0xD0,
  0x00, 0x20, 0x70, 0x47, 0x2D, 0xE9, 0xF0, 0x4F, 0x83, 0xB0, 0x07, 0x46,
  0x00, 0x21, 0xE5, 0x20, 0xFD, 0xF6, 0x6A, 0xFD, 0x01, 0x90, 0xA0, 0xB1,
  0xBC, 0x7F, 0x97, 0xF8, 0x22, 0x10, 0x3B, 0x8C, 0x19, 0x44, 0x89, 0xB2,
  0x22, 0x46, 0x01, 0xF1, 0x80, 0x41, 0x01, 0xF5, 0xC2, 0x01, 0x01, 0x9E,
  0x30, 0x46, 0x08, 0xF7, 0xC5, 0xFD, 0x00, 0x2C, 0x00, 0xF0, 0x83, 0x80,
  0xDF, 0xF8, 0x30, 0x81, 0x12, 0xE0, 0x47, 0x4B, 0x9B, 0x6E, 0x43, 0xF6,
  0x62, 0x32, 0x00, 0x21, 0x45, 0x48, 0x98, 0x47, 0xE2, 0xE7, 0xB8, 0xF8,
  0x02, 0x20, 0x9A, 0x42, 0x23, 0xD0, 0xEB, 0x43, 0x1C, 0x44, 0x01, 0x35,
  0x2E, 0x44, 0x14, 0xF0, 0xFF, 0x04, 0x6C, 0xD0, 0x35, 0x78, 0x73, 0x78,
  0xB8, 0xF8, 0x00, 0x10, 0x4A, 0xF6, 0x88, 0x42, 0x91, 0x42, 0xEC, 0xD0,
  0x16, 0x2B, 0x51, 0xD0, 0xFF, 0x2B, 0xEC, 0xD1, 0x0D, 0x2D, 0xEA, 0xD1,
  0xB3, 0x78, 0x5D, 0x2B, 0xE7, 0xD1, 0xF3, 0x78, 0x00, 0x2B, 0xE4, 0xD1,
  0x33, 0x79, 0x03, 0x2B, 0xE1, 0xD1, 0x73, 0x79, 0x00, 0x2B, 0xDE, 0xD1,
  0x07, 0xF7, 0xE4, 0xFA, 0xDB, 0xE7, 0xD8, 0xF8, 0x08, 0x30, 0x8B, 0xB1,
  0xB1, 0x1C, 0x2F, 0x4B, 0xD3, 0xF8, 0x00, 0xE0, 0xBE, 0xF1, 0x00, 0x0F,
  0x12, 0xD1, 0x98, 0xF8, 0x06, 0x20, 0xD8, 0xF8, 0x08, 0x00, 0x08, 0xF7,
  0x4F, 0xFD, 0x00, 0x28, 0xC9, 0xD1, 0x07, 0xF7, 0xCF, 0xFA, 0xC6, 0xE7,
  0x24, 0x4B, 0x9B, 0x6E, 0x43, 0xF6, 0x8B, 0x32, 0x00, 0x21, 0x25, 0x48,
  0x98, 0x47, 0xE5, 0xE7, 0x98, 0xF8, 0x06, 0xC0, 0xBC, 0xF1, 0x00, 0x0F,
  0xEF, 0xD0, 0x71, 0x1C, 0xD8, 0xF8, 0x08, 0x00, 0x01, 0x38, 0x00, 0x22,
  0x4F, 0xF0, 0x01, 0x09, 0x03, 0xE0, 0x01, 0x32, 0xD2, 0xB2, 0x62, 0x45,
  0xE3, 0xD0, 0x0B, 0x46, 0x11, 0xF8, 0x01, 0xBF, 0x10, 0xF8, 0x01, 0xAF,
  0xD3, 0x45, 0xF4, 0xD0, 0x01, 0x3B, 0x9B, 0x1B, 0x09, 0xFA, 0x03, 0xF3,
  0x13, 0xEA, 0x0E, 0x0F, 0xED, 0xD1, 0x94, 0x45, 0x9D, 0xD1, 0xD2, 0xE7,
  0x05, 0x2D, 0x9A, 0xD1, 0xB3, 0x78, 0x01, 0x2B, 0x97, 0xD1, 0xF3, 0x78,
  0xFD, 0x2B, 0x94, 0xD1, 0x33, 0x79, 0x00, 0x2B, 0x91, 0xD1, 0x73, 0x79,
  0x01, 0x2B, 0x8E, 0xD1, 0x07, 0xF7, 0x94, 0xFA, 0x8B, 0xE7, 0xBB, 0x7F,
  0x33, 0xB9, 0x01, 0x98, 0xFD, 0xF6, 0xE6, 0xFC, 0x01, 0x20, 0x03, 0xB0,
  0xBD, 0xE8, 0xF0, 0x8F, 0x38, 0x8C, 0xC4, 0xF6, 0x09, 0xFB, 0xF4, 0xE7,
  0xC4, 0x28, 0x20, 0x00, 0x40, 0x19, 0x20, 0x00, 0xF4, 0x7A, 0x1E, 0x00,
  0x28, 0x7F, 0x1E, 0x00, 0xF4, 0x7D, 0x1E, 0x00, 0xB8, 0x28, 0x20, 0x00,
  0x2D, 0xE9, 0xF0, 0x4F, 0x8D, 0xB0, 0x0C, 0x46, 0x9E, 0x4B, 0x93, 0xF8,
  0xD2, 0x72, 0x57, 0xB1, 0x8B, 0x7F, 0x1F, 0x2B, 0x03, 0xD8, 0x0B, 0x7D,
  0x13, 0xF0, 0x10, 0x0F, 0x03, 0xD1, 0x99, 0x4B, 0x00, 0x22, 0x83, 0xF8,
  0xD2, 0x22, 0x98, 0x4B, 0x01, 0x22, 0x1A, 0x60, 0x97, 0x4B, 0xD3, 0xF8,
  0x74, 0x36, 0x20, 0x46, 0x98, 0x47, 0x03, 0x90, 0x00, 0x28, 0x40, 0xF0,
  0xA4, 0x82, 0x23, 0x7E, 0x93, 0x4A, 0x12, 0xF8, 0x03, 0xA0, 0x1A, 0xF0,
  0xFD, 0x03, 0x08, 0xBF, 0x9A, 0x46, 0xE3, 0x7C, 0x03, 0xEB, 0xC3, 0x03,
  0x8F, 0x4A, 0x02, 0xEB, 0xC3, 0x03, 0xD3, 0xF8, 0x84, 0x90, 0x06, 0x22,
  0x00, 0x21, 0x0A, 0xA8, 0x08, 0xF7, 0xF8, 0xFD, 0x06, 0x22, 0x00, 0x21,
  0x08, 0xA8, 0x08, 0xF7, 0xF3, 0xFD, 0x06, 0x22, 0x00, 0x21, 0x06, 0xA8,
  0x08, 0xF7, 0xEE, 0xFD, 0x06, 0x22, 0x00, 0x21, 0x04, 0xA8, 0x08, 0xF7,
  0xE9, 0xFD, 0x94, 0xF8, 0x16, 0xB0, 0xBB, 0xF1, 0xFF, 0x0F, 0x75, 0xD0,
  0x66, 0x88, 0x00, 0x2E, 0x00, 0xF0, 0x9E, 0x82, 0x06, 0xF1, 0x1A, 0x01,
  0x89, 0xB2, 0x06, 0x22, 0x01, 0xF1, 0x80, 0x41, 0x01, 0xF5, 0xC2, 0x01,
  0x0A, 0xA8, 0x08, 0xF7, 0xCF, 0xFC, 0xA6, 0xF6, 0xBC, 0x45, 0xED, 0x08,
  0x78, 0x4B, 0xA3, 0xFB, 0x05, 0x35, 0xED, 0xB2, 0xC5, 0xEB, 0xC5, 0x05,
  0xED, 0x00, 0xDF, 0xF8, 0xDC, 0x81, 0x35, 0xF8, 0x08, 0x30, 0x13, 0xF0,
  0x80, 0x0F, 0x23, 0xD1, 0x23, 0x78, 0x2B, 0xB9, 0x23, 0x7D, 0x03, 0xF0,
  0x06, 0x03, 0x04, 0x2B, 0x00, 0xF0, 0x7F, 0x82, 0x35, 0xF8, 0x08, 0x30,
  0x13, 0xF0, 0x08, 0x0F, 0x22, 0xD1, 0x35, 0xF8, 0x08, 0x30, 0x13, 0xF0,
  0x08, 0x0F, 0x05, 0xD1, 0x35, 0xF8, 0x08, 0x30, 0x13, 0xF0, 0x80, 0x0F,
  0x00, 0xF0, 0x6F, 0x82, 0x35, 0xF8, 0x08, 0xB0, 0x0B, 0xF0, 0x01, 0x0B,
  0x63, 0x7A, 0x03, 0xF0, 0xC0, 0x03, 0x40, 0x2B, 0x08, 0xBF, 0x4B, 0xF0,
  0x02, 0x0B, 0x62, 0xE2, 0x06, 0xF1, 0x30, 0x01, 0x89, 0xB2, 0x06, 0x22,
  0x01, 0xF1, 0x80, 0x41, 0x01, 0xF5, 0xC2, 0x01, 0x08, 0xA8, 0x08, 0xF7,
  0x8F, 0xFC, 0xCF, 0xE7, 0x06, 0xF1, 0x14, 0x01, 0x89, 0xB2, 0x06, 0x22,
  0x01, 0xF1, 0x80, 0x41, 0x01, 0xF5, 0xC2, 0x01, 0x06, 0xA8, 0x08, 0xF7,
  0x83, 0xFC, 0xD0, 0xE7, 0x02, 0x9B, 0x43, 0xF0, 0x02, 0x03, 0x02, 0x93,
  0x5A, 0xE2, 0x06, 0x22, 0x04, 0xF1, 0x0A, 0x01, 0x04, 0xA8, 0x08, 0xF7,
  0x77, 0xFC, 0xE2, 0x7D, 0x02, 0x92, 0x6A, 0xB1, 0xE3, 0x7B, 0x03, 0xF0,
  0xC0, 0x03, 0xC0, 0x2B, 0x08, 0xD0, 0x99, 0xF8, 0x01, 0x30, 0x02, 0x2B,
  0x28, 0xBF, 0xFE, 0x22, 0x02, 0x92, 0x01, 0xE0, 0x00, 0x23, 0x02, 0x93,
  0x23, 0x7D, 0x13, 0xF0, 0x04, 0x0F, 0x05, 0xD0, 0x9D, 0xF8, 0x15, 0x30,
  0x03, 0xF0, 0xC0, 0x03, 0x40, 0x2B, 0x3C, 0xD0, 0x3F, 0x4B, 0xB3, 0xF8,
  0x5A, 0x35, 0x13, 0xF0, 0x01, 0x0F, 0x00, 0xF0, 0x81, 0x80, 0xE3, 0x7F,
  0x01, 0x3B, 0xDB, 0xB2, 0x01, 0x2B, 0x06, 0xD9, 0x37, 0x4B, 0x9B, 0x6E,
  0x43, 0xF6, 0x76, 0x42, 0x00, 0x21, 0x39, 0x48, 0x98, 0x47, 0xE3, 0x7F,
  0x01, 0x2B, 0x2F, 0xD0, 0xBA, 0xF1, 0x01, 0x0F, 0x33, 0x4B, 0xB3, 0xF8,
  0x5A, 0x05, 0x0C, 0xBF, 0xC0, 0xF3, 0x81, 0x10, 0xC0, 0xF3, 0x01, 0x20,
  0x78, 0xB3, 0x02, 0x28, 0x14, 0xBF, 0x00, 0x20, 0x01, 0x20, 0x63, 0x7D,
  0x01, 0x2B, 0x3A, 0xD0, 0x00, 0x23, 0xBA, 0xF1, 0x01, 0x0F, 0x3A, 0xD0,
  0xE2, 0x7F, 0x01, 0x2A, 0x28, 0x49, 0xB1, 0xF8, 0x5A, 0x25, 0x07, 0xBF,
  0x22, 0xF0, 0x30, 0x02, 0x42, 0xEA, 0x03, 0x13, 0x22, 0xF4, 0x40, 0x72,
  0x42, 0xEA, 0x03, 0x23, 0xA1, 0xF8, 0x5A, 0x35, 0x4B, 0xE0, 0x02, 0x9B,
  0xFE, 0x2B, 0xBF, 0xD1, 0x99, 0xF8, 0x01, 0x30, 0x01, 0x2B, 0xBB, 0xD8,
  0x01, 0x20, 0x42, 0xE0, 0xBA, 0xF1, 0x01, 0x0F, 0x1B, 0x4B, 0xB3, 0xF8,
  0x5A, 0x05, 0x0C, 0xBF, 0xC0, 0xF3, 0x81, 0x00, 0xC0, 0xF3, 0x01, 0x10,
  0xCE, 0xE7, 0xA3, 0x7C, 0x63, 0xB1, 0x22, 0x8A, 0x13, 0x0B, 0xC2, 0xF3,
  0x0B, 0x02, 0xA1, 0x8B, 0x01, 0x91, 0x00, 0x92, 0x22, 0x7D, 0x59, 0x46,
  0x0A, 0xA8, 0x27, 0xF0, 0xAD, 0xFB, 0xC4, 0xE7, 0x00, 0x22, 0xFF, 0x23,
  0xF3, 0xE7, 0x00, 0x28, 0x18, 0xBF, 0x02, 0x23, 0xC1, 0xE7, 0xE2, 0x7F,
  0x01, 0x2A, 0x0B, 0x49, 0xB1, 0xF8, 0x5A, 0x25, 0x07, 0xBF, 0x22, 0xF0,
  0x0C, 0x02, 0x42, 0xEA, 0x83, 0x03, 0x22, 0xF0, 0xC0, 0x02, 0x42, 0xEA,
  0x83, 0x13, 0xA1, 0xF8, 0x5A, 0x35, 0x10, 0xE0, 0x34, 0x2D, 0x20, 0x00,
  0x34, 0x09, 0x60, 0x40, 0x40, 0x19, 0x20, 0x00, 0x7C, 0x52, 0x0F, 0x00,
  0xFC, 0x36, 0x20, 0x00, 0x25, 0x49, 0x92, 0x24, 0x14, 0x7E, 0x1E, 0x00,
  0xBC, 0x0C, 0x61, 0x40, 0x03, 0x98, 0xBE, 0x4B, 0x93, 0xF8, 0xD2, 0x32,
  0x5B, 0xB3, 0xA5, 0x7F, 0x1F, 0x2D, 0x8C, 0xBF, 0x00, 0x25, 0x01, 0x25,
  0xBA, 0x4B, 0x1B, 0x78, 0x00, 0x2B, 0x6F, 0xD0, 0xB9, 0x4B, 0x93, 0xF8,
  0x5E, 0x35, 0x01, 0x2B, 0x02, 0xD0, 0x00, 0x2D, 0x00, 0xF0, 0x7A, 0x81,
  0x00, 0x21, 0xE5, 0x20, 0xFD, 0xF6, 0x4E, 0xFB, 0x06, 0x46, 0xB0, 0xB1,
  0x94, 0xF8, 0x22, 0x10, 0x23, 0x8C, 0x19, 0x44, 0x89, 0xB2, 0xA2, 0x7F,
  0x01, 0xF1, 0x80, 0x41, 0x01, 0xF5, 0xC2, 0x01, 0x30, 0x46, 0x08, 0xF7,
  0xAB, 0xFB, 0xA3, 0x7F, 0x33, 0x44, 0x9E, 0x42, 0x0D, 0xD3, 0x30, 0x46,
  0xFD, 0xF6, 0x50, 0xFB, 0x3A, 0xE1, 0x03, 0x9D, 0xD6, 0xE7, 0xA8, 0x4B,
  0x9B, 0x6E, 0x43, 0xF6, 0xD7, 0x42, 0x00, 0x21, 0xA6, 0x48, 0x98, 0x47,
  0xE0, 0xE7, 0xA2, 0x4A, 0x10, 0x78, 0x32, 0x46, 0xDD, 0xF8, 0x0C, 0xC0,
  0xA8, 0x46, 0x92, 0xF8, 0x01, 0xE0, 0x11, 0x78, 0xBE, 0xF1, 0x09, 0x0F,
  0x0D, 0xD0, 0xBE, 0xF1, 0x07, 0x0F, 0x08, 0xBF, 0x4F, 0xF0, 0x01, 0x0C,
  0x01, 0x28, 0x16, 0xD0, 0x02, 0x28, 0x20, 0xD1, 0xBC, 0xF1, 0x00, 0x0F,
  0x13, 0xD0, 0x45, 0x46, 0x17, 0xE0, 0x02, 0x29, 0xF4, 0xD9, 0x92, 0xF8,
  0x02, 0xE0, 0xBE, 0xF1, 0x4A, 0x0F, 0xEF, 0xD1, 0x92, 0xF8, 0x03, 0xE0,
  0xBE, 0xF1, 0x41, 0x0F, 0x03, 0x9D, 0x08, 0xBF, 0x01, 0x25, 0x03, 0x95,
  0xE6, 0xE7, 0x03, 0x9D, 0x25, 0xB9, 0x01, 0x31, 0x0A, 0x44, 0x93, 0x42,
  0xC1, 0xD9, 0xD4, 0xE7, 0x45, 0x46, 0x30, 0x46, 0xFD, 0xF6, 0x10, 0xFB,
  0x0F, 0xE0, 0x03, 0x28, 0xF3, 0xD1, 0xBC, 0xF1, 0x00, 0x0F, 0xF0, 0xD0,
  0x03, 0x9D, 0x00, 0x2D, 0xED, 0xD0, 0x45, 0x46, 0x86, 0x48, 0xFC, 0xF6,
  0xDB, 0xFC, 0xEE, 0xE7, 0x00, 0x28, 0x40, 0xF0, 0xEB, 0x80, 0x80, 0x4B,
  0x93, 0xF8, 0x5E, 0x35, 0x01, 0x2B, 0x02, 0xD0, 0x00, 0x2D, 0x00, 0xF0,
  0x09, 0x81, 0xA3, 0x7F, 0x1F, 0x2B, 0x00, 0xF2, 0xDF, 0x80, 0x23, 0x7D,
  0x13, 0xF0, 0x04, 0x0F, 0x05, 0xD0, 0x9D, 0xF8, 0x15, 0x30, 0x03, 0xF0,
  0xC0, 0x03, 0x40, 0x2B, 0x36, 0xD0, 0x2B, 0x23, 0x3E, 0x22, 0x00, 0x21,
  0x41, 0xF2, 0x03, 0x10, 0xFD, 0xF6, 0x62, 0xF9, 0x05, 0x46, 0x02, 0x23,
  0x03, 0x70, 0x01, 0x23, 0x43, 0x70, 0x23, 0x7D, 0x72, 0x4A, 0xD3, 0x5C,
  0x83, 0x70, 0x80, 0xF8, 0x03, 0xB0, 0x06, 0x22, 0x0A, 0xA9, 0x04, 0x30,
  0x08, 0xF7, 0x26, 0xFB, 0xA2, 0x7F, 0xAA, 0x72, 0x94, 0xF8, 0x22, 0x10,
  0x23, 0x8C, 0x19, 0x44, 0x89, 0xB2, 0x01, 0xF1, 0x80, 0x41, 0x01, 0xF5,
  0xC2, 0x01, 0x05, 0xF1, 0x0B, 0x00, 0x08, 0xF7, 0x17, 0xFB, 0xA2, 0x7F,
  0x02, 0xF1, 0x0B, 0x00, 0xC2, 0xF1, 0x1F, 0x02, 0x00, 0x21, 0x28, 0x44,
  0x08, 0xF7, 0x14, 0xFC, 0x94, 0xF9, 0x1B, 0x30, 0x85, 0xF8, 0x2A, 0x30,
  0x28, 0x46, 0xF4, 0xF6, 0xBF, 0xFC, 0x9D, 0xE0, 0x02, 0x9B, 0xFE, 0x2B,
  0xC5, 0xD1, 0x12, 0x23, 0x3E, 0x22, 0x00, 0x21, 0x41, 0xF2, 0x03, 0x10,
  0xFD, 0xF6, 0x28, 0xF9, 0x05, 0x46, 0x0B, 0x23, 0x03, 0x70, 0x01, 0x26,
  0x46, 0x70, 0x94, 0xF9, 0x1B, 0x30, 0x43, 0x74, 0x86, 0x70, 0x80, 0xF8,
  0x03, 0xB0, 0x06, 0x22, 0x0A, 0xA9, 0x04, 0x30, 0x08, 0xF7, 0xEC, 0xFA,
  0xAE, 0x72, 0x06, 0x22, 0x04, 0xA9, 0x05, 0xF1, 0x0B, 0x00, 0x08, 0xF7,
  0xE5, 0xFA, 0x28, 0x46, 0xF4, 0xF6, 0x9A, 0xFC, 0x78, 0xE0, 0xFF, 0x23,
  0x6B, 0x73, 0xA3, 0x7E, 0xAB, 0x73, 0x45, 0x4B, 0xB3, 0xF9, 0xC8, 0x34,
  0x48, 0x4A, 0x82, 0xFB, 0x03, 0x12, 0xDB, 0x17, 0xC3, 0xEB, 0xA2, 0x03,
  0xE2, 0x7E, 0x13, 0x44, 0xEB, 0x73, 0xA3, 0x8B, 0x2B, 0x82, 0x02, 0x9B,
  0xAB, 0x74, 0x06, 0x22, 0x04, 0xA9, 0x05, 0xF1, 0x13, 0x00, 0x08, 0xF7,
  0xC7, 0xFA, 0x6F, 0x76, 0x21, 0x8C, 0x49, 0x44, 0x89, 0xB2, 0x3A, 0x46,
  0x01, 0xF1, 0x80, 0x41, 0x01, 0xF5, 0xC2, 0x01, 0x05, 0xF1, 0x1A, 0x00,
  0x08, 0xF7, 0xBA, 0xFA, 0x07, 0xF1, 0x1A, 0x00, 0xC7, 0xF1, 0xE5, 0x02,
  0x00, 0x21, 0x28, 0x44, 0x08, 0xF7, 0xB8, 0xFB, 0x28, 0x46, 0xF4, 0xF6,
  0x67, 0xFC, 0xB9, 0x44, 0x5F, 0xFA, 0x89, 0xF9, 0xA8, 0xEB, 0x07, 0x08,
  0x18, 0xF0, 0xFF, 0x08, 0x3D, 0xD0, 0x47, 0x46, 0xE5, 0x2F, 0x28, 0xBF,
  0xE5, 0x27, 0x4F, 0xF4, 0x80, 0x73, 0x3E, 0x22, 0x00, 0x21, 0x41, 0xF2,
  0x03, 0x10, 0xFD, 0xF6, 0xC7, 0xF8, 0x05, 0x46, 0x0D, 0x23, 0x03, 0x70,
  0x01, 0x23, 0x43, 0x70, 0x23, 0x7D, 0x43, 0x80, 0xB8, 0xF1, 0xE5, 0x0F,
  0x35, 0xD8, 0x61, 0x7D, 0x4B, 0x01, 0x33, 0xF0, 0x60, 0x03, 0x07, 0xD0,
  0x1D, 0x4B, 0xDB, 0x6E, 0x1E, 0x46, 0x43, 0xF6, 0x62, 0x53, 0x00, 0x22,
  0x60, 0x20, 0xB0, 0x47, 0xB5, 0xF9, 0x02, 0x30, 0x23, 0xF0, 0x60, 0x03,
  0x62, 0x7D, 0x52, 0x01, 0x13, 0x43, 0x6B, 0x80, 0x85, 0xF8, 0x04, 0xB0,
  0x06, 0x22, 0x0A, 0xA9, 0x68, 0x1D, 0x08, 0xF7, 0x75, 0xFA, 0x85, 0xF8,
  0x0B, 0xA0, 0x63, 0x7E, 0x15, 0x4A, 0xD3, 0x5C, 0x2B, 0x73, 0xA3, 0x7C,
  0x00, 0x2B, 0x8A, 0xD0, 0x23, 0x8A, 0x1B, 0x0B, 0x88, 0xE7, 0x03, 0x9F,
  0xA3, 0x7F, 0x33, 0xB9, 0x07, 0x4B, 0x83, 0xF8, 0xD2, 0x72, 0x00, 0x20,
  0x0D, 0xB0, 0xBD, 0xE8, 0xF0, 0x8F, 0x20, 0x8C, 0xC4, 0xF6, 0x32, 0xF8,
  0xF4, 0xE7, 0x03, 0xF0, 0x9F, 0x03, 0x20, 0x22, 0xD8, 0xE7, 0x00, 0xBF,
  0x34, 0x2D, 0x20, 0x00, 0x2D, 0x7F, 0x1E, 0x00, 0xFC, 0x36, 0x20, 0x00,
  0x40, 0x19, 0x20, 0x00, 0xF4, 0x7A, 0x1E, 0x00, 0x40, 0x7E, 0x1E, 0x00,
  0x74, 0xEF, 0x20, 0x00, 0x67, 0x66, 0x66, 0x66, 0x7C, 0x52, 0x0F, 0x00,
  0x00, 0x28, 0xD9, 0xD1, 0x94, 0xF8, 0x1E, 0x80, 0x94, 0xF8, 0x22, 0x90,
  0x03, 0x97, 0x94, 0xE7, 0x06, 0x22, 0x21, 0x1D, 0x0A, 0xA8, 0x08, 0xF7,
  0x37, 0xFA, 0x23, 0x7D, 0x13, 0xF0, 0x04, 0x03, 0x02, 0x93, 0x3F, 0xF4,
  0xD5, 0xAD, 0x63, 0x78, 0x00, 0x2B, 0x3F, 0xF4, 0xB0, 0xAD, 0x99, 0xF8,
  0x00, 0x30, 0x03, 0xF0, 0x01, 0x03, 0x02, 0x93, 0xE3, 0x7B, 0x03, 0xF0,
  0xC0, 0x03, 0x40, 0x2B, 0x3F, 0xF4, 0xA0, 0xAD, 0x02, 0x9B, 0x13, 0xF0,
  0x01, 0x0F, 0x4F, 0xF0, 0x06, 0x02, 0x14, 0xBF, 0x02, 0x49, 0x03, 0x49,
  0x04, 0xA8, 0x08, 0xF7, 0x17, 0xFA, 0xAF, 0xE5, 0xE6, 0x3A, 0x20, 0x00,
  0xE0, 0x3A, 0x20, 0x00, 0x08, 0xB5, 0x07, 0x4B, 0x1B, 0x78, 0x02, 0x2B,
  0x07, 0xD0, 0x4F, 0xF4, 0x7A, 0x62, 0x03, 0x21, 0x04, 0x20, 0xFC, 0xF6,
  0xF3, 0xFF, 0x00, 0x20, 0x08, 0xBD, 0xC4, 0xF6, 0x7D, 0xFA, 0xFA, 0xE7,
  0xA4, 0xF0, 0x20, 0x00, 0x10, 0xB5, 0x82, 0xB0, 0x04, 0x46, 0x13, 0x46,
  0x01, 0x22, 0x8D, 0xF8, 0x00, 0x20, 0xAD, 0xF8, 0x06, 0x10, 0x05, 0x22,
  0x19, 0x46, 0x0D, 0xF1, 0x01, 0x00, 0x08, 0xF7, 0xF1, 0xF9, 0x03, 0x4A,
  0x69, 0x46, 0x20, 0x46, 0xD1, 0xF6, 0x42, 0xFC, 0x02, 0xB0, 0x10, 0xBD,
  0xAD, 0x05, 0x1E, 0x00, 0x2D, 0xE9, 0xF0, 0x41, 0x82, 0xB0, 0x05, 0x46,
  0x0F, 0x46, 0x64, 0x4B, 0x53, 0xF8, 0x20, 0x40, 0x00, 0x21, 0xD1, 0xF6,
  0xB7, 0xF8, 0x06, 0x46, 0xD1, 0xF6, 0xB0, 0xF8, 0xB8, 0x42, 0x18, 0xD0,
  0xB4, 0xF8, 0xC6, 0x30, 0x23, 0xF0, 0x10, 0x03, 0xA4, 0xF8, 0xC6, 0x30,
  0x00, 0x21, 0x28, 0x46, 0xD1, 0xF6, 0x2A, 0xF9, 0xB4, 0xF8, 0xC6, 0x30,
  0x23, 0xF4, 0x80, 0x73, 0xA4, 0xF8, 0xC6, 0x30, 0x28, 0x46, 0xDA, 0xF6,
  0x6D, 0xFB, 0x00, 0x28, 0x40, 0xF0, 0xA2, 0x80, 0x02, 0xB0, 0xBD, 0xE8,
  0xF0, 0x81, 0x30, 0x46, 0xD1, 0xF6, 0x92, 0xF8, 0x70, 0xB1, 0x01, 0x28,
  0x00, 0xF0, 0x90, 0x80, 0x4F, 0x4B, 0xDC, 0x6E, 0x30, 0x46, 0xD1, 0xF6,
  0x89, 0xF8, 0x01, 0x46, 0x43, 0xF6, 0x37, 0x63, 0x00, 0x22, 0x28, 0x46,
  0xA0, 0x47, 0xE9, 0xE7, 0xC4, 0xF6, 0x12, 0xFC, 0x01, 0x46, 0x49, 0x4B,
  0x01, 0x22, 0x1A, 0x70, 0x05, 0x22, 0x68, 0x46, 0x08, 0xF7, 0xA2, 0xF9,
  0x94, 0xF8, 0x9C, 0x30, 0x13, 0xB3, 0x00, 0x22, 0x01, 0x27, 0x02, 0xE0,
  0x01, 0x32, 0x25, 0x2A, 0x1C, 0xD0, 0xD0, 0xB2, 0xC2, 0xF3, 0x87, 0x03,
  0x23, 0x44, 0x93, 0xF8, 0x9F, 0x30, 0x41, 0x00, 0x01, 0xF0, 0x06, 0x01,
  0x0B, 0x41, 0x03, 0xF0, 0x03, 0x03, 0x03, 0x2B, 0xEE, 0xD1, 0xC2, 0xF3,
  0xC7, 0x03, 0x02, 0xA9, 0x0B, 0x44, 0x00, 0xF0, 0x07, 0x00, 0x07, 0xFA,
  0x00, 0xF0, 0x13, 0xF8, 0x08, 0x1C, 0x21, 0xEA, 0x00, 0x00, 0x03, 0xF8,
  0x08, 0x0C, 0xDF, 0xE7, 0x68, 0x46, 0xC3, 0xF6, 0x4F, 0xFD, 0x94, 0xF8,
  0x23, 0xE0, 0x86, 0x45, 0x1F, 0xD9, 0x00, 0x23, 0x4F, 0xF0, 0x01, 0x08,
  0x02, 0xE0, 0x01, 0x33, 0x25, 0x2B, 0x18, 0xD0, 0xC3, 0xF3, 0xC7, 0x01,
  0x02, 0xAA, 0x0A, 0x44, 0x12, 0xF8, 0x08, 0x7C, 0x03, 0xF0, 0x07, 0x02,
  0x47, 0xFA, 0x02, 0xFC, 0x1C, 0xF0, 0x01, 0x0F, 0xEF, 0xD1, 0x0D, 0xF1,
  0x08, 0x0C, 0x61, 0x44, 0x08, 0xFA, 0x02, 0xF2, 0x3A, 0x43, 0x01, 0xF8,
  0x08, 0x2C, 0x01, 0x30, 0xC0, 0xB2, 0x86, 0x45, 0xE3, 0xD8, 0x05, 0x22,
  0x69, 0x46, 0x04, 0xF1, 0x08, 0x00, 0x08, 0xF7, 0x1F, 0xF9, 0x00, 0x28,
  0x3F, 0xF4, 0x74, 0xAF, 0xB4, 0xF8, 0xC6, 0x30, 0x43, 0xF0, 0x10, 0x03,
  0xA4, 0xF8, 0xC6, 0x30, 0x28, 0x46, 0xE7, 0xF6, 0x33, 0xFF, 0x23, 0x8A,
  0x5A, 0x1C, 0x16, 0x4B, 0x93, 0xF8, 0xD5, 0x32, 0x03, 0xEB, 0x42, 0x03,
  0x18, 0x44, 0xF0, 0x81, 0x06, 0xF1, 0x08, 0x04, 0x05, 0x22, 0x69, 0x46,
  0x20, 0x46, 0x08, 0xF7, 0x33, 0xF9, 0x22, 0x46, 0xF1, 0x89, 0x28, 0x46,
  0xFF, 0xF7, 0x2E, 0xFF, 0x01, 0x22, 0x29, 0x46, 0x30, 0x46, 0xD1, 0xF6,
  0x01, 0xF8, 0x65, 0xE7, 0x05, 0x22, 0x06, 0xF1, 0x08, 0x01, 0x04, 0xF1,
  0x08, 0x00, 0x08, 0xF7, 0x21, 0xF9, 0x47, 0xE7, 0x01, 0x21, 0x28, 0x46,
  0xDA, 0xF6, 0x60, 0xFA, 0x58, 0xE7, 0x00, 0xBF, 0xE8, 0x3C, 0x20, 0x00,
  0x40, 0x19, 0x20, 0x00, 0xA4, 0xF0, 0x20, 0x00, 0x34, 0x2D, 0x20, 0x00,
  0xB2, 0xF5, 0x40, 0x6F, 0x2F, 0xD2, 0x70, 0xB5, 0x0C, 0x46, 0x15, 0x0A,
  0x19, 0x4B, 0x53, 0xF8, 0x25, 0x60, 0x56, 0xB3, 0x96, 0xF8, 0xC8, 0x30,
  0x03, 0xF0, 0x03, 0x03, 0x03, 0x2B, 0x01, 0xD1, 0x00, 0x20, 0x70, 0xBD,
  0x00, 0x21, 0x28, 0x46, 0xD0, 0xF6, 0xB4, 0xFF, 0xF8, 0xB9, 0xB6, 0xF8,
  0xC6, 0x30, 0x13, 0xF0, 0x10, 0x0F, 0x01, 0xD0, 0x02, 0x20, 0xF2, 0xE7,
  0x28, 0x46, 0xDA, 0xF6, 0x87, 0xFA, 0x58, 0xB9, 0x22, 0x46, 0x00, 0x21,
  0x28, 0x46, 0xD0, 0xF6, 0x61, 0xFF, 0x00, 0x22, 0x11, 0x46, 0x28, 0x46,
  0xFF, 0xF7, 0xFE, 0xFE, 0x01, 0x20, 0xE2, 0xE7, 0x28, 0x46, 0xDA, 0xF6,
  0xE9, 0xF9, 0x02, 0x20, 0xDD, 0xE7, 0x00, 0x20, 0x70, 0x47, 0x00, 0x20,
  0xD9, 0xE7, 0x02, 0x20, 0xD7, 0xE7, 0x00, 0xBF, 0xE8, 0x3C, 0x20, 0x00,
  0x00, 0xB5, 0x89, 0xB0, 0x0F, 0x23, 0x8D, 0xF8, 0x04, 0x30, 0x0B, 0x89,
  0xAD, 0xF8, 0x06, 0x30, 0x4B, 0x89, 0xAD, 0xF8, 0x08, 0x30, 0x8B, 0x89,
  0xAD, 0xF8, 0x0A, 0x30, 0xCB, 0x89, 0xAD, 0xF8, 0x0C, 0x30, 0x91, 0xF8,
  0x27, 0x30, 0x8D, 0xF8, 0x0E, 0x30, 0x8B, 0x8A, 0xAD, 0xF8, 0x10, 0x30,
  0xCB, 0x8A, 0xAD, 0xF8, 0x12, 0x30, 0x0B, 0x8B, 0xAD, 0xF8, 0x14, 0x30,
  0x4B, 0x8B, 0xAD, 0xF8, 0x16, 0x30, 0x8B, 0x8B, 0xAD, 0xF8, 0x18, 0x30,
  0xCB, 0x8B, 0xAD, 0xF8, 0x1A, 0x30, 0x0B, 0x8C, 0xAD, 0xF8, 0x1C, 0x30,
  0x00, 0x22, 0x01, 0xA9, 0xD1, 0xF6, 0xFE, 0xFA, 0x09, 0xB0, 0x5D, 0xF8,
  0x04, 0xFB, 0x00, 0x00, 0x00, 0xB5, 0x85, 0xB0, 0x00, 0x23, 0x8D, 0xF8,
  0x04, 0x30, 0x91, 0xF8, 0x26, 0x30, 0x8D, 0xF8, 0x05, 0x30, 0x4B, 0x8C,
  0xAD, 0xF8, 0x06, 0x30, 0x0B, 0x8D, 0xAD, 0xF8, 0x08, 0x30, 0x8B, 0x89,
  0xAD, 0xF8, 0x0A, 0x30, 0xCB, 0x89, 0xAD, 0xF8, 0x0C, 0x30, 0x8B, 0x8C,
  0xAD, 0xF8, 0x0E, 0x30, 0x03, 0x4A, 0x01, 0xA9, 0xD1, 0xF6, 0xDE, 0xFA,
  0x05, 0xB0, 0x5D, 0xF8, 0x04, 0xFB, 0x00, 0xBF, 0xD1, 0x05, 0x1E, 0x00,
  0x2D, 0xE9, 0xF0, 0x43, 0x85, 0xB0, 0x05, 0x46, 0x0E, 0x46, 0x90, 0x46,
  0x99, 0x4B, 0x53, 0xF8, 0x20, 0x70, 0x00, 0x21, 0xD0, 0xF6, 0x50, 0xFF,
  0x04, 0x46, 0x06, 0x2E, 0x10, 0xD0, 0x20, 0x46, 0xD0, 0xF6, 0x46, 0xFF,
  0xB0, 0x42, 0x14, 0xD0, 0x20, 0x46, 0xD0, 0xF6, 0x41, 0xFF, 0x43, 0xF6,
  0xC6, 0x63, 0x00, 0x22, 0x31, 0x46, 0x03, 0xF7, 0xB9, 0xFB, 0x05, 0xB0,
  0xBD, 0xE8, 0xF0, 0x83, 0x06, 0x22, 0x29, 0x46, 0xD0, 0xF6, 0x36, 0xFF,
  0xF9, 0x89, 0x28, 0x46, 0xE7, 0xF6, 0xE2, 0xFD, 0xE5, 0xE7, 0x20, 0x46,
  0xD0, 0xF6, 0x2C, 0xFF, 0x06, 0x28, 0x00, 0xF2, 0xF3, 0x80, 0xDF, 0xE8,
  0x10, 0xF0, 0x4B, 0x00, 0x3A, 0x00, 0x07, 0x00, 0xB2, 0x00, 0xBA, 0x00,
  0xF1, 0x00, 0xBA, 0x00, 0x00, 0x22, 0x11, 0x46, 0x28, 0x46, 0xD0, 0xF6,
  0x59, 0xFF, 0xB8, 0xF1, 0x00, 0x0F, 0x2A, 0xD0, 0x0B, 0x2D, 0x28, 0xD8,
  0x7B, 0x4B, 0x53, 0xF8, 0x25, 0x30, 0x23, 0xB3, 0x93, 0xF8, 0x3C, 0x30,
  0x13, 0xF0, 0x02, 0x0F, 0x1F, 0xD0, 0xB7, 0xF8, 0xC6, 0x30, 0x13, 0xF0,
  0x01, 0x0F, 0x40, 0xF0, 0x9A, 0x80, 0x28, 0x46, 0xC4, 0xF6, 0xDE, 0xFA,
  0x06, 0x46, 0x60, 0xB1, 0x33, 0x89, 0x33, 0xB9, 0x71, 0x4B, 0x9B, 0x6E,
  0x43, 0xF6, 0xDA, 0x62, 0x00, 0x21, 0x70, 0x48, 0x98, 0x47, 0x00, 0x23,
  0x73, 0x60, 0xB3, 0x75, 0x87, 0xE0, 0x6C, 0x4B, 0x9B, 0x6E, 0x43, 0xF6,
  0xD9, 0x62, 0x00, 0x21, 0x6B, 0x48, 0x98, 0x47, 0xEA, 0xE7, 0xB7, 0xF8,
  0xC6, 0x30, 0x13, 0xF0, 0x01, 0x0F, 0x08, 0xD1, 0x65, 0x4B, 0xD3, 0xF8,
  0x6C, 0x90, 0x43, 0xF6, 0xE8, 0x63, 0x00, 0x22, 0x41, 0x46, 0x28, 0x46,
  0xC8, 0x47, 0x01, 0x23, 0x84, 0xF8, 0x2C, 0x30, 0xB7, 0xF8, 0xC6, 0x30,
  0x43, 0xF0, 0x10, 0x03, 0xA7, 0xF8, 0xC6, 0x30, 0x94, 0xF8, 0x2C, 0x30,
  0x00, 0x2B, 0x35, 0xD1, 0x28, 0x46, 0xE7, 0xF6, 0xE9, 0xFD, 0xA0, 0x82,
  0x22, 0x46, 0x01, 0x21, 0x28, 0x46, 0x5A, 0x4B, 0x98, 0x47, 0x94, 0xF8,
  0x2D, 0x30, 0x13, 0xB9, 0x63, 0x8D, 0x00, 0x2B, 0x55, 0xD0, 0x63, 0x8D,
  0xE3, 0x82, 0x4F, 0xF6, 0xFF, 0x73, 0x23, 0x83, 0x63, 0x83, 0xA3, 0x83,
  0xE3, 0x83, 0x23, 0x84, 0x21, 0x46, 0x28, 0x46, 0xFF, 0xF7, 0x0A, 0xFF,
  0x01, 0x22, 0x00, 0x21, 0x28, 0x46, 0xD0, 0xF6, 0xEF, 0xFE, 0xB7, 0xF8,
  0xC6, 0x30, 0x13, 0xF0, 0x01, 0x0F, 0x05, 0xD0, 0x02, 0x22, 0x29, 0x46,
  0x20, 0x46, 0xD0, 0xF6, 0xA9, 0xFE, 0x6A, 0xE7, 0x21, 0x89, 0x28, 0x46,
  0xE7, 0xF6, 0x54, 0xFD, 0x03, 0x22, 0x29, 0x46, 0x20, 0x46, 0xD0, 0xF6,
  0x9F, 0xFE, 0x60, 0xE7, 0x28, 0x46, 0xE7, 0xF6, 0xB3, 0xFD, 0x3B, 0x8A,
  0x5A, 0x1C, 0x41, 0x4B, 0x93, 0xF8, 0xD5, 0x32, 0x03, 0xEB, 0x42, 0x03,
  0x18, 0x44, 0x80, 0xB2, 0xA0, 0x84, 0x01, 0x21, 0x84, 0xF8, 0x26, 0x10,
  0xA0, 0x82, 0x22, 0x46, 0x28, 0x46, 0x39, 0x4B, 0x98, 0x47, 0x26, 0xB9,
  0x94, 0xF8, 0x2D, 0x30, 0x0B, 0xB9, 0x63, 0x8D, 0x9B, 0xB1, 0x63, 0x8D,
  0x63, 0x84, 0x04, 0x22, 0x29, 0x46, 0x20, 0x46, 0xD0, 0xF6, 0x7C, 0xFE,
  0x21, 0x46, 0x28, 0x46, 0xFF, 0xF7, 0xFC, 0xFE, 0x39, 0xE7, 0x00, 0x22,
  0x11, 0x46, 0x28, 0x46, 0xD0, 0xF6, 0xAE, 0xFE, 0xB8, 0xF1, 0x00, 0x0F,
  0x20, 0xD0, 0xB7, 0xF8, 0x0E, 0x90, 0x26, 0x8D, 0x22, 0x46, 0x41, 0x46,
  0x28, 0x46, 0x2A, 0x4B, 0x98, 0x47, 0xB7, 0xF8, 0xC6, 0x30, 0x23, 0xF0,
  0x10, 0x03, 0xA7, 0xF8, 0xC6, 0x30, 0x94, 0xF8, 0x2D, 0x30, 0x2B, 0xB9,
  0xB7, 0xF8, 0xCA, 0x30, 0x23, 0xF0, 0x80, 0x03, 0xA7, 0xF8, 0xCA, 0x30,
  0x00, 0x21, 0x28, 0x46, 0xD0, 0xF6, 0xD8, 0xFE, 0xB1, 0x45, 0x25, 0xD0,
  0x28, 0x46, 0xDA, 0xF6, 0x31, 0xF9, 0x10, 0xE7, 0x23, 0x8D, 0x62, 0x8C,
  0x94, 0xF8, 0x26, 0x10, 0xA0, 0x8C, 0x02, 0x90, 0xE0, 0x89, 0x01, 0x90,
  0xA0, 0x89, 0x00, 0x90, 0x28, 0x46, 0xE7, 0xF6, 0x3D, 0xFB, 0x80, 0x46,
  0x00, 0x28, 0xCE, 0xD1, 0x04, 0x22, 0x29, 0x46, 0x20, 0x46, 0xD0, 0xF6,
  0x39, 0xFE, 0xFA, 0xE6, 0x0C, 0x4B, 0xDE, 0x6E, 0x20, 0x46, 0xD0, 0xF6,
  0x31, 0xFE, 0x01, 0x46, 0x43, 0xF6, 0x74, 0x73, 0x00, 0x22, 0x28, 0x46,
  0xB0, 0x47, 0xEE, 0xE6, 0x28, 0x46, 0xDA, 0xF6, 0xF9, 0xF8, 0x00, 0x28,
  0x3F, 0xF4, 0xE9, 0xAE, 0x00, 0x21, 0x28, 0x46, 0xDA, 0xF6, 0x8E, 0xF8,
  0xE3, 0xE6, 0x00, 0xBF, 0xE8, 0x3C, 0x20, 0x00, 0x40, 0x19, 0x20, 0x00,
  0x5C, 0x7E, 0x1E, 0x00, 0x48, 0x7E, 0x1E, 0x00, 0xAD, 0xAF, 0x0B, 0x00,
  0x34, 0x2D, 0x20, 0x00, 0x61, 0xB1, 0x0B, 0x00, 0x70, 0xB5, 0x0D, 0x46,
  0x14, 0x0A, 0x2E, 0x4B, 0x53, 0xF8, 0x24, 0x60, 0x0B, 0x2C, 0x06, 0xD8,
  0x2E, 0xB1, 0x96, 0xF8, 0xC8, 0x30, 0x03, 0xF0, 0x03, 0x03, 0x03, 0x2B,
  0x11, 0xD1, 0x95, 0xF8, 0x2D, 0x30, 0x33, 0xB1, 0x2A, 0x46, 0x16, 0x21,
  0x20, 0x46, 0x26, 0x4B, 0x98, 0x47, 0x00, 0x20, 0x70, 0xBD, 0xB6, 0xF8,
  0xCA, 0x30, 0x23, 0xF0, 0x80, 0x03, 0xA6, 0xF8, 0xCA, 0x30, 0x00, 0x20,
  0xF6, 0xE7, 0x00, 0x21, 0x20, 0x46, 0xD0, 0xF6, 0xCD, 0xFD, 0xA8, 0xBB,
  0xB6, 0xF8, 0xC6, 0x30, 0x13, 0xF0, 0x10, 0x0F, 0x03, 0xD0, 0x28, 0x46,
  0xD0, 0xF6, 0xE2, 0xFD, 0x70, 0xB3, 0x20, 0x46, 0xDA, 0xF6, 0x9E, 0xF8,
  0x90, 0xB9, 0x28, 0x46, 0xD0, 0xF6, 0xDA, 0xFD, 0x98, 0xB9, 0x2A, 0x46,
  0x00, 0x21, 0x20, 0x46, 0xD0, 0xF6, 0x74, 0xFD, 0x28, 0x46, 0xD0, 0xF6,
  0xD1, 0xFD, 0x01, 0x46, 0x00, 0x22, 0x20, 0x46, 0xFF, 0xF7, 0x74, 0xFE,
  0x01, 0x20, 0xD1, 0xE7, 0x20, 0x46, 0xD9, 0xF6, 0xF9, 0xFF, 0x02, 0x20,
  0xCC, 0xE7, 0x28, 0x46, 0xD0, 0xF6, 0xC2, 0xFD, 0x01, 0x28, 0xE6, 0xD0,
  0x09, 0x4B, 0xDE, 0x6E, 0x28, 0x46, 0xD0, 0xF6, 0xBB, 0xFD, 0x01, 0x46,
  0x43, 0xF6, 0xD4, 0x73, 0x00, 0x22, 0x20, 0x46, 0xB0, 0x47, 0xDA, 0xE7,
  0x02, 0x20, 0xB9, 0xE7, 0x02, 0x20, 0xB7, 0xE7, 0xE8, 0x3C, 0x20, 0x00,
  0x61, 0xB1, 0x0B, 0x00, 0x40, 0x19, 0x20, 0x00, 0xF0, 0xB5, 0x83, 0xB0,
  0x05, 0x46, 0x0C, 0x46, 0x00, 0x21, 0xD0, 0xF6, 0x85, 0xFD, 0x05, 0x28,
  0x03, 0xD0, 0x24, 0x24, 0x20, 0x46, 0x03, 0xB0, 0xF0, 0xBD, 0x00, 0x21,
  0x28, 0x46, 0xD0, 0xF6, 0x9D, 0xFD, 0x07, 0x46, 0x23, 0x89, 0x00, 0x93,
  0xE3, 0x88, 0x62, 0x88, 0xA1, 0x88, 0x28, 0x46, 0x1B, 0x4E, 0xB0, 0x47,
  0x28, 0xB3, 0x63, 0x88, 0x3A, 0x89, 0x93, 0x42, 0x28, 0xD3, 0x79, 0x89,
  0x8B, 0x42, 0x27, 0xD8, 0xA0, 0x88, 0x81, 0x42, 0x26, 0xD3, 0x82, 0x42,
  0x26, 0xD8, 0xE6, 0x88, 0xB8, 0x89, 0x86, 0x42, 0x01, 0xD0, 0x20, 0x24,
  0x14, 0xE0, 0x93, 0x42, 0x38, 0xBF, 0x13, 0x46, 0x3B, 0x81, 0xA3, 0x88,
  0x99, 0x42, 0x38, 0xBF, 0x19, 0x46, 0x39, 0x81, 0xFB, 0x89, 0x22, 0x89,
  0x93, 0x42, 0x38, 0xBF, 0x13, 0x46, 0xFB, 0x81, 0x00, 0x24, 0x7C, 0x84,
  0x87, 0xF8, 0x26, 0x40, 0x00, 0xE0, 0x1E, 0x24, 0x22, 0x46, 0x02, 0x21,
  0x28, 0x46, 0xFF, 0xF7, 0x0B, 0xFE, 0xC1, 0xE7, 0x20, 0x24, 0xF7, 0xE7,
  0x20, 0x24, 0xF5, 0xE7, 0x20, 0x24, 0xF3, 0xE7, 0x20, 0x24, 0xF1, 0xE7,
  0x51, 0xAF, 0x0B, 0x00, 0x70, 0xB5, 0x10, 0x4B, 0x93, 0xF8, 0xE8, 0x42,
  0x93, 0xF8, 0xEA, 0x32, 0x93, 0xB1, 0x4B, 0x88, 0xA5, 0xB2, 0xAB, 0x42,
  0x02, 0xD2, 0x8E, 0x88, 0xAE, 0x42, 0x11, 0xD3, 0xA3, 0x42, 0x38, 0xBF,
  0x23, 0x46, 0x4B, 0x80, 0x8B, 0x88, 0x07, 0x4D, 0x95, 0xF8, 0xE8, 0x52,
  0xAB, 0x42, 0x38, 0xBF, 0x2B, 0x46, 0x8B, 0x80, 0xD4, 0xF6, 0x28, 0xFB,
  0x02, 0x4B, 0x83, 0xF8, 0xE8, 0x42, 0x70, 0xBD, 0x1E, 0x20, 0xFC, 0xE7,
  0x34, 0x2D, 0x20, 0x00, 0x38, 0xB5, 0x0C, 0x46, 0x1D, 0x46, 0x28, 0x28,
  0x09, 0xD0, 0x11, 0x46, 0x3D, 0x28, 0x06, 0xD0, 0x50, 0xB1, 0x00, 0x23,
  0x02, 0x46, 0x20, 0x46, 0xD1, 0xF6, 0x00, 0xF9, 0x04, 0xE0, 0x01, 0x22,
  0x01, 0x46, 0x20, 0x46, 0xD1, 0xF6, 0x3A, 0xFB, 0x28, 0x46, 0xC3, 0xF6,
  0x1D, 0xFC, 0x20, 0x46, 0xD2, 0xF6, 0x44, 0xFF, 0x38, 0xBD, 0x00, 0x00,
  0x2D, 0xE9, 0xF0, 0x43, 0x9B, 0xB0, 0x14, 0x46, 0x15, 0x0A, 0x40, 0x4A,
  0x52, 0xF8, 0x25, 0x70, 0x7F, 0xB1, 0x80, 0x46, 0x0E, 0x46, 0x99, 0x46,
  0x3D, 0x4B, 0x5B, 0x5D, 0x01, 0x2B, 0x6D, 0xD0, 0xB7, 0xF8, 0xC6, 0x30,
  0x13, 0xF0, 0x40, 0x0F, 0x11, 0xD0, 0x00, 0x20, 0x1B, 0xB0, 0xBD, 0xE8,
  0xF0, 0x83, 0x38, 0x4B, 0xDC, 0x6E, 0x44, 0xF2, 0x55, 0x03, 0x00, 0x22,
  0x11, 0x46, 0x28, 0x46, 0xA0, 0x47, 0x33, 0x4B, 0x5B, 0x5D, 0x01, 0x2B,
  0x50, 0xD0, 0x00, 0x20, 0xEE, 0xE7, 0xB2, 0x78, 0xB1, 0x88, 0x24, 0x2A,
  0x28, 0xBF, 0x24, 0x22, 0x01, 0xF1, 0x80, 0x41, 0x01, 0xF5, 0xC2, 0x01,
  0x04, 0xA8, 0x07, 0xF7, 0x0F, 0xFE, 0x9D, 0xF8, 0x10, 0x30, 0x8D, 0xF8,
  0x34, 0x30, 0x0F, 0x2B, 0x1B, 0xD0, 0x10, 0x2B, 0x33, 0xD1, 0x34, 0x23,
  0xAD, 0xF8, 0x0E, 0x30, 0x26, 0x4B, 0x5B, 0x68, 0x00, 0x93, 0xB3, 0x78,
  0x0D, 0xF1, 0x0E, 0x02, 0x04, 0xA9, 0x0D, 0xA8, 0xF9, 0xF6, 0xAA, 0xF9,
  0x32, 0x88, 0x0D, 0xA9, 0x28, 0x46, 0xFF, 0xF7, 0x21, 0xFF, 0xB3, 0x88,
  0x9D, 0xF8, 0x34, 0x20, 0x29, 0x46, 0xFF, 0xF7, 0x91, 0xFF, 0x00, 0x20,
  0xC0, 0xE7, 0x34, 0x23, 0xAD, 0xF8, 0x0E, 0x30, 0x19, 0x4B, 0x5B, 0x68,
  0x00, 0x93, 0xB3, 0x78, 0x0D, 0xF1, 0x0E, 0x02, 0x04, 0xA9, 0x0D, 0xA8,
  0xF9, 0xF6, 0x90, 0xF9, 0x32, 0x88, 0x0D, 0xA9, 0x28, 0x46, 0xFF, 0xF7,
  0x59, 0xFF, 0xB3, 0x88, 0x9D, 0xF8, 0x34, 0x20, 0x29, 0x46, 0xFF, 0xF7,
  0x77, 0xFF, 0x00, 0x20, 0xA6, 0xE7, 0x4B, 0x46, 0x22, 0x46, 0x31, 0x46,
  0x40, 0x46, 0xD1, 0xF6, 0xA5, 0xF8, 0x9F, 0xE7, 0x00, 0x24, 0x08, 0x4B,
  0x5C, 0x55, 0x28, 0x46, 0xFE, 0xF7, 0xE0, 0xFC, 0x20, 0x46, 0x97, 0xE7,
  0x04, 0x4B, 0x00, 0x22, 0x5A, 0x55, 0x28, 0x46, 0xFE, 0xF7, 0xD8, 0xFC,
  0x8A, 0xE7, 0x00, 0xBF, 0xE8, 0x3C, 0x20, 0x00, 0x40, 0xF2, 0x20, 0x00,
  0x40, 0x19, 0x20, 0x00, 0xDC, 0x1D, 0x0F, 0x00, 0xF8, 0xB5, 0x05, 0x46,
  0x0E, 0x46, 0x14, 0x46, 0x1F, 0x46, 0x10, 0x0A, 0x08, 0x4B, 0x1B, 0x5C,
  0x01, 0x2B, 0x06, 0xD0, 0x3B, 0x46, 0x22, 0x46, 0x31, 0x46, 0x28, 0x46,
  0xD0, 0xF6, 0xE8, 0xFE, 0xF8, 0xBD, 0x03, 0x4B, 0x00, 0x22, 0x1A, 0x54,
  0xFE, 0xF7, 0xB8, 0xFC, 0xF2, 0xE7, 0x00, 0xBF, 0x40, 0xF2, 0x20, 0x00,
  0x38, 0xB5, 0x30, 0x4B, 0x9B, 0x78, 0xFF, 0x2B, 0x55, 0xD0, 0x2F, 0x48,
  0x02, 0x68, 0xDB, 0x00, 0x08, 0x21, 0x99, 0x40, 0x22, 0xEA, 0x01, 0x03,
  0x0B, 0x43, 0x03, 0x60, 0x2B, 0x4B, 0x1B, 0x68, 0x13, 0xF4, 0x80, 0x3F,
  0x11, 0xD0, 0x2A, 0x4B, 0x4F, 0xF4, 0x80, 0x32, 0x1A, 0x60, 0x4C, 0x33,
  0x1C, 0x68, 0xE4, 0xB2, 0x02, 0x2C, 0x16, 0xD0, 0x26, 0x4B, 0x18, 0x68,
  0x26, 0x4B, 0xDC, 0x6E, 0x44, 0xF2, 0x04, 0x13, 0x00, 0x22, 0x11, 0x46,
  0xA0, 0x47, 0x1E, 0x4B, 0x9B, 0x78, 0xFF, 0x2B, 0x08, 0xD0, 0x1D, 0x48,
  0x02, 0x68, 0xDB, 0x00, 0x08, 0x21, 0x01, 0xFA, 0x03, 0xF3, 0x22, 0xEA,
  0x03, 0x03, 0x03, 0x60, 0x38, 0xBD, 0x1D, 0x4B, 0x02, 0xF5, 0xF9, 0x12,
  0x02, 0xF2, 0x04, 0x62, 0x1A, 0x60, 0x1D, 0x46, 0x05, 0xE0, 0xF1, 0xF6,
  0x1B, 0xFC, 0x01, 0x3C, 0x14, 0xF0, 0xFF, 0x04, 0xE3, 0xD0, 0x2A, 0x68,
  0x92, 0xF8, 0x00, 0x01, 0x00, 0xF1, 0x80, 0x63, 0x03, 0xF5, 0xC2, 0x23,
  0x1B, 0x01, 0x1B, 0x88, 0x9B, 0xB2, 0x02, 0xEB, 0x00, 0x12, 0x12, 0x7B,
  0x00, 0x2A, 0xEC, 0xD0, 0xC3, 0xF3, 0xC2, 0x03, 0x06, 0x2B, 0xE6, 0xD0,
  0x03, 0x3B, 0xDB, 0xB2, 0x02, 0x2B, 0xE4, 0xD8, 0xF1, 0xF6, 0xA0, 0xFC,
  0xE1, 0xE7, 0x05, 0x4B, 0x1B, 0x68, 0x13, 0xF4, 0x80, 0x3F, 0xB2, 0xD1,
  0xD0, 0xE7, 0x00, 0xBF, 0x40, 0x40, 0x20, 0x00, 0x64, 0x00, 0x60, 0x40,
  0x10, 0x00, 0x60, 0x40, 0x14, 0x00, 0x60, 0x40, 0x60, 0x00, 0x60, 0x40,
  0x40, 0x19, 0x20, 0x00, 0x74, 0x7F, 0x1E, 0x00, 0x08, 0xB5, 0xFE, 0xF6,
  0xA7, 0xFE, 0xFF, 0xF7, 0x8B, 0xFF, 0x08, 0xBD, 0x10, 0xB5, 0x91, 0xF9,
  0x00, 0x40, 0x00, 0x2C, 0xDC, 0xBF, 0x01, 0x24, 0x0C, 0x70, 0xD8, 0xF6,
  0xFB, 0xFE, 0x10, 0xBD, 0x38, 0xB5, 0x05, 0x46, 0x14, 0x46, 0x9B, 0xF6,
  0xAB, 0xFD, 0x02, 0x2D, 0x00, 0xD0, 0x38, 0xBD, 0x23, 0x78, 0x23, 0xF0,
  0x0C, 0x03, 0x23, 0x70, 0x05, 0x4B, 0x1B, 0x68, 0x13, 0xF0, 0x01, 0x0F,
  0x63, 0x78, 0x14, 0xBF, 0x23, 0xF0, 0x01, 0x03, 0x43, 0xF0, 0x01, 0x03,
  0x63, 0x70, 0xEE, 0xE7, 0xDC, 0xF1, 0x20, 0x00, 0x70, 0xB5, 0x82, 0xB0,
  0x0C, 0x46, 0x14, 0x4B, 0x1B, 0x7B, 0x13, 0xF0, 0x02, 0x0F, 0x07, 0xD0,
  0x0C, 0x26, 0x31, 0x46, 0x20, 0x46, 0xFA, 0xF7, 0x5F, 0xFE, 0x00, 0x20,
  0x02, 0xB0, 0x70, 0xBD, 0x05, 0x46, 0x03, 0x20, 0x9B, 0xF6, 0xE6, 0xFC,
  0x06, 0x46, 0x08, 0xB1, 0x0C, 0x26, 0xF0, 0xE7, 0x6A, 0x46, 0x00, 0x21,
  0x02, 0x20, 0xFF, 0xF7, 0xC9, 0xFF, 0x2B, 0x78, 0x23, 0xB1, 0x9D, 0xF8,
  0x01, 0x10, 0x01, 0xF0, 0x01, 0x01, 0x00, 0xE0, 0x00, 0x21, 0x03, 0x4B,
  0x83, 0xF8, 0x2B, 0x10, 0x02, 0x48, 0x27, 0xF0, 0x15, 0xF9, 0xDC, 0xE7,
  0x5C, 0x32, 0x20, 0x00, 0x74, 0x7E, 0x1E, 0x00, 0xF8, 0xB5, 0x06, 0x46,
  0x0D, 0x46, 0x17, 0x46, 0x1C, 0x46, 0x41, 0xF6, 0x0D, 0x03, 0x9C, 0x42,
  0x44, 0xD8, 0x41, 0xF6, 0x02, 0x03, 0x9C, 0x42, 0x24, 0xD8, 0xB4, 0xF5,
  0x42, 0x6F, 0x68, 0xD0, 0x2D, 0xD8, 0xB4, 0xF5, 0x81, 0x6F, 0x44, 0xD0,
  0x40, 0xF2, 0x1A, 0x43, 0x9C, 0x42, 0x0E, 0xD1, 0x40, 0xF2, 0x1A, 0x41,
  0x28, 0x46, 0x25, 0xF0, 0xCB, 0xF8, 0x05, 0x46, 0x21, 0x46, 0x3D, 0x48,
  0x27, 0xF0, 0xEE, 0xF8, 0x21, 0x46, 0x3C, 0x48, 0xFB, 0xF6, 0x2E, 0xFE,
  0x6F, 0xE0, 0x40, 0xF2, 0x05, 0x43, 0x9C, 0x42, 0x60, 0xD1, 0x00, 0x23,
  0x0B, 0x73, 0x21, 0x46, 0x35, 0x48, 0x27, 0xF0, 0xDF, 0xF8, 0x5D, 0xE0,
  0xA4, 0xF5, 0xC0, 0x53, 0x03, 0x3B, 0x0A, 0x2B, 0x54, 0xD8, 0xDF, 0xE8,
  0x03, 0xF0, 0x38, 0x53, 0x53, 0x27, 0x53, 0x53, 0x53, 0x53, 0x31, 0x3C,
  0x47, 0x00, 0x40, 0xF6, 0x7A, 0x43, 0x9C, 0x42, 0x41, 0xD0, 0x40, 0xF6,
  0x7D, 0x43, 0x9C, 0x42, 0x44, 0xD1, 0x40, 0xF6, 0x7D, 0x41, 0x28, 0x46,
  0xFA, 0xF7, 0x12, 0xFE, 0x05, 0x46, 0xCF, 0xE7, 0x4F, 0xF6, 0x72, 0x43,
  0x9C, 0x42, 0x39, 0xD1, 0x4F, 0xF6, 0x72, 0x41, 0x28, 0x46, 0xFA, 0xF7,
  0x6D, 0xFC, 0x05, 0x46, 0xC4, 0xE7, 0x4F, 0xF4, 0x81, 0x61, 0x28, 0x46,
  0x25, 0xF0, 0x18, 0xF9, 0x05, 0x46, 0xBD, 0xE7, 0x01, 0x20, 0xFA, 0xF7,
  0xE7, 0xFD, 0x41, 0xF6, 0x06, 0x01, 0x28, 0x46, 0x25, 0xF0, 0x5A, 0xF9,
  0x05, 0x46, 0xB3, 0xE7, 0x41, 0xF6, 0x0B, 0x01, 0x28, 0x46, 0x25, 0xF0,
  0x51, 0xFA, 0x05, 0x46, 0xAC, 0xE7, 0x01, 0x20, 0xFA, 0xF7, 0xD6, 0xFD,
  0xB7, 0xE7, 0x00, 0x20, 0xFA, 0xF7, 0xD2, 0xFD, 0xB3, 0xE7, 0x00, 0x21,
  0x4F, 0xF4, 0x42, 0x60, 0xFA, 0xF7, 0xBE, 0xFD, 0x00, 0x25, 0x9D, 0xE7,
  0x02, 0xF7, 0xDE, 0xFD, 0xFD, 0xF7, 0xB8, 0xFC, 0xA7, 0xE7, 0x40, 0xF6,
  0x7A, 0x41, 0x28, 0x46, 0xFF, 0xF7, 0x46, 0xFF, 0x05, 0x46, 0x91, 0xE7,
  0x21, 0x46, 0x06, 0x48, 0x27, 0xF0, 0x80, 0xF8, 0x23, 0x46, 0x3A, 0x46,
  0x29, 0x46, 0x30, 0x46, 0x04, 0x4C, 0xA0, 0x47, 0x05, 0x46, 0x28, 0x46,
  0xF8, 0xBD, 0x00, 0xBF, 0x7C, 0x7E, 0x1E, 0x00, 0x84, 0x7E, 0x1E, 0x00,
  0x05, 0x58, 0x08, 0x00, 0x10, 0xB5, 0x05, 0x4C, 0x00, 0x23, 0x84, 0xF8,
  0x98, 0x32, 0xE1, 0xF6, 0x1D, 0xF8, 0x01, 0x23, 0x84, 0xF8, 0x98, 0x32,
  0x10, 0xBD, 0x00, 0xBF, 0x34, 0x2D, 0x20, 0x00, 0x38, 0xB5, 0x04, 0x46,
  0x05, 0x0A, 0x0D, 0x4B, 0x53, 0xF8, 0x25, 0x30, 0x93, 0xF8, 0x3C, 0x30,
  0x02, 0x2B, 0x0B, 0xD0, 0x28, 0x46, 0xB9, 0xF6, 0xF3, 0xFC, 0x50, 0xB1,
  0x08, 0x4B, 0x9B, 0x6E, 0x44, 0xF2, 0xAE, 0x12, 0x00, 0x21, 0x07, 0x48,
  0x98, 0x47, 0x38, 0xBD, 0x06, 0x4B, 0x98, 0x47, 0xF0, 0xE7, 0x18, 0x21,
  0x20, 0x46, 0xFC, 0xF6, 0x59, 0xFE, 0xF6, 0xE7, 0x00, 0x36, 0x20, 0x00,
  0x40, 0x19, 0x20, 0x00, 0xF4, 0x7A, 0x1E, 0x00, 0x59, 0x63, 0x08, 0x00,
  0x70, 0xB5, 0x82, 0xB0, 0x16, 0x0A, 0x13, 0x4C, 0x54, 0xF8, 0x26, 0x40,
  0x12, 0x4D, 0x2D, 0x78, 0x15, 0xF0, 0x20, 0x0F, 0x04, 0xD0, 0x94, 0xF8,
  0x3C, 0x50, 0x15, 0xF0, 0x20, 0x0F, 0x10, 0xD1, 0x0B, 0x7C, 0x63, 0xB1,
  0x23, 0x8B, 0xA2, 0x8B, 0x61, 0x8B, 0x01, 0x91, 0xE1, 0x8B, 0x00, 0x91,
  0x0C, 0x21, 0x30, 0x46, 0x09, 0x4C, 0xA0, 0x47, 0x00, 0x20, 0x02, 0xB0,
  0x70, 0xBD, 0x00, 0x20, 0xFB, 0xE7, 0xB4, 0xF8, 0xC6, 0x50, 0x15, 0xF0,
  0x80, 0x0F, 0xE9, 0xD0, 0xD3, 0xF6, 0xC6, 0xFA, 0xF3, 0xE7, 0x00, 0xBF,
  0xE8, 0x3C, 0x20, 0x00, 0xD4, 0x09, 0x20, 0x00, 0x11, 0xA8, 0x0B, 0x00,
  0x38, 0xB5, 0x14, 0x46, 0x12, 0x0A, 0x16, 0x4B, 0x53, 0xF8, 0x22, 0x50,
  0x20, 0x46, 0xFC, 0xF6, 0x7F, 0xFE, 0x01, 0x28, 0x07, 0xD0, 0x1F, 0xD9,
  0x16, 0x38, 0xC0, 0xB2, 0x04, 0x28, 0x34, 0xBF, 0x00, 0x20, 0x02, 0x20,
  0x38, 0xBD, 0x01, 0x23, 0x85, 0xF8, 0x44, 0x30, 0x95, 0xF8, 0x3C, 0x30,
  0x02, 0x2B, 0x0C, 0xD0, 0x95, 0xF8, 0x37, 0x10, 0x20, 0x46, 0xA0, 0xF6,
  0x97, 0xFA, 0x68, 0xB1, 0x95, 0xF8, 0x37, 0x10, 0x20, 0x46, 0xA5, 0xF6,
  0xAB, 0xF8, 0x00, 0x20, 0xEA, 0xE7, 0x20, 0x46, 0x26, 0xF0, 0x8C, 0xF8,
  0x02, 0x20, 0xE5, 0xE7, 0x00, 0x20, 0xE3, 0xE7, 0x02, 0x20, 0xE1, 0xE7,
  0x00, 0x36, 0x20, 0x00, 0x2D, 0xE9, 0xF0, 0x47, 0x05, 0x46, 0x0E, 0x46,
  0x17, 0x46, 0xBE, 0xF6, 0x35, 0xF8, 0x98, 0xB1, 0x04, 0x46, 0x90, 0xF8,
  0xCC, 0xA0, 0x90, 0xF8, 0xCD, 0x90, 0x90, 0xF8, 0xE2, 0x80, 0x3A, 0x46,
  0x31, 0x46, 0x28, 0x46, 0xB9, 0xF6, 0xB4, 0xF8, 0x84, 0xF8, 0xCC, 0xA0,
  0x84, 0xF8, 0xCD, 0x90, 0x84, 0xF8, 0xE2, 0x80, 0xBD, 0xE8, 0xF0, 0x87,
  0x3A, 0x46, 0x31, 0x46, 0x28, 0x46, 0xB9, 0xF6, 0xA7, 0xF8, 0xF7, 0xE7,
  0x08, 0xB5, 0x72, 0xB6, 0x16, 0x4A, 0x13, 0x68, 0x13, 0xF4, 0x00, 0x4F,
  0xFB, 0xD1, 0x15, 0x4B, 0xD3, 0xF8, 0x10, 0x35, 0x98, 0x47, 0x01, 0x20,
  0x13, 0x4B, 0x83, 0xF8, 0x6D, 0x00, 0xFD, 0xF6, 0x21, 0xFE, 0x62, 0xB6,
  0xBF, 0xF3, 0x4F, 0x8F, 0xBF, 0xF3, 0x6F, 0x8F, 0x0F, 0x49, 0x88, 0x69,
  0x80, 0xF3, 0x14, 0x88, 0x08, 0x68, 0x80, 0xF3, 0x08, 0x88, 0x48, 0x68,
  0x80, 0xF3, 0x09, 0x88, 0xC8, 0x68, 0x80, 0xF3, 0x10, 0x88, 0x08, 0x69,
  0x80, 0xF3, 0x13, 0x88, 0x48, 0x69, 0x80, 0xF3, 0x11, 0x88, 0xBD, 0xE8,
  0xFF, 0x9F, 0xBF, 0xF3, 0x4F, 0x8F, 0xBF, 0xF3, 0x6F, 0x8F, 0x08, 0xBD,
  0x30, 0x00, 0x60, 0x40, 0x40, 0x19, 0x20, 0x00, 0xC8, 0xAD, 0x20, 0x00,
  0x58, 0xAF, 0x20, 0x00, 0x08, 0xB5, 0xFF, 0xF7, 0xC5, 0xFF, 0x08, 0xBD,
  0x40, 0xF0, 0x00, 0x40, 0x03, 0x4B, 0xC3, 0xF8, 0x7C, 0x01, 0x41, 0xF0,
  0x00, 0x41, 0xC3, 0xF8, 0x78, 0x11, 0x70, 0x47, 0x00, 0x00, 0x50, 0x40,
  0xBF, 0xF3, 0x4F, 0x8F, 0xBF, 0xF3, 0x6F, 0x8F, 0x2D, 0xE9, 0xFF, 0x5F,
  0x2E, 0x49, 0xEF, 0xF3, 0x08, 0x80, 0x08, 0x60, 0xEF, 0xF3, 0x09, 0x80,
  0x48, 0x60, 0xEF, 0xF3, 0x10, 0x80, 0xC8, 0x60, 0xEF, 0xF3, 0x13, 0x80,
  0x08, 0x61, 0xEF, 0xF3, 0x11, 0x80, 0x48, 0x61, 0xEF, 0xF3, 0x14, 0x80,
  0x88, 0x61, 0xBF, 0xF3, 0x4F, 0x8F, 0xBF, 0xF3, 0x6F, 0x8F, 0x1D, 0x4B,
  0x93, 0xF8, 0x1B, 0x34, 0x03, 0x2B, 0x16, 0xD8, 0x1B, 0x4B, 0x1B, 0x78,
  0x13, 0xB1, 0x1A, 0x4B, 0x5B, 0x78, 0x43, 0xBB, 0xBF, 0xF3, 0x4F, 0x8F,
  0x30, 0xBF, 0xBF, 0xF3, 0x6F, 0x8F, 0x24, 0xF0, 0xBD, 0xFC, 0x00, 0x28,
  0xF6, 0xD0, 0x14, 0x4B, 0x1B, 0x78, 0x13, 0xB1, 0x12, 0x4B, 0x5B, 0x78,
  0xE3, 0xB9, 0xBD, 0xE8, 0xFF, 0x9F, 0x06, 0xF7, 0xF3, 0xFB, 0x10, 0x4B,
  0x1B, 0x68, 0x10, 0x49, 0x10, 0x4A, 0x42, 0xF0, 0x00, 0x42, 0xC1, 0xF8,
  0x7C, 0x21, 0x43, 0xF0, 0x00, 0x43, 0xC1, 0xF8, 0x78, 0x31, 0x0D, 0x4A,
  0xD3, 0x6D, 0x23, 0xF0, 0x03, 0x03, 0x43, 0xF0, 0x00, 0x43, 0x43, 0xF0,
  0x02, 0x03, 0xD3, 0x65, 0xD0, 0xE7, 0x06, 0xF7, 0x51, 0xFB, 0xD3, 0xE7,
  0x06, 0xF7, 0x56, 0xFB, 0xDF, 0xE7, 0x00, 0xBF, 0xA8, 0xA9, 0x20, 0x00,
  0x00, 0x15, 0x20, 0x00, 0x58, 0xAF, 0x20, 0x00, 0x00, 0x00, 0x50, 0x40,
  0x09, 0x7A, 0x1E, 0x00, 0x00, 0x60, 0x50, 0x40, 0x58, 0xAF, 0x20, 0x00,
  0x30, 0x00, 0x00, 0x00, 0x47, 0x45, 0x54, 0x46, 0x28, 0x64, 0x61, 0x74,
  0x61, 0x5F, 0x6D, 0x73, 0x67, 0x2D, 0x3E, 0x63, 0x6F, 0x6E, 0x68, 0x64,
  0x6C, 0x5F, 0x70, 0x62, 0x66, 0x5F, 0x74, 0x73, 0x66, 0x2C, 0x20, 0x48,
  0x43, 0x49, 0x5F, 0x49, 0x53, 0x4F, 0x5F, 0x48, 0x44, 0x52, 0x5F, 0x48,
  0x44, 0x4C, 0x29, 0x20, 0x3E, 0x3D, 0x20, 0x42, 0x4C, 0x45, 0x5F, 0x43,
  0x49, 0x53, 0x48, 0x44, 0x4C, 0x5F, 0x4D, 0x49, 0x4E, 0x00, 0x00, 0x00,
  0x61, 0x64, 0x64, 0x72, 0x20, 0x61, 0x6C, 0x6C, 0x20, 0x66, 0x66, 0x0A,
  0x00, 0x00, 0x00, 0x00, 0x18, 0x88, 0xAC, 0x22, 0x3B, 0x0B, 0x00, 0x00,
  0x69, 0x6E, 0x69, 0x74, 0x3A, 0x25, 0x78, 0x2C, 0x25, 0x78, 0x2C, 0x25,
  0x78, 0x2C, 0x25, 0x78, 0x2C, 0x25, 0x78, 0x2C, 0x25, 0x78, 0x2C, 0x25,
  0x78, 0x2C, 0x25, 0x78, 0x0A, 0x00, 0x00, 0x00, 0x76, 0x65, 0x72, 0x3A,
  0x25, 0x73, 0x0A, 0x00, 0x68, 0x63, 0x69, 0x5F, 0x74, 0x6C, 0x5F, 0x65,
  0x6E, 0x76, 0x2D, 0x3E, 0x6E, 0x62, 0x5F, 0x68, 0x32, 0x63, 0x5F, 0x63,
  0x6D, 0x64, 0x5F, 0x70, 0x6B, 0x74, 0x73, 0x20, 0x3E, 0x3D, 0x20, 0x30,
  0x00, 0x00, 0x00, 0x00, 0x68, 0x63, 0x69, 0x5F, 0x74, 0x6C, 0x5F, 0x65,
  0x6E, 0x76, 0x2D, 0x3E, 0x6E, 0x62, 0x5F, 0x68, 0x32, 0x63, 0x5F, 0x63,
  0x6D, 0x64, 0x5F, 0x70, 0x6B, 0x74, 0x73, 0x20, 0x3C, 0x3D, 0x20, 0x48,
  0x43, 0x49, 0x5F, 0x4E, 0x42, 0x5F, 0x43, 0x4D, 0x44, 0x5F, 0x50, 0x4B,
  0x54, 0x53, 0x00, 0x00, 0x77, 0x66, 0x70, 0x77, 0x3A, 0x25, 0x78, 0x0A,
  0x00, 0x00, 0x00, 0x00, 0x68, 0x73, 0x5F, 0x63, 0x6E, 0x74, 0x20, 0x3C,
  0x20, 0x28, 0x30, 0x78, 0x46, 0x46, 0x46, 0x46, 0x46, 0x46, 0x46, 0x46,
  0x20, 0x3E, 0x3E, 0x20, 0x31, 0x30, 0x29, 0x00, 0x05, 0x13, 0x14, 0x15,
  0x1A, 0x29, 0x00, 0x00, 0x6C, 0x63, 0x5F, 0x73, 0x63, 0x6F, 0x5F, 0x65,
  0x6E, 0x76, 0x5B, 0x73, 0x79, 0x6E, 0x63, 0x5F, 0x6C, 0x69, 0x6E, 0x6B,
  0x69, 0x64, 0x5D, 0x2E, 0x70, 0x5F, 0x6E, 0x65, 0x67, 0x6F, 0x5F, 0x70,
  0x61, 0x72, 0x61, 0x6D, 0x73, 0x20, 0x3D, 0x3D, 0x20, 0x4E, 0x55, 0x4C,
  0x4C, 0x00, 0x00, 0x00, 0x6F, 0x70, 0x63, 0x70, 0x3A, 0x25, 0x78, 0x0A,
  0x00, 0x00, 0x00, 0x00, 0x70, 0x63, 0x6D, 0x5F, 0x73, 0x65, 0x74, 0x74,
  0x69, 0x6E, 0x67, 0x73, 0x3A, 0x25, 0x78, 0x2C, 0x25, 0x78, 0x2C, 0x25,
  0x78, 0x2C, 0x25, 0x78, 0x0A, 0x00, 0x00, 0x00, 0x62, 0x74, 0x5F, 0x72,
  0x73, 0x73, 0x69, 0x5F, 0x63, 0x6E, 0x74, 0x00, 0x62, 0x6C, 0x65, 0x5F,
  0x72, 0x73, 0x73, 0x69, 0x5F, 0x63, 0x6E, 0x74, 0x00, 0x00, 0x00, 0x00,
  0x73, 0x63, 0x68, 0x5F, 0x70, 0x72, 0x6F, 0x67, 0x5F, 0x65, 0x6E, 0x76,
  0x5F, 0x70, 0x2D, 0x3E, 0x6E, 0x62, 0x5F, 0x70, 0x72, 0x6F, 0x67, 0x20,
  0x3E, 0x20, 0x30, 0x00, 0x28, 0x65, 0x74, 0x5F, 0x73, 0x74, 0x61, 0x74,
  0x75, 0x73, 0x20, 0x3D, 0x3D, 0x20, 0x45, 0x4D, 0x5F, 0x45, 0x54, 0x5F,
  0x53, 0x54, 0x41, 0x54, 0x55, 0x53, 0x5F, 0x54, 0x45, 0x52, 0x4D, 0x5F,
  0x4E, 0x4F, 0x52, 0x4D, 0x41, 0x4C, 0x29, 0x7C, 0x7C, 0x20, 0x28, 0x65,
  0x74, 0x5F, 0x73, 0x74, 0x61, 0x74, 0x75, 0x73, 0x20, 0x3D, 0x3D, 0x20,
  0x45, 0x4D, 0x5F, 0x45, 0x54, 0x5F, 0x53, 0x54, 0x41, 0x54, 0x55, 0x53,
  0x5F, 0x54, 0x45, 0x52, 0x4D, 0x5F, 0x41, 0x42, 0x4F, 0x52, 0x54, 0x5F,
  0x49, 0x4E, 0x5F, 0x50, 0x52, 0x49, 0x4F, 0x5F, 0x42, 0x57, 0x29, 0x7C,
  0x7C, 0x20, 0x28, 0x65, 0x74, 0x5F, 0x73, 0x74, 0x61, 0x74, 0x75, 0x73,
  0x20, 0x3D, 0x3D, 0x20, 0x45, 0x4D, 0x5F, 0x45, 0x54, 0x5F, 0x53, 0x54,
  0x41, 0x54, 0x55, 0x53, 0x5F, 0x54, 0x45, 0x52, 0x4D, 0x5F, 0x41, 0x42,
  0x4F, 0x52, 0x54, 0x29, 0x00, 0x00, 0x00, 0x00, 0x73, 0x63, 0x68, 0x5F,
  0x70, 0x72, 0x6F, 0x67, 0x5F, 0x65, 0x6E, 0x76, 0x5F, 0x70, 0x2D, 0x3E,
  0x74, 0x61, 0x62, 0x5B, 0x65, 0x74, 0x5F, 0x69, 0x64, 0x78, 0x5D, 0x2E,
  0x76, 0x61, 0x6C, 0x69, 0x64, 0x00, 0x00, 0x00, 0x6C, 0x6D, 0x74, 0x3A,
  0x25, 0x78, 0x2C, 0x25, 0x78, 0x0A, 0x00, 0x00, 0x61, 0x70, 0x63, 0x66,
  0x3A, 0x25, 0x78, 0x2C, 0x25, 0x78, 0x2C, 0x25, 0x78, 0x2C, 0x25, 0x78,
  0x2C, 0x25, 0x78, 0x0A, 0x00, 0x00, 0x00, 0x00, 0x6C, 0x6D, 0x72, 0x3A,
  0x25, 0x78, 0x2C, 0x25, 0x78, 0x0A, 0x00, 0x00, 0x4E, 0x55, 0x4C, 0x4C,
  0x20, 0x21, 0x3D, 0x20, 0x6C, 0x6C, 0x6D, 0x5F, 0x65, 0x6E, 0x76, 0x2E,
  0x61, 0x63, 0x74, 0x5F, 0x69, 0x6E, 0x66, 0x6F, 0x5B, 0x61, 0x63, 0x74,
  0x5F, 0x69, 0x64, 0x5D, 0x2E, 0x68, 0x6F, 0x73, 0x74, 0x5F, 0x70, 0x61,
  0x72, 0x61, 0x6D, 0x73, 0x00, 0x00, 0x00, 0x00, 0x6F, 0x70, 0x6C, 0x6C,
  0x6D, 0x3A, 0x25, 0x78, 0x0A, 0x00, 0x00, 0x00, 0x6F, 0x70, 0x63, 0x3A,
  0x25, 0x78, 0x0A, 0x00, 0x28, 0x65, 0x78, 0x74, 0x5F, 0x70, 0x61, 0x72,
  0x61, 0x6D, 0x2D, 0x3E, 0x61, 0x64, 0x76, 0x5F, 0x65, 0x76, 0x74, 0x5F,
  0x70, 0x72, 0x6F, 0x70, 0x65, 0x72, 0x74, 0x69, 0x65, 0x73, 0x20, 0x26,
  0x20, 0x28, 0x41, 0x44, 0x56, 0x5F, 0x44, 0x49, 0x52, 0x45, 0x43, 0x54,
  0x20, 0x7C, 0x20, 0x41, 0x44, 0x56, 0x5F, 0x44, 0x49, 0x52, 0x45, 0x43,
  0x54, 0x5F, 0x48, 0x49, 0x29, 0x29, 0x20, 0x3D, 0x3D, 0x20, 0x30, 0x00,
  0x61, 0x70, 0x63, 0x66, 0x5F, 0x6D, 0x5F, 0x64, 0x61, 0x74, 0x61, 0x2E,
  0x6D, 0x61, 0x6E, 0x75, 0x5F, 0x64, 0x61, 0x74, 0x61, 0x20, 0x21, 0x3D,
  0x20, 0x4E, 0x55, 0x4C, 0x4C, 0x00, 0x00, 0x00, 0x28, 0x70, 0x61, 0x72,
  0x61, 0x6D, 0x2D, 0x3E, 0x63, 0x68, 0x61, 0x69, 0x6E, 0x20, 0x3D, 0x3D,
  0x20, 0x31, 0x29, 0x20, 0x7C, 0x7C, 0x20, 0x28, 0x70, 0x61, 0x72, 0x61,
  0x6D, 0x2D, 0x3E, 0x63, 0x68, 0x61, 0x69, 0x6E, 0x20, 0x3D, 0x3D, 0x20,
  0x32, 0x29, 0x00, 0x00, 0x66, 0x6F, 0x75, 0x6E, 0x64, 0x0A, 0x00, 0x00,
  0x70, 0x6C, 0x61, 0x6E, 0x5F, 0x65, 0x6C, 0x74, 0x20, 0x21, 0x3D, 0x20,
  0x4E, 0x55, 0x4C, 0x4C, 0x00, 0x00, 0x00, 0x00, 0x70, 0x6C, 0x61, 0x6E,
  0x5F, 0x65, 0x6C, 0x74, 0x2D, 0x3E, 0x69, 0x6E, 0x74, 0x65, 0x72, 0x76,
  0x61, 0x6C, 0x20, 0x21, 0x3D, 0x20, 0x30, 0x00, 0x73, 0x65, 0x63, 0x3A,
  0x25, 0x78, 0x0A, 0x00, 0x6F, 0x70, 0x6D, 0x3A, 0x25, 0x78, 0x0A, 0x00,
  0x6F, 0x70, 0x6D, 0x70, 0x3A, 0x25, 0x78, 0x0A, 0x00, 0x00, 0x00, 0x00,
  0x00, 0x10, 0x01, 0x50, 0x01, 0x01, 0x01, 0x01, 0x01, 0x01, 0x01, 0x00,
  0x40, 0x19, 0x20, 0x00, 0x00, 0x00, 0x1E, 0x00, 0x0A, 0x01, 0x0A, 0x00,
  0xF2, 0x2B, 0x00, 0x00, 0x03, 0x00, 0x00, 0x00, 0xD0, 0x28, 0x20, 0x00,
  0xC6, 0xE8, 0xF8, 0x57, 0xD6, 0x6F, 0xBC, 0x22, 0xE8, 0x3F, 0x55, 0x1E,
  0x41, 0xC8, 0xA1, 0x3A, 0x3E, 0x45, 0xBC, 0x3E, 0xEC, 0xDF, 0xF2, 0x18,
  0xB7, 0x18, 0xD1, 0xB2, 0x29, 0x42, 0xD1, 0x75, 0x0D, 0x16, 0x5B, 0x94,
  0x2E, 0xF7, 0xF5, 0x87, 0xB1, 0x40, 0xE3, 0x97, 0x3F, 0x35, 0x0F, 0xD0,
  0x85, 0xA0, 0x52, 0x0C, 0x4E, 0x73, 0x7B, 0x4E, 0x07, 0xC8, 0xEA, 0x3B,
  0x5A, 0x32, 0x72, 0x47, 0x49, 0x53, 0xAC, 0x09, 0x22, 0x33, 0xEE, 0x4D,
  0x50, 0x00, 0x00, 0x00, 0x00, 0x00, 0x00, 0x00, 0x00, 0x00, 0x00, 0x00,
  0x00, 0x00, 0x00, 0x00, 0x00, 0x00, 0x00, 0x00, 0x00, 0x00, 0x00, 0x00,
  0x00, 0x00, 0x00, 0x00, 0x00, 0x00, 0x00, 0x00, 0x00, 0x00, 0x00, 0x00,
  0x00, 0x00, 0x00, 0x00, 0x00, 0x00, 0x00, 0x00, 0x00, 0x00, 0x00, 0x00,
  0x00, 0x00, 0x00, 0x00, 0x00, 0x00, 0x00, 0x00, 0x00, 0x00, 0x00, 0x00,
  0x00, 0x00, 0x00, 0x00, 0x00, 0x00, 0x00, 0x00, 0x00, 0x00, 0x00, 0x00,
  0x00, 0x00, 0x00, 0x00, 0x00, 0x00, 0x00, 0x00, 0x00, 0x00, 0x00, 0x00,
  0x00, 0x00, 0x00, 0x00, 0x00, 0x00, 0x00, 0x00, 0x00, 0x00, 0x00, 0x00,
  0x00, 0x00, 0x00, 0x00, 0x00, 0x00, 0x00, 0x00, 0x00, 0x00, 0x00, 0x00,
  0x00, 0x00, 0x00, 0x00, 0x00, 0x00, 0x00, 0x00, 0x00, 0x00, 0x00, 0x00,
  0x00, 0x00, 0x00, 0x00, 0x00, 0x00, 0x00, 0x00, 0x2D, 0x20, 0x41, 0x75,
  0x67, 0x20, 0x30, 0x31, 0x20, 0x32, 0x30, 0x32, 0x35, 0x20, 0x31, 0x31,
  0x3A, 0x30, 0x35, 0x3A, 0x32, 0x36, 0x20, 0x2D, 0x20, 0x67, 0x69, 0x74,
  0x20, 0x61, 0x32, 0x36, 0x66, 0x30, 0x37, 0x31, 0x00, 0x00, 0x00, 0x00,
  0x00, 0x00, 0x00, 0x00, 0x00, 0x00, 0x00, 0x00, 0x00, 0x00, 0x00, 0x00,
  0x00, 0x00, 0x00, 0x00, 0x00, 0x00, 0x00, 0x00, 0x00, 0x00, 0x00, 0x00
};
